forecast_line_id,forecast_date,outlet_id,outlet_name,outlet_type,sku_id,sku_name,sku_category,daypart,predicted_p10_rounded,predicted_p50_rounded,predicted_p90_rounded,recommended_prep_qty,decision_posture,recommended_expected_cost,recommended_expected_waste_units,recommended_expected_stockout_units,cost_saving_vs_p50_prep,cost_saving_vs_p90_prep,weather_condition,rain_mm,temperature,reason_tags_text,decision_explanation,model_version,selected_model_name
fcst_001,2022-10-01,bangsar_street,Bangsar Street,street_cafe,blueberry_muffin,Blueberry Muffin,Dessert,evening,2,2,6,6,high_service_p90_prep,9.0,3.0,0.0,0.0,0.0,light_rain,3.4,28.2,"weekend_pattern,recent_stockout_pressure","For Blueberry Muffin at Bangsar Street during evening, forecast demand range is 2–6 units with median 2. Recommended prep is 6 units. Expected waste is about 3.0 units and expected stockout is about 0.0 units. The optimizer recommends preparing above the median forecast because the expected stockout cost is higher than the expected waste cost.",lightgbm_p50_v1,tweedie_count
fcst_002,2022-10-01,bangsar_street,Bangsar Street,street_cafe,blueberry_muffin,Blueberry Muffin,Dessert,midday,0,3,5,6,high_service_p90_prep,9.75,3.25,0.0,0.0,0.0,light_rain,3.4,28.2,"weekend_pattern,recent_stockout_pressure","For Blueberry Muffin at Bangsar Street during midday, forecast demand range is 0–5 units with median 3. Recommended prep is 6 units. Expected waste is about 3.2 units and expected stockout is about 0.0 units. The optimizer recommends preparing above the median forecast because the expected stockout cost is higher than the expected waste cost.",lightgbm_p50_v1,tweedie_count
fcst_003,2022-10-01,bangsar_street,Bangsar Street,street_cafe,blueberry_muffin,Blueberry Muffin,Dessert,morning,0,2,5,6,high_service_p90_prep,11.25,3.75,0.0,0.0,0.0,light_rain,3.4,28.2,"weekend_pattern,recent_stockout_pressure","For Blueberry Muffin at Bangsar Street during morning, forecast demand range is 0–5 units with median 2. Recommended prep is 6 units. Expected waste is about 3.8 units and expected stockout is about 0.0 units. The optimizer recommends preparing above the median forecast because the expected stockout cost is higher than the expected waste cost.",lightgbm_p50_v1,tweedie_count
fcst_004,2022-10-01,bangsar_street,Bangsar Street,street_cafe,brioche,Brioche,Pastry,evening,0,0,0,0,conservative_low_prep,0.0,0.0,0.0,0.0,0.0,light_rain,3.4,28.2,weekend_pattern,"For Brioche at Bangsar Street during evening, forecast demand range is 0–0 units with median 0. Recommended prep is 0 units. Expected waste is about 0.0 units and expected stockout is about 0.0 units. The optimizer recommends preparing below the median forecast because the expected waste risk is more expensive than the expected missed-sales risk.",lightgbm_p50_v1,tweedie_count
fcst_005,2022-10-01,bangsar_street,Bangsar Street,street_cafe,brioche,Brioche,Pastry,midday,0,0,0,0,conservative_low_prep,0.0,0.0,0.0,0.0,0.0,light_rain,3.4,28.2,weekend_pattern,"For Brioche at Bangsar Street during midday, forecast demand range is 0–0 units with median 0. Recommended prep is 0 units. Expected waste is about 0.0 units and expected stockout is about 0.0 units. The optimizer recommends preparing below the median forecast because the expected waste risk is more expensive than the expected missed-sales risk.",lightgbm_p50_v1,tweedie_count
fcst_006,2022-10-01,bangsar_street,Bangsar Street,street_cafe,brioche,Brioche,Pastry,morning,0,0,1,0,conservative_low_prep,1.0499999999999998,0.0,0.25,0.0,15.05,light_rain,3.4,28.2,"weekend_pattern,recent_stockout_pressure","For Brioche at Bangsar Street during morning, forecast demand range is 0–1 units with median 0. Recommended prep is 0 units. Expected waste is about 0.0 units and expected stockout is about 0.2 units. The optimizer recommends preparing below the median forecast because the expected waste risk is more expensive than the expected missed-sales risk.",lightgbm_p50_v1,tweedie_count
fcst_007,2022-10-01,bangsar_street,Bangsar Street,street_cafe,brownie,Brownie,Dessert,evening,0,0,0,0,conservative_low_prep,0.0,0.0,0.0,0.0,0.0,light_rain,3.4,28.2,weekend_pattern,"For Brownie at Bangsar Street during evening, forecast demand range is 0–0 units with median 0. Recommended prep is 0 units. Expected waste is about 0.0 units and expected stockout is about 0.0 units. The optimizer recommends preparing below the median forecast because the expected waste risk is more expensive than the expected missed-sales risk.",lightgbm_p50_v1,tweedie_count
fcst_008,2022-10-01,bangsar_street,Bangsar Street,street_cafe,brownie,Brownie,Dessert,midday,0,0,0,0,conservative_low_prep,0.0,0.0,0.0,0.0,0.0,light_rain,3.4,28.2,weekend_pattern,"For Brownie at Bangsar Street during midday, forecast demand range is 0–0 units with median 0. Recommended prep is 0 units. Expected waste is about 0.0 units and expected stockout is about 0.0 units. The optimizer recommends preparing below the median forecast because the expected waste risk is more expensive than the expected missed-sales risk.",lightgbm_p50_v1,tweedie_count
fcst_009,2022-10-01,bangsar_street,Bangsar Street,street_cafe,brownie,Brownie,Dessert,morning,0,0,0,0,conservative_low_prep,0.0,0.0,0.0,0.0,0.0,light_rain,3.4,28.2,weekend_pattern,"For Brownie at Bangsar Street during morning, forecast demand range is 0–0 units with median 0. Recommended prep is 0 units. Expected waste is about 0.0 units and expected stockout is about 0.0 units. The optimizer recommends preparing below the median forecast because the expected waste risk is more expensive than the expected missed-sales risk.",lightgbm_p50_v1,tweedie_count
fcst_010,2022-10-01,bangsar_street,Bangsar Street,street_cafe,butter_croissant,Butter Croissant,Pastry,evening,5,9,21,10,above_p50_service_protection,19.974999999999998,1.75,2.75,0.0,27.625000000000004,light_rain,3.4,28.2,"weekend_pattern,recent_stockout_pressure,recent_waste_pressure,high_uncertainty","For Butter Croissant at Bangsar Street during evening, forecast demand range is 5–21 units with median 9. Recommended prep is 10 units. Expected waste is about 1.8 units and expected stockout is about 2.8 units. The optimizer recommends preparing above the median forecast because the expected stockout cost is higher than the expected waste cost.",lightgbm_p50_v1,tweedie_count
fcst_011,2022-10-01,bangsar_street,Bangsar Street,street_cafe,butter_croissant,Butter Croissant,Pastry,midday,2,6,13,10,above_p50_service_protection,17.425,4.0,0.75,0.0,10.625,light_rain,3.4,28.2,"weekend_pattern,recent_waste_pressure,high_uncertainty","For Butter Croissant at Bangsar Street during midday, forecast demand range is 2–13 units with median 6. Recommended prep is 10 units. Expected waste is about 4.0 units and expected stockout is about 0.8 units. The optimizer recommends preparing above the median forecast because the expected stockout cost is higher than the expected waste cost.",lightgbm_p50_v1,tweedie_count
fcst_012,2022-10-01,bangsar_street,Bangsar Street,street_cafe,butter_croissant,Butter Croissant,Pastry,morning,7,30,41,30,near_p50_balanced,33.575,5.75,2.75,0.0,27.625000000000007,light_rain,3.4,28.2,"weekend_pattern,recent_waste_pressure,high_uncertainty","For Butter Croissant at Bangsar Street during morning, forecast demand range is 7–41 units with median 30. Recommended prep is 30 units. Expected waste is about 5.8 units and expected stockout is about 2.8 units. The optimizer recommends staying close to the median forecast because the waste and stockout tradeoff is balanced.",lightgbm_p50_v1,tweedie_count
fcst_013,2022-10-01,bangsar_street,Bangsar Street,street_cafe,cake_slice,Cake Slice,Dessert,evening,3,5,15,4,below_p50_cost_control,21.525,0.25,3.25,1.0500000000000043,16.275,light_rain,3.4,28.2,"weekend_pattern,recent_stockout_pressure,recent_waste_pressure,high_uncertainty","For Cake Slice at Bangsar Street during evening, forecast demand range is 3–15 units with median 5. Recommended prep is 4 units. Expected waste is about 0.2 units and expected stockout is about 3.2 units. The optimizer recommends preparing below the median forecast because the expected waste risk is more expensive than the expected missed-sales risk.",lightgbm_p50_v1,tweedie_count
fcst_014,2022-10-01,bangsar_street,Bangsar Street,street_cafe,cake_slice,Cake Slice,Dessert,midday,2,9,15,8,below_p50_cost_control,20.475,1.5,2.25,1.0499999999999972,9.975000000000001,light_rain,3.4,28.2,"weekend_pattern,recent_stockout_pressure,high_uncertainty","For Cake Slice at Bangsar Street during midday, forecast demand range is 2–15 units with median 9. Recommended prep is 8 units. Expected waste is about 1.5 units and expected stockout is about 2.2 units. The optimizer recommends preparing below the median forecast because the expected waste risk is more expensive than the expected missed-sales risk.",lightgbm_p50_v1,tweedie_count
fcst_015,2022-10-01,bangsar_street,Bangsar Street,street_cafe,cake_slice,Cake Slice,Dessert,morning,1,6,13,8,above_p50_service_protection,19.425,2.75,1.25,0.0,20.474999999999998,light_rain,3.4,28.2,"weekend_pattern,recent_waste_pressure,high_uncertainty","For Cake Slice at Bangsar Street during morning, forecast demand range is 1–13 units with median 6. Recommended prep is 8 units. Expected waste is about 2.8 units and expected stockout is about 1.2 units. The optimizer recommends preparing above the median forecast because the expected stockout cost is higher than the expected waste cost.",lightgbm_p50_v1,tweedie_count
fcst_016,2022-10-01,bangsar_street,Bangsar Street,street_cafe,chocolate_cookie,Chocolate Cookie,Dessert,evening,0,0,2,0,conservative_low_prep,1.5,0.0,0.5,0.0,21.5,light_rain,3.4,28.2,"weekend_pattern,recent_stockout_pressure","For Chocolate Cookie at Bangsar Street during evening, forecast demand range is 0–2 units with median 0. Recommended prep is 0 units. Expected waste is about 0.0 units and expected stockout is about 0.5 units. The optimizer recommends preparing below the median forecast because the expected waste risk is more expensive than the expected missed-sales risk.",lightgbm_p50_v1,tweedie_count
fcst_017,2022-10-01,bangsar_street,Bangsar Street,street_cafe,chocolate_cookie,Chocolate Cookie,Dessert,midday,0,0,0,0,conservative_low_prep,0.0,0.0,0.0,0.0,0.0,light_rain,3.4,28.2,weekend_pattern,"For Chocolate Cookie at Bangsar Street during midday, forecast demand range is 0–0 units with median 0. Recommended prep is 0 units. Expected waste is about 0.0 units and expected stockout is about 0.0 units. The optimizer recommends preparing below the median forecast because the expected waste risk is more expensive than the expected missed-sales risk.",lightgbm_p50_v1,tweedie_count
fcst_018,2022-10-01,bangsar_street,Bangsar Street,street_cafe,chocolate_cookie,Chocolate Cookie,Dessert,morning,0,0,1,0,conservative_low_prep,0.75,0.0,0.25,0.0,22.75,light_rain,3.4,28.2,"weekend_pattern,recent_stockout_pressure","For Chocolate Cookie at Bangsar Street during morning, forecast demand range is 0–1 units with median 0. Recommended prep is 0 units. Expected waste is about 0.0 units and expected stockout is about 0.2 units. The optimizer recommends preparing below the median forecast because the expected waste risk is more expensive than the expected missed-sales risk.",lightgbm_p50_v1,tweedie_count
fcst_019,2022-10-01,bangsar_street,Bangsar Street,street_cafe,coffee_bun_sweet_bun,Coffee Bun / Sweet Bun,Pastry,evening,0,2,8,6,above_p50_service_protection,11.05,3.5,0.5,0.0,12.350000000000001,light_rain,3.4,28.2,"weekend_pattern,recent_waste_pressure","For Coffee Bun / Sweet Bun at Bangsar Street during evening, forecast demand range is 0–8 units with median 2. Recommended prep is 6 units. Expected waste is about 3.5 units and expected stockout is about 0.5 units. The optimizer recommends preparing above the median forecast because the expected stockout cost is higher than the expected waste cost.",lightgbm_p50_v1,tweedie_count
fcst_020,2022-10-01,bangsar_street,Bangsar Street,street_cafe,coffee_bun_sweet_bun,Coffee Bun / Sweet Bun,Pastry,midday,0,5,8,6,above_p50_service_protection,7.15,2.0,0.5,0.0,12.35,light_rain,3.4,28.2,"weekend_pattern,recent_waste_pressure,high_uncertainty","For Coffee Bun / Sweet Bun at Bangsar Street during midday, forecast demand range is 0–8 units with median 5. Recommended prep is 6 units. Expected waste is about 2.0 units and expected stockout is about 0.5 units. The optimizer recommends preparing above the median forecast because the expected stockout cost is higher than the expected waste cost.",lightgbm_p50_v1,tweedie_count
fcst_021,2022-10-01,bangsar_street,Bangsar Street,street_cafe,coffee_bun_sweet_bun,Coffee Bun / Sweet Bun,Pastry,morning,0,4,7,6,above_p50_service_protection,7.475,2.5,0.25,0.0,13.975000000000003,light_rain,3.4,28.2,"weekend_pattern,recent_waste_pressure","For Coffee Bun / Sweet Bun at Bangsar Street during morning, forecast demand range is 0–7 units with median 4. Recommended prep is 6 units. Expected waste is about 2.5 units and expected stockout is about 0.2 units. The optimizer recommends preparing above the median forecast because the expected stockout cost is higher than the expected waste cost.",lightgbm_p50_v1,tweedie_count
fcst_022,2022-10-01,bangsar_street,Bangsar Street,street_cafe,country_sourdough,Country Sourdough,Bread,evening,8,13,30,15,above_p50_service_protection,40.2,2.75,3.75,0.0,27.000000000000014,light_rain,3.4,28.2,"weekend_pattern,recent_waste_pressure,high_uncertainty","For Country Sourdough at Bangsar Street during evening, forecast demand range is 8–30 units with median 13. Recommended prep is 15 units. Expected waste is about 2.8 units and expected stockout is about 3.8 units. The optimizer recommends preparing above the median forecast because the expected stockout cost is higher than the expected waste cost.",lightgbm_p50_v1,tweedie_count
fcst_023,2022-10-01,bangsar_street,Bangsar Street,street_cafe,country_sourdough,Country Sourdough,Bread,midday,9,17,26,20,above_p50_service_protection,31.200000000000003,4.25,1.5,0.0,30.0,light_rain,3.4,28.2,"weekend_pattern,recent_stockout_pressure,recent_waste_pressure,high_uncertainty","For Country Sourdough at Bangsar Street during midday, forecast demand range is 9–26 units with median 17. Recommended prep is 20 units. Expected waste is about 4.2 units and expected stockout is about 1.5 units. The optimizer recommends preparing above the median forecast because the expected stockout cost is higher than the expected waste cost.",lightgbm_p50_v1,tweedie_count
fcst_024,2022-10-01,bangsar_street,Bangsar Street,street_cafe,country_sourdough,Country Sourdough,Bread,morning,9,15,24,15,near_p50_balanced,23.4,1.5,2.25,0.0,21.000000000000007,light_rain,3.4,28.2,"weekend_pattern,recent_waste_pressure,high_uncertainty","For Country Sourdough at Bangsar Street during morning, forecast demand range is 9–24 units with median 15. Recommended prep is 15 units. Expected waste is about 1.5 units and expected stockout is about 2.2 units. The optimizer recommends staying close to the median forecast because the waste and stockout tradeoff is balanced.",lightgbm_p50_v1,tweedie_count
fcst_025,2022-10-01,bangsar_street,Bangsar Street,street_cafe,fruit_tart,Fruit Tart,Dessert,evening,1,2,9,4,above_p50_service_protection,13.774999999999999,1.75,1.25,0.0,18.525000000000006,light_rain,3.4,28.2,"weekend_pattern,recent_stockout_pressure,recent_waste_pressure","For Fruit Tart at Bangsar Street during evening, forecast demand range is 1–9 units with median 2. Recommended prep is 4 units. Expected waste is about 1.8 units and expected stockout is about 1.2 units. The optimizer recommends preparing above the median forecast because the expected stockout cost is higher than the expected waste cost.",lightgbm_p50_v1,tweedie_count
fcst_026,2022-10-01,bangsar_street,Bangsar Street,street_cafe,fruit_tart,Fruit Tart,Dessert,midday,0,5,9,4,below_p50_cost_control,13.774999999999999,1.0,1.75,0.9500000000000028,13.775000000000006,light_rain,3.4,28.2,"weekend_pattern,recent_waste_pressure,high_uncertainty","For Fruit Tart at Bangsar Street during midday, forecast demand range is 0–9 units with median 5. Recommended prep is 4 units. Expected waste is about 1.0 units and expected stockout is about 1.8 units. The optimizer recommends preparing below the median forecast because the expected waste risk is more expensive than the expected missed-sales risk.",lightgbm_p50_v1,tweedie_count
fcst_027,2022-10-01,bangsar_street,Bangsar Street,street_cafe,fruit_tart,Fruit Tart,Dessert,morning,1,2,5,4,above_p50_service_protection,8.075,1.75,0.25,0.0,12.825000000000003,light_rain,3.4,28.2,"weekend_pattern,recent_waste_pressure","For Fruit Tart at Bangsar Street during morning, forecast demand range is 1–5 units with median 2. Recommended prep is 4 units. Expected waste is about 1.8 units and expected stockout is about 0.2 units. The optimizer recommends preparing above the median forecast because the expected stockout cost is higher than the expected waste cost.",lightgbm_p50_v1,tweedie_count
fcst_028,2022-10-01,bangsar_street,Bangsar Street,street_cafe,ham_cheese_sandwich,Ham & Cheese Sandwich,Savory,evening,0,0,0,0,conservative_low_prep,0.0,0.0,0.0,0.0,0.0,light_rain,3.4,28.2,"weekend_pattern,recent_waste_pressure","For Ham & Cheese Sandwich at Bangsar Street during evening, forecast demand range is 0–0 units with median 0. Recommended prep is 0 units. Expected waste is about 0.0 units and expected stockout is about 0.0 units. The optimizer recommends preparing below the median forecast because the expected waste risk is more expensive than the expected missed-sales risk.",lightgbm_p50_v1,tweedie_count
fcst_029,2022-10-01,bangsar_street,Bangsar Street,street_cafe,ham_cheese_sandwich,Ham & Cheese Sandwich,Savory,midday,8,13,20,12,below_p50_cost_control,25.65,1.0,2.5,1.3500000000000014,9.45000000000001,light_rain,3.4,28.2,"weekend_pattern,recent_waste_pressure,high_uncertainty","For Ham & Cheese Sandwich at Bangsar Street during midday, forecast demand range is 8–20 units with median 13. Recommended prep is 12 units. Expected waste is about 1.0 units and expected stockout is about 2.5 units. The optimizer recommends preparing below the median forecast because the expected waste risk is more expensive than the expected missed-sales risk.",lightgbm_p50_v1,tweedie_count
fcst_030,2022-10-01,bangsar_street,Bangsar Street,street_cafe,ham_cheese_sandwich,Ham & Cheese Sandwich,Savory,morning,0,2,6,4,above_p50_service_protection,14.850000000000001,2.0,0.5,0.0,14.850000000000001,light_rain,3.4,28.2,weekend_pattern,"For Ham & Cheese Sandwich at Bangsar Street during morning, forecast demand range is 0–6 units with median 2. Recommended prep is 4 units. Expected waste is about 2.0 units and expected stockout is about 0.5 units. The optimizer recommends preparing above the median forecast because the expected stockout cost is higher than the expected waste cost.",lightgbm_p50_v1,tweedie_count
fcst_031,2022-10-01,bangsar_street,Bangsar Street,street_cafe,pain_au_chocolat,Pain au Chocolat,Pastry,evening,7,10,25,10,near_p50_balanced,22.44,0.75,3.75,0.0,19.8,light_rain,3.4,28.2,"weekend_pattern,recent_waste_pressure,high_uncertainty","For Pain au Chocolat at Bangsar Street during evening, forecast demand range is 7–25 units with median 10. Recommended prep is 10 units. Expected waste is about 0.8 units and expected stockout is about 3.8 units. The optimizer recommends staying close to the median forecast because the waste and stockout tradeoff is balanced.",lightgbm_p50_v1,tweedie_count
fcst_032,2022-10-01,bangsar_street,Bangsar Street,street_cafe,pain_au_chocolat,Pain au Chocolat,Pastry,midday,0,4,10,10,high_service_p90_prep,19.360000000000003,5.5,0.0,0.0,0.0,light_rain,3.4,28.2,"weekend_pattern,recent_waste_pressure,high_uncertainty","For Pain au Chocolat at Bangsar Street during midday, forecast demand range is 0–10 units with median 4. Recommended prep is 10 units. Expected waste is about 5.5 units and expected stockout is about 0.0 units. The optimizer recommends preparing above the median forecast because the expected stockout cost is higher than the expected waste cost.",lightgbm_p50_v1,tweedie_count
fcst_033,2022-10-01,bangsar_street,Bangsar Street,street_cafe,pain_au_chocolat,Pain au Chocolat,Pastry,morning,4,22,35,25,above_p50_service_protection,36.96000000000001,6.75,2.5,0.0,13.200000000000003,light_rain,3.4,28.2,"weekend_pattern,recent_waste_pressure,high_uncertainty","For Pain au Chocolat at Bangsar Street during morning, forecast demand range is 4–35 units with median 22. Recommended prep is 25 units. Expected waste is about 6.8 units and expected stockout is about 2.5 units. The optimizer recommends preparing above the median forecast because the expected stockout cost is higher than the expected waste cost.",lightgbm_p50_v1,tweedie_count
fcst_034,2022-10-01,bangsar_street,Bangsar Street,street_cafe,traditional_baguette,Traditional Baguette,Bread,evening,24,65,97,70,above_p50_service_protection,33.775,14.0,6.75,0.0,18.375000000000007,light_rain,3.4,28.2,"weekend_pattern,recent_stockout_pressure,recent_waste_pressure,high_uncertainty","For Traditional Baguette at Bangsar Street during evening, forecast demand range is 24–97 units with median 65. Recommended prep is 70 units. Expected waste is about 14.0 units and expected stockout is about 6.8 units. The optimizer recommends preparing above the median forecast because the expected stockout cost is higher than the expected waste cost.",lightgbm_p50_v1,tweedie_count
fcst_035,2022-10-01,bangsar_street,Bangsar Street,street_cafe,traditional_baguette,Traditional Baguette,Bread,midday,66,102,141,100,below_p50_cost_control,35.52499999999999,8.5,11.25,1.7500000000000142,30.625000000000014,light_rain,3.4,28.2,"weekend_pattern,recent_stockout_pressure,high_uncertainty","For Traditional Baguette at Bangsar Street during midday, forecast demand range is 66–141 units with median 102. Recommended prep is 100 units. Expected waste is about 8.5 units and expected stockout is about 11.2 units. The optimizer recommends preparing below the median forecast because the expected waste risk is more expensive than the expected missed-sales risk.",lightgbm_p50_v1,tweedie_count
fcst_036,2022-10-01,bangsar_street,Bangsar Street,street_cafe,traditional_baguette,Traditional Baguette,Bread,morning,43,70,109,70,near_p50_balanced,29.924999999999997,6.75,9.75,0.0,21.875000000000007,light_rain,3.4,28.2,"weekend_pattern,high_uncertainty","For Traditional Baguette at Bangsar Street during morning, forecast demand range is 43–109 units with median 70. Recommended prep is 70 units. Expected waste is about 6.8 units and expected stockout is about 9.8 units. The optimizer recommends staying close to the median forecast because the waste and stockout tradeoff is balanced.",lightgbm_p50_v1,tweedie_count
fcst_037,2022-10-01,klcc_mall,KLCC Mall,mall_office,blueberry_muffin,Blueberry Muffin,Dessert,evening,0,0,0,0,conservative_low_prep,0.0,0.0,0.0,0.0,0.0,light_rain,4.7,30.0,"weekend_pattern,recent_stockout_pressure","For Blueberry Muffin at KLCC Mall during evening, forecast demand range is 0–0 units with median 0. Recommended prep is 0 units. Expected waste is about 0.0 units and expected stockout is about 0.0 units. The optimizer recommends preparing below the median forecast because the expected waste risk is more expensive than the expected missed-sales risk.",lightgbm_p50_v1,tweedie_count
fcst_038,2022-10-01,klcc_mall,KLCC Mall,mall_office,blueberry_muffin,Blueberry Muffin,Dessert,midday,0,1,2,6,high_service_p90_prep,15.0,5.0,0.0,0.0,0.0,light_rain,4.7,30.0,"weekend_pattern,recent_stockout_pressure","For Blueberry Muffin at KLCC Mall during midday, forecast demand range is 0–2 units with median 1. Recommended prep is 6 units. Expected waste is about 5.0 units and expected stockout is about 0.0 units. The optimizer recommends preparing above the median forecast because the expected stockout cost is higher than the expected waste cost.",lightgbm_p50_v1,tweedie_count
fcst_039,2022-10-01,klcc_mall,KLCC Mall,mall_office,blueberry_muffin,Blueberry Muffin,Dessert,morning,2,4,8,6,above_p50_service_protection,8.25,2.0,0.5,0.0,14.25,light_rain,4.7,30.0,weekend_pattern,"For Blueberry Muffin at KLCC Mall during morning, forecast demand range is 2–8 units with median 4. Recommended prep is 6 units. Expected waste is about 2.0 units and expected stockout is about 0.5 units. The optimizer recommends preparing above the median forecast because the expected stockout cost is higher than the expected waste cost.",lightgbm_p50_v1,tweedie_count
fcst_040,2022-10-01,klcc_mall,KLCC Mall,mall_office,brioche,Brioche,Pastry,evening,0,0,0,0,conservative_low_prep,0.0,0.0,0.0,0.0,0.0,light_rain,4.7,30.0,weekend_pattern,"For Brioche at KLCC Mall during evening, forecast demand range is 0–0 units with median 0. Recommended prep is 0 units. Expected waste is about 0.0 units and expected stockout is about 0.0 units. The optimizer recommends preparing below the median forecast because the expected waste risk is more expensive than the expected missed-sales risk.",lightgbm_p50_v1,tweedie_count
fcst_041,2022-10-01,klcc_mall,KLCC Mall,mall_office,brioche,Brioche,Pastry,midday,0,0,0,0,conservative_low_prep,0.0,0.0,0.0,0.0,0.0,light_rain,4.7,30.0,weekend_pattern,"For Brioche at KLCC Mall during midday, forecast demand range is 0–0 units with median 0. Recommended prep is 0 units. Expected waste is about 0.0 units and expected stockout is about 0.0 units. The optimizer recommends preparing below the median forecast because the expected waste risk is more expensive than the expected missed-sales risk.",lightgbm_p50_v1,tweedie_count
fcst_042,2022-10-01,klcc_mall,KLCC Mall,mall_office,brioche,Brioche,Pastry,morning,1,2,6,6,high_service_p90_prep,9.100000000000001,3.25,0.0,0.0,0.0,light_rain,4.7,30.0,"weekend_pattern,manager_event_note","For Brioche at KLCC Mall during morning, forecast demand range is 1–6 units with median 2. Recommended prep is 6 units. Expected waste is about 3.2 units and expected stockout is about 0.0 units. The optimizer recommends preparing above the median forecast because the expected stockout cost is higher than the expected waste cost.",lightgbm_p50_v1,tweedie_count
fcst_043,2022-10-01,klcc_mall,KLCC Mall,mall_office,brownie,Brownie,Dessert,evening,0,0,0,0,conservative_low_prep,0.0,0.0,0.0,0.0,0.0,light_rain,4.7,30.0,weekend_pattern,"For Brownie at KLCC Mall during evening, forecast demand range is 0–0 units with median 0. Recommended prep is 0 units. Expected waste is about 0.0 units and expected stockout is about 0.0 units. The optimizer recommends preparing below the median forecast because the expected waste risk is more expensive than the expected missed-sales risk.",lightgbm_p50_v1,tweedie_count
fcst_044,2022-10-01,klcc_mall,KLCC Mall,mall_office,brownie,Brownie,Dessert,midday,0,0,0,0,conservative_low_prep,0.0,0.0,0.0,0.0,0.0,light_rain,4.7,30.0,weekend_pattern,"For Brownie at KLCC Mall during midday, forecast demand range is 0–0 units with median 0. Recommended prep is 0 units. Expected waste is about 0.0 units and expected stockout is about 0.0 units. The optimizer recommends preparing below the median forecast because the expected waste risk is more expensive than the expected missed-sales risk.",lightgbm_p50_v1,tweedie_count
fcst_045,2022-10-01,klcc_mall,KLCC Mall,mall_office,brownie,Brownie,Dessert,morning,0,0,0,0,conservative_low_prep,0.0,0.0,0.0,0.0,0.0,light_rain,4.7,30.0,weekend_pattern,"For Brownie at KLCC Mall during morning, forecast demand range is 0–0 units with median 0. Recommended prep is 0 units. Expected waste is about 0.0 units and expected stockout is about 0.0 units. The optimizer recommends preparing below the median forecast because the expected waste risk is more expensive than the expected missed-sales risk.",lightgbm_p50_v1,tweedie_count
fcst_046,2022-10-01,klcc_mall,KLCC Mall,mall_office,butter_croissant,Butter Croissant,Pastry,evening,2,3,8,10,high_service_p90_prep,20.400000000000002,6.0,0.0,0.0,0.0,light_rain,4.7,30.0,"weekend_pattern,recent_waste_pressure","For Butter Croissant at KLCC Mall during evening, forecast demand range is 2–8 units with median 3. Recommended prep is 10 units. Expected waste is about 6.0 units and expected stockout is about 0.0 units. The optimizer recommends preparing above the median forecast because the expected stockout cost is higher than the expected waste cost.",lightgbm_p50_v1,tweedie_count
fcst_047,2022-10-01,klcc_mall,KLCC Mall,mall_office,butter_croissant,Butter Croissant,Pastry,midday,2,7,15,10,above_p50_service_protection,18.275000000000002,3.5,1.25,0.0,6.375,light_rain,4.7,30.0,"weekend_pattern,recent_waste_pressure,high_uncertainty","For Butter Croissant at KLCC Mall during midday, forecast demand range is 2–15 units with median 7. Recommended prep is 10 units. Expected waste is about 3.5 units and expected stockout is about 1.2 units. The optimizer recommends preparing above the median forecast because the expected stockout cost is higher than the expected waste cost.",lightgbm_p50_v1,tweedie_count
fcst_048,2022-10-01,klcc_mall,KLCC Mall,mall_office,butter_croissant,Butter Croissant,Pastry,morning,22,61,94,60,below_p50_cost_control,78.19999999999999,9.5,9.0,2.125000000000014,42.500000000000014,light_rain,4.7,30.0,"weekend_pattern,manager_event_note,recent_waste_pressure,high_uncertainty","For Butter Croissant at KLCC Mall during morning, forecast demand range is 22–94 units with median 61. Recommended prep is 60 units. Expected waste is about 9.5 units and expected stockout is about 9.0 units. The optimizer recommends preparing below the median forecast because the expected waste risk is more expensive than the expected missed-sales risk.",lightgbm_p50_v1,tweedie_count
fcst_049,2022-10-01,klcc_mall,KLCC Mall,mall_office,cake_slice,Cake Slice,Dessert,evening,1,1,5,4,above_p50_service_protection,11.025,2.25,0.25,0.0,14.175000000000002,light_rain,4.7,30.0,weekend_pattern,"For Cake Slice at KLCC Mall during evening, forecast demand range is 1–5 units with median 1. Recommended prep is 4 units. Expected waste is about 2.2 units and expected stockout is about 0.2 units. The optimizer recommends preparing above the median forecast because the expected stockout cost is higher than the expected waste cost.",lightgbm_p50_v1,tweedie_count
fcst_050,2022-10-01,klcc_mall,KLCC Mall,mall_office,cake_slice,Cake Slice,Dessert,midday,0,8,11,8,near_p50_balanced,13.125,2.0,0.75,0.0,8.925,light_rain,4.7,30.0,"weekend_pattern,recent_stockout_pressure,high_uncertainty","For Cake Slice at KLCC Mall during midday, forecast demand range is 0–11 units with median 8. Recommended prep is 8 units. Expected waste is about 2.0 units and expected stockout is about 0.8 units. The optimizer recommends staying close to the median forecast because the waste and stockout tradeoff is balanced.",lightgbm_p50_v1,tweedie_count
fcst_051,2022-10-01,klcc_mall,KLCC Mall,mall_office,cake_slice,Cake Slice,Dessert,morning,3,11,21,12,above_p50_service_protection,25.725,2.75,2.25,0.0,26.775,light_rain,4.7,30.0,"weekend_pattern,recent_waste_pressure,high_uncertainty","For Cake Slice at KLCC Mall during morning, forecast demand range is 3–21 units with median 11. Recommended prep is 12 units. Expected waste is about 2.8 units and expected stockout is about 2.2 units. The optimizer recommends preparing above the median forecast because the expected stockout cost is higher than the expected waste cost.",lightgbm_p50_v1,tweedie_count
fcst_052,2022-10-01,klcc_mall,KLCC Mall,mall_office,chocolate_cookie,Chocolate Cookie,Dessert,evening,0,0,0,0,conservative_low_prep,0.0,0.0,0.0,0.0,0.0,light_rain,4.7,30.0,"weekend_pattern,recent_stockout_pressure","For Chocolate Cookie at KLCC Mall during evening, forecast demand range is 0–0 units with median 0. Recommended prep is 0 units. Expected waste is about 0.0 units and expected stockout is about 0.0 units. The optimizer recommends preparing below the median forecast because the expected waste risk is more expensive than the expected missed-sales risk.",lightgbm_p50_v1,tweedie_count
fcst_053,2022-10-01,klcc_mall,KLCC Mall,mall_office,chocolate_cookie,Chocolate Cookie,Dessert,midday,0,0,0,0,conservative_low_prep,0.0,0.0,0.0,0.0,0.0,light_rain,4.7,30.0,weekend_pattern,"For Chocolate Cookie at KLCC Mall during midday, forecast demand range is 0–0 units with median 0. Recommended prep is 0 units. Expected waste is about 0.0 units and expected stockout is about 0.0 units. The optimizer recommends preparing below the median forecast because the expected waste risk is more expensive than the expected missed-sales risk.",lightgbm_p50_v1,tweedie_count
fcst_054,2022-10-01,klcc_mall,KLCC Mall,mall_office,chocolate_cookie,Chocolate Cookie,Dessert,morning,0,0,1,0,conservative_low_prep,0.75,0.0,0.25,0.0,22.75,light_rain,4.7,30.0,"weekend_pattern,recent_stockout_pressure","For Chocolate Cookie at KLCC Mall during morning, forecast demand range is 0–1 units with median 0. Recommended prep is 0 units. Expected waste is about 0.0 units and expected stockout is about 0.2 units. The optimizer recommends preparing below the median forecast because the expected waste risk is more expensive than the expected missed-sales risk.",lightgbm_p50_v1,tweedie_count
fcst_055,2022-10-01,klcc_mall,KLCC Mall,mall_office,coffee_bun_sweet_bun,Coffee Bun / Sweet Bun,Pastry,evening,0,1,5,6,high_service_p90_prep,11.05,4.25,0.0,0.0,0.0,light_rain,4.7,30.0,"weekend_pattern,recent_waste_pressure","For Coffee Bun / Sweet Bun at KLCC Mall during evening, forecast demand range is 0–5 units with median 1. Recommended prep is 6 units. Expected waste is about 4.2 units and expected stockout is about 0.0 units. The optimizer recommends preparing above the median forecast because the expected stockout cost is higher than the expected waste cost.",lightgbm_p50_v1,tweedie_count
fcst_056,2022-10-01,klcc_mall,KLCC Mall,mall_office,coffee_bun_sweet_bun,Coffee Bun / Sweet Bun,Pastry,midday,0,5,8,6,above_p50_service_protection,7.15,2.0,0.5,0.0,12.35,light_rain,4.7,30.0,"weekend_pattern,recent_waste_pressure,high_uncertainty","For Coffee Bun / Sweet Bun at KLCC Mall during midday, forecast demand range is 0–8 units with median 5. Recommended prep is 6 units. Expected waste is about 2.0 units and expected stockout is about 0.5 units. The optimizer recommends preparing above the median forecast because the expected stockout cost is higher than the expected waste cost.",lightgbm_p50_v1,tweedie_count
fcst_057,2022-10-01,klcc_mall,KLCC Mall,mall_office,coffee_bun_sweet_bun,Coffee Bun / Sweet Bun,Pastry,morning,0,7,16,6,below_p50_cost_control,15.600000000000001,1.5,3.0,2.599999999999998,11.7,light_rain,4.7,30.0,"weekend_pattern,manager_event_note,recent_waste_pressure,high_uncertainty","For Coffee Bun / Sweet Bun at KLCC Mall during morning, forecast demand range is 0–16 units with median 7. Recommended prep is 6 units. Expected waste is about 1.5 units and expected stockout is about 3.0 units. The optimizer recommends preparing below the median forecast because the expected waste risk is more expensive than the expected missed-sales risk.",lightgbm_p50_v1,tweedie_count
fcst_058,2022-10-01,klcc_mall,KLCC Mall,mall_office,country_sourdough,Country Sourdough,Bread,evening,2,4,10,5,above_p50_service_protection,15.0,1.25,1.25,0.0,9.000000000000004,light_rain,4.7,30.0,"weekend_pattern,recent_waste_pressure","For Country Sourdough at KLCC Mall during evening, forecast demand range is 2–10 units with median 4. Recommended prep is 5 units. Expected waste is about 1.2 units and expected stockout is about 1.2 units. The optimizer recommends preparing above the median forecast because the expected stockout cost is higher than the expected waste cost.",lightgbm_p50_v1,tweedie_count
fcst_059,2022-10-01,klcc_mall,KLCC Mall,mall_office,country_sourdough,Country Sourdough,Bread,midday,8,16,26,15,below_p50_cost_control,31.799999999999997,1.75,3.25,3.000000000000007,33.000000000000014,light_rain,4.7,30.0,"weekend_pattern,recent_stockout_pressure,recent_waste_pressure,high_uncertainty","For Country Sourdough at KLCC Mall during midday, forecast demand range is 8–26 units with median 16. Recommended prep is 15 units. Expected waste is about 1.8 units and expected stockout is about 3.2 units. The optimizer recommends preparing below the median forecast because the expected waste risk is more expensive than the expected missed-sales risk.",lightgbm_p50_v1,tweedie_count
fcst_060,2022-10-01,klcc_mall,KLCC Mall,mall_office,country_sourdough,Country Sourdough,Bread,morning,30,35,56,35,near_p50_balanced,43.8,1.25,5.25,0.0,57.000000000000014,light_rain,4.7,30.0,"weekend_pattern,recent_stockout_pressure,high_uncertainty","For Country Sourdough at KLCC Mall during morning, forecast demand range is 30–56 units with median 35. Recommended prep is 35 units. Expected waste is about 1.2 units and expected stockout is about 5.2 units. The optimizer recommends staying close to the median forecast because the waste and stockout tradeoff is balanced.",lightgbm_p50_v1,tweedie_count
fcst_061,2022-10-01,klcc_mall,KLCC Mall,mall_office,fruit_tart,Fruit Tart,Dessert,evening,0,1,3,4,high_service_p90_prep,10.45,2.75,0.0,0.0,0.0,light_rain,4.7,30.0,weekend_pattern,"For Fruit Tart at KLCC Mall during evening, forecast demand range is 0–3 units with median 1. Recommended prep is 4 units. Expected waste is about 2.8 units and expected stockout is about 0.0 units. The optimizer recommends preparing above the median forecast because the expected stockout cost is higher than the expected waste cost.",lightgbm_p50_v1,tweedie_count
fcst_062,2022-10-01,klcc_mall,KLCC Mall,mall_office,fruit_tart,Fruit Tart,Dessert,midday,0,4,9,4,near_p50_balanced,10.924999999999999,1.0,1.25,0.0,18.525000000000006,light_rain,4.7,30.0,"weekend_pattern,recent_waste_pressure,high_uncertainty","For Fruit Tart at KLCC Mall during midday, forecast demand range is 0–9 units with median 4. Recommended prep is 4 units. Expected waste is about 1.0 units and expected stockout is about 1.2 units. The optimizer recommends staying close to the median forecast because the waste and stockout tradeoff is balanced.",lightgbm_p50_v1,tweedie_count
fcst_063,2022-10-01,klcc_mall,KLCC Mall,mall_office,fruit_tart,Fruit Tart,Dessert,morning,1,3,8,4,above_p50_service_protection,10.45,1.25,1.0,0.0,5.699999999999999,light_rain,4.7,30.0,"weekend_pattern,recent_waste_pressure","For Fruit Tart at KLCC Mall during morning, forecast demand range is 1–8 units with median 3. Recommended prep is 4 units. Expected waste is about 1.2 units and expected stockout is about 1.0 units. The optimizer recommends preparing above the median forecast because the expected stockout cost is higher than the expected waste cost.",lightgbm_p50_v1,tweedie_count
fcst_064,2022-10-01,klcc_mall,KLCC Mall,mall_office,ham_cheese_sandwich,Ham & Cheese Sandwich,Savory,evening,0,0,0,0,conservative_low_prep,0.0,0.0,0.0,0.0,0.0,light_rain,4.7,30.0,"weekend_pattern,recent_waste_pressure","For Ham & Cheese Sandwich at KLCC Mall during evening, forecast demand range is 0–0 units with median 0. Recommended prep is 0 units. Expected waste is about 0.0 units and expected stockout is about 0.0 units. The optimizer recommends preparing below the median forecast because the expected waste risk is more expensive than the expected missed-sales risk.",lightgbm_p50_v1,tweedie_count
fcst_065,2022-10-01,klcc_mall,KLCC Mall,mall_office,ham_cheese_sandwich,Ham & Cheese Sandwich,Savory,midday,7,14,22,16,above_p50_service_protection,29.7,3.25,1.5,0.0,22.950000000000006,light_rain,4.7,30.0,"weekend_pattern,recent_waste_pressure,high_uncertainty","For Ham & Cheese Sandwich at KLCC Mall during midday, forecast demand range is 7–22 units with median 14. Recommended prep is 16 units. Expected waste is about 3.2 units and expected stockout is about 1.5 units. The optimizer recommends preparing above the median forecast because the expected stockout cost is higher than the expected waste cost.",lightgbm_p50_v1,tweedie_count
fcst_066,2022-10-01,klcc_mall,KLCC Mall,mall_office,ham_cheese_sandwich,Ham & Cheese Sandwich,Savory,morning,0,6,13,8,above_p50_service_protection,26.325000000000003,3.0,1.25,0.0,26.325000000000003,light_rain,4.7,30.0,"weekend_pattern,recent_waste_pressure,high_uncertainty","For Ham & Cheese Sandwich at KLCC Mall during morning, forecast demand range is 0–13 units with median 6. Recommended prep is 8 units. Expected waste is about 3.0 units and expected stockout is about 1.2 units. The optimizer recommends preparing above the median forecast because the expected stockout cost is higher than the expected waste cost.",lightgbm_p50_v1,tweedie_count
fcst_067,2022-10-01,klcc_mall,KLCC Mall,mall_office,pain_au_chocolat,Pain au Chocolat,Pastry,evening,3,4,10,10,high_service_p90_prep,16.720000000000002,4.75,0.0,0.0,0.0,light_rain,4.7,30.0,"weekend_pattern,recent_waste_pressure","For Pain au Chocolat at KLCC Mall during evening, forecast demand range is 3–10 units with median 4. Recommended prep is 10 units. Expected waste is about 4.8 units and expected stockout is about 0.0 units. The optimizer recommends preparing above the median forecast because the expected stockout cost is higher than the expected waste cost.",lightgbm_p50_v1,tweedie_count
fcst_068,2022-10-01,klcc_mall,KLCC Mall,mall_office,pain_au_chocolat,Pain au Chocolat,Pastry,midday,0,4,10,10,high_service_p90_prep,19.360000000000003,5.5,0.0,0.0,0.0,light_rain,4.7,30.0,"weekend_pattern,recent_waste_pressure,high_uncertainty","For Pain au Chocolat at KLCC Mall during midday, forecast demand range is 0–10 units with median 4. Recommended prep is 10 units. Expected waste is about 5.5 units and expected stockout is about 0.0 units. The optimizer recommends preparing above the median forecast because the expected stockout cost is higher than the expected waste cost.",lightgbm_p50_v1,tweedie_count
fcst_069,2022-10-01,klcc_mall,KLCC Mall,mall_office,pain_au_chocolat,Pain au Chocolat,Pastry,morning,0,45,83,45,near_p50_balanced,89.76000000000002,11.25,9.5,0.0,57.19999999999999,light_rain,4.7,30.0,"weekend_pattern,manager_event_note,recent_waste_pressure,high_uncertainty","For Pain au Chocolat at KLCC Mall during morning, forecast demand range is 0–83 units with median 45. Recommended prep is 45 units. Expected waste is about 11.2 units and expected stockout is about 9.5 units. The optimizer recommends staying close to the median forecast because the waste and stockout tradeoff is balanced.",lightgbm_p50_v1,tweedie_count
fcst_070,2022-10-01,klcc_mall,KLCC Mall,mall_office,traditional_baguette,Traditional Baguette,Bread,evening,7,25,43,30,above_p50_service_protection,18.375,8.25,3.25,0.0,16.625,light_rain,4.7,30.0,"weekend_pattern,recent_waste_pressure,high_uncertainty","For Traditional Baguette at KLCC Mall during evening, forecast demand range is 7–43 units with median 25. Recommended prep is 30 units. Expected waste is about 8.2 units and expected stockout is about 3.2 units. The optimizer recommends preparing above the median forecast because the expected stockout cost is higher than the expected waste cost.",lightgbm_p50_v1,tweedie_count
fcst_071,2022-10-01,klcc_mall,KLCC Mall,mall_office,traditional_baguette,Traditional Baguette,Bread,midday,77,106,150,110,above_p50_service_protection,35.349999999999994,10.25,10.0,0.0,21.000000000000014,light_rain,4.7,30.0,"weekend_pattern,high_uncertainty","For Traditional Baguette at KLCC Mall during midday, forecast demand range is 77–150 units with median 106. Recommended prep is 110 units. Expected waste is about 10.2 units and expected stockout is about 10.0 units. The optimizer recommends preparing above the median forecast because the expected stockout cost is higher than the expected waste cost.",lightgbm_p50_v1,tweedie_count
fcst_072,2022-10-01,klcc_mall,KLCC Mall,mall_office,traditional_baguette,Traditional Baguette,Bread,morning,140,185,258,190,above_p50_service_protection,56.699999999999996,15.0,17.0,0.0,38.50000000000002,light_rain,4.7,30.0,"weekend_pattern,high_uncertainty","For Traditional Baguette at KLCC Mall during morning, forecast demand range is 140–258 units with median 185. Recommended prep is 190 units. Expected waste is about 15.0 units and expected stockout is about 17.0 units. The optimizer recommends preparing above the median forecast because the expected stockout cost is higher than the expected waste cost.",lightgbm_p50_v1,tweedie_count
fcst_073,2022-10-01,mid_valley_mall,Mid Valley Mall,high_traffic_mall,blueberry_muffin,Blueberry Muffin,Dessert,evening,0,0,0,0,conservative_low_prep,0.0,0.0,0.0,0.0,0.0,clear,0.0,27.2,"weekend_pattern,recent_stockout_pressure","For Blueberry Muffin at Mid Valley Mall during evening, forecast demand range is 0–0 units with median 0. Recommended prep is 0 units. Expected waste is about 0.0 units and expected stockout is about 0.0 units. The optimizer recommends preparing below the median forecast because the expected waste risk is more expensive than the expected missed-sales risk.",lightgbm_p50_v1,tweedie_count
fcst_074,2022-10-01,mid_valley_mall,Mid Valley Mall,high_traffic_mall,blueberry_muffin,Blueberry Muffin,Dessert,midday,0,4,5,6,high_service_p90_prep,8.25,2.75,0.0,0.0,0.0,clear,0.0,27.2,"weekend_pattern,recent_stockout_pressure","For Blueberry Muffin at Mid Valley Mall during midday, forecast demand range is 0–5 units with median 4. Recommended prep is 6 units. Expected waste is about 2.8 units and expected stockout is about 0.0 units. The optimizer recommends preparing above the median forecast because the expected stockout cost is higher than the expected waste cost.",lightgbm_p50_v1,tweedie_count
fcst_075,2022-10-01,mid_valley_mall,Mid Valley Mall,high_traffic_mall,blueberry_muffin,Blueberry Muffin,Dessert,morning,2,4,8,6,above_p50_service_protection,8.25,2.0,0.5,0.0,14.25,clear,0.0,27.2,weekend_pattern,"For Blueberry Muffin at Mid Valley Mall during morning, forecast demand range is 2–8 units with median 4. Recommended prep is 6 units. Expected waste is about 2.0 units and expected stockout is about 0.5 units. The optimizer recommends preparing above the median forecast because the expected stockout cost is higher than the expected waste cost.",lightgbm_p50_v1,tweedie_count
fcst_076,2022-10-01,mid_valley_mall,Mid Valley Mall,high_traffic_mall,brioche,Brioche,Pastry,evening,0,0,0,0,conservative_low_prep,0.0,0.0,0.0,0.0,0.0,clear,0.0,27.2,weekend_pattern,"For Brioche at Mid Valley Mall during evening, forecast demand range is 0–0 units with median 0. Recommended prep is 0 units. Expected waste is about 0.0 units and expected stockout is about 0.0 units. The optimizer recommends preparing below the median forecast because the expected waste risk is more expensive than the expected missed-sales risk.",lightgbm_p50_v1,tweedie_count
fcst_077,2022-10-01,mid_valley_mall,Mid Valley Mall,high_traffic_mall,brioche,Brioche,Pastry,midday,0,0,1,0,conservative_low_prep,1.0499999999999998,0.0,0.25,0.0,15.05,clear,0.0,27.2,weekend_pattern,"For Brioche at Mid Valley Mall during midday, forecast demand range is 0–1 units with median 0. Recommended prep is 0 units. Expected waste is about 0.0 units and expected stockout is about 0.2 units. The optimizer recommends preparing below the median forecast because the expected waste risk is more expensive than the expected missed-sales risk.",lightgbm_p50_v1,tweedie_count
fcst_078,2022-10-01,mid_valley_mall,Mid Valley Mall,high_traffic_mall,brioche,Brioche,Pastry,morning,0,1,3,6,high_service_p90_prep,13.3,4.75,0.0,0.0,0.0,clear,0.0,27.2,"weekend_pattern,recent_waste_pressure","For Brioche at Mid Valley Mall during morning, forecast demand range is 0–3 units with median 1. Recommended prep is 6 units. Expected waste is about 4.8 units and expected stockout is about 0.0 units. The optimizer recommends preparing above the median forecast because the expected stockout cost is higher than the expected waste cost.",lightgbm_p50_v1,tweedie_count
fcst_079,2022-10-01,mid_valley_mall,Mid Valley Mall,high_traffic_mall,brownie,Brownie,Dessert,evening,0,0,0,0,conservative_low_prep,0.0,0.0,0.0,0.0,0.0,clear,0.0,27.2,weekend_pattern,"For Brownie at Mid Valley Mall during evening, forecast demand range is 0–0 units with median 0. Recommended prep is 0 units. Expected waste is about 0.0 units and expected stockout is about 0.0 units. The optimizer recommends preparing below the median forecast because the expected waste risk is more expensive than the expected missed-sales risk.",lightgbm_p50_v1,tweedie_count
fcst_080,2022-10-01,mid_valley_mall,Mid Valley Mall,high_traffic_mall,brownie,Brownie,Dessert,midday,0,0,0,0,conservative_low_prep,0.0,0.0,0.0,0.0,0.0,clear,0.0,27.2,weekend_pattern,"For Brownie at Mid Valley Mall during midday, forecast demand range is 0–0 units with median 0. Recommended prep is 0 units. Expected waste is about 0.0 units and expected stockout is about 0.0 units. The optimizer recommends preparing below the median forecast because the expected waste risk is more expensive than the expected missed-sales risk.",lightgbm_p50_v1,tweedie_count
fcst_081,2022-10-01,mid_valley_mall,Mid Valley Mall,high_traffic_mall,brownie,Brownie,Dessert,morning,0,0,0,0,conservative_low_prep,0.0,0.0,0.0,0.0,0.0,clear,0.0,27.2,weekend_pattern,"For Brownie at Mid Valley Mall during morning, forecast demand range is 0–0 units with median 0. Recommended prep is 0 units. Expected waste is about 0.0 units and expected stockout is about 0.0 units. The optimizer recommends preparing below the median forecast because the expected waste risk is more expensive than the expected missed-sales risk.",lightgbm_p50_v1,tweedie_count
fcst_082,2022-10-01,mid_valley_mall,Mid Valley Mall,high_traffic_mall,butter_croissant,Butter Croissant,Pastry,evening,3,6,15,10,above_p50_service_protection,19.125,3.75,1.25,0.0,6.375,clear,0.0,27.2,"weekend_pattern,recent_stockout_pressure,recent_waste_pressure,high_uncertainty","For Butter Croissant at Mid Valley Mall during evening, forecast demand range is 3–15 units with median 6. Recommended prep is 10 units. Expected waste is about 3.8 units and expected stockout is about 1.2 units. The optimizer recommends preparing above the median forecast because the expected stockout cost is higher than the expected waste cost.",lightgbm_p50_v1,tweedie_count
fcst_083,2022-10-01,mid_valley_mall,Mid Valley Mall,high_traffic_mall,butter_croissant,Butter Croissant,Pastry,midday,4,10,20,10,near_p50_balanced,17.85,1.5,2.5,0.0,12.75,clear,0.0,27.2,"weekend_pattern,recent_waste_pressure,high_uncertainty","For Butter Croissant at Mid Valley Mall during midday, forecast demand range is 4–20 units with median 10. Recommended prep is 10 units. Expected waste is about 1.5 units and expected stockout is about 2.5 units. The optimizer recommends staying close to the median forecast because the waste and stockout tradeoff is balanced.",lightgbm_p50_v1,tweedie_count
fcst_084,2022-10-01,mid_valley_mall,Mid Valley Mall,high_traffic_mall,butter_croissant,Butter Croissant,Pastry,morning,24,53,74,55,above_p50_service_protection,53.974999999999994,8.75,4.75,0.0,27.625,clear,0.0,27.2,"weekend_pattern,recent_waste_pressure,high_uncertainty","For Butter Croissant at Mid Valley Mall during morning, forecast demand range is 24–74 units with median 53. Recommended prep is 55 units. Expected waste is about 8.8 units and expected stockout is about 4.8 units. The optimizer recommends preparing above the median forecast because the expected stockout cost is higher than the expected waste cost.",lightgbm_p50_v1,tweedie_count
fcst_085,2022-10-01,mid_valley_mall,Mid Valley Mall,high_traffic_mall,cake_slice,Cake Slice,Dessert,evening,2,3,11,4,above_p50_service_protection,15.225000000000001,1.0,1.75,0.0,15.225000000000001,clear,0.0,27.2,"weekend_pattern,recent_waste_pressure,high_uncertainty","For Cake Slice at Mid Valley Mall during evening, forecast demand range is 2–11 units with median 3. Recommended prep is 4 units. Expected waste is about 1.0 units and expected stockout is about 1.8 units. The optimizer recommends preparing above the median forecast because the expected stockout cost is higher than the expected waste cost.",lightgbm_p50_v1,tweedie_count
fcst_086,2022-10-01,mid_valley_mall,Mid Valley Mall,high_traffic_mall,cake_slice,Cake Slice,Dessert,midday,1,10,18,12,above_p50_service_protection,25.2,3.75,1.5,0.0,17.850000000000005,clear,0.0,27.2,"weekend_pattern,recent_stockout_pressure,high_uncertainty","For Cake Slice at Mid Valley Mall during midday, forecast demand range is 1–18 units with median 10. Recommended prep is 12 units. Expected waste is about 3.8 units and expected stockout is about 1.5 units. The optimizer recommends preparing above the median forecast because the expected stockout cost is higher than the expected waste cost.",lightgbm_p50_v1,tweedie_count
fcst_087,2022-10-01,mid_valley_mall,Mid Valley Mall,high_traffic_mall,cake_slice,Cake Slice,Dessert,morning,1,8,17,8,near_p50_balanced,21.525,1.75,2.25,0.0,26.775000000000006,clear,0.0,27.2,"weekend_pattern,recent_waste_pressure,high_uncertainty","For Cake Slice at Mid Valley Mall during morning, forecast demand range is 1–17 units with median 8. Recommended prep is 8 units. Expected waste is about 1.8 units and expected stockout is about 2.2 units. The optimizer recommends staying close to the median forecast because the waste and stockout tradeoff is balanced.",lightgbm_p50_v1,tweedie_count
fcst_088,2022-10-01,mid_valley_mall,Mid Valley Mall,high_traffic_mall,chocolate_cookie,Chocolate Cookie,Dessert,evening,0,0,0,0,conservative_low_prep,0.0,0.0,0.0,0.0,0.0,clear,0.0,27.2,"weekend_pattern,recent_stockout_pressure","For Chocolate Cookie at Mid Valley Mall during evening, forecast demand range is 0–0 units with median 0. Recommended prep is 0 units. Expected waste is about 0.0 units and expected stockout is about 0.0 units. The optimizer recommends preparing below the median forecast because the expected waste risk is more expensive than the expected missed-sales risk.",lightgbm_p50_v1,tweedie_count
fcst_089,2022-10-01,mid_valley_mall,Mid Valley Mall,high_traffic_mall,chocolate_cookie,Chocolate Cookie,Dessert,midday,0,0,0,0,conservative_low_prep,0.0,0.0,0.0,0.0,0.0,clear,0.0,27.2,weekend_pattern,"For Chocolate Cookie at Mid Valley Mall during midday, forecast demand range is 0–0 units with median 0. Recommended prep is 0 units. Expected waste is about 0.0 units and expected stockout is about 0.0 units. The optimizer recommends preparing below the median forecast because the expected waste risk is more expensive than the expected missed-sales risk.",lightgbm_p50_v1,tweedie_count
fcst_090,2022-10-01,mid_valley_mall,Mid Valley Mall,high_traffic_mall,chocolate_cookie,Chocolate Cookie,Dessert,morning,0,0,1,0,conservative_low_prep,0.75,0.0,0.25,0.0,22.75,clear,0.0,27.2,"weekend_pattern,recent_stockout_pressure","For Chocolate Cookie at Mid Valley Mall during morning, forecast demand range is 0–1 units with median 0. Recommended prep is 0 units. Expected waste is about 0.0 units and expected stockout is about 0.2 units. The optimizer recommends preparing below the median forecast because the expected waste risk is more expensive than the expected missed-sales risk.",lightgbm_p50_v1,tweedie_count
fcst_091,2022-10-01,mid_valley_mall,Mid Valley Mall,high_traffic_mall,coffee_bun_sweet_bun,Coffee Bun / Sweet Bun,Pastry,evening,0,1,8,6,above_p50_service_protection,12.35,4.0,0.5,0.0,12.350000000000003,clear,0.0,27.2,"weekend_pattern,recent_waste_pressure","For Coffee Bun / Sweet Bun at Mid Valley Mall during evening, forecast demand range is 0–8 units with median 1. Recommended prep is 6 units. Expected waste is about 4.0 units and expected stockout is about 0.5 units. The optimizer recommends preparing above the median forecast because the expected stockout cost is higher than the expected waste cost.",lightgbm_p50_v1,tweedie_count
fcst_092,2022-10-01,mid_valley_mall,Mid Valley Mall,high_traffic_mall,coffee_bun_sweet_bun,Coffee Bun / Sweet Bun,Pastry,midday,0,6,9,6,near_p50_balanced,6.825,1.5,0.75,0.0,10.725000000000001,clear,0.0,27.2,"weekend_pattern,recent_waste_pressure,high_uncertainty","For Coffee Bun / Sweet Bun at Mid Valley Mall during midday, forecast demand range is 0–9 units with median 6. Recommended prep is 6 units. Expected waste is about 1.5 units and expected stockout is about 0.8 units. The optimizer recommends staying close to the median forecast because the waste and stockout tradeoff is balanced.",lightgbm_p50_v1,tweedie_count
fcst_093,2022-10-01,mid_valley_mall,Mid Valley Mall,high_traffic_mall,coffee_bun_sweet_bun,Coffee Bun / Sweet Bun,Pastry,morning,0,6,13,6,near_p50_balanced,10.725000000000001,1.5,1.75,0.0,19.825000000000003,clear,0.0,27.2,"weekend_pattern,recent_waste_pressure,high_uncertainty","For Coffee Bun / Sweet Bun at Mid Valley Mall during morning, forecast demand range is 0–13 units with median 6. Recommended prep is 6 units. Expected waste is about 1.5 units and expected stockout is about 1.8 units. The optimizer recommends staying close to the median forecast because the waste and stockout tradeoff is balanced.",lightgbm_p50_v1,tweedie_count
fcst_094,2022-10-01,mid_valley_mall,Mid Valley Mall,high_traffic_mall,country_sourdough,Country Sourdough,Bread,evening,5,10,23,10,near_p50_balanced,29.4,1.25,3.25,0.0,33.000000000000014,clear,0.0,27.2,"weekend_pattern,recent_waste_pressure,high_uncertainty","For Country Sourdough at Mid Valley Mall during evening, forecast demand range is 5–23 units with median 10. Recommended prep is 10 units. Expected waste is about 1.2 units and expected stockout is about 3.2 units. The optimizer recommends staying close to the median forecast because the waste and stockout tradeoff is balanced.",lightgbm_p50_v1,tweedie_count
fcst_095,2022-10-01,mid_valley_mall,Mid Valley Mall,high_traffic_mall,country_sourdough,Country Sourdough,Bread,midday,22,31,45,30,below_p50_cost_control,40.199999999999996,2.0,4.25,3.000000000000007,21.00000000000002,clear,0.0,27.2,"weekend_pattern,recent_stockout_pressure,recent_waste_pressure,high_uncertainty","For Country Sourdough at Mid Valley Mall during midday, forecast demand range is 22–45 units with median 31. Recommended prep is 30 units. Expected waste is about 2.0 units and expected stockout is about 4.2 units. The optimizer recommends preparing below the median forecast because the expected waste risk is more expensive than the expected missed-sales risk.",lightgbm_p50_v1,tweedie_count
fcst_096,2022-10-01,mid_valley_mall,Mid Valley Mall,high_traffic_mall,country_sourdough,Country Sourdough,Bread,morning,24,30,50,30,near_p50_balanced,43.2,1.5,5.0,0.0,36.000000000000014,clear,0.0,27.2,"weekend_pattern,recent_waste_pressure,high_uncertainty","For Country Sourdough at Mid Valley Mall during morning, forecast demand range is 24–50 units with median 30. Recommended prep is 30 units. Expected waste is about 1.5 units and expected stockout is about 5.0 units. The optimizer recommends staying close to the median forecast because the waste and stockout tradeoff is balanced.",lightgbm_p50_v1,tweedie_count
fcst_097,2022-10-01,mid_valley_mall,Mid Valley Mall,high_traffic_mall,fruit_tart,Fruit Tart,Dessert,evening,0,1,6,4,above_p50_service_protection,12.35,2.5,0.5,0.0,10.450000000000001,clear,0.0,27.2,"weekend_pattern,recent_waste_pressure","For Fruit Tart at Mid Valley Mall during evening, forecast demand range is 0–6 units with median 1. Recommended prep is 4 units. Expected waste is about 2.5 units and expected stockout is about 0.5 units. The optimizer recommends preparing above the median forecast because the expected stockout cost is higher than the expected waste cost.",lightgbm_p50_v1,tweedie_count
fcst_098,2022-10-01,mid_valley_mall,Mid Valley Mall,high_traffic_mall,fruit_tart,Fruit Tart,Dessert,midday,0,6,11,8,above_p50_service_protection,15.675,3.0,0.75,0.0,8.075,clear,0.0,27.2,"weekend_pattern,recent_waste_pressure,high_uncertainty","For Fruit Tart at Mid Valley Mall during midday, forecast demand range is 0–11 units with median 6. Recommended prep is 8 units. Expected waste is about 3.0 units and expected stockout is about 0.8 units. The optimizer recommends preparing above the median forecast because the expected stockout cost is higher than the expected waste cost.",lightgbm_p50_v1,tweedie_count
fcst_099,2022-10-01,mid_valley_mall,Mid Valley Mall,high_traffic_mall,fruit_tart,Fruit Tart,Dessert,morning,1,3,6,4,above_p50_service_protection,7.6,1.25,0.5,0.0,10.449999999999998,clear,0.0,27.2,"weekend_pattern,recent_waste_pressure","For Fruit Tart at Mid Valley Mall during morning, forecast demand range is 1–6 units with median 3. Recommended prep is 4 units. Expected waste is about 1.2 units and expected stockout is about 0.5 units. The optimizer recommends preparing above the median forecast because the expected stockout cost is higher than the expected waste cost.",lightgbm_p50_v1,tweedie_count
fcst_100,2022-10-01,mid_valley_mall,Mid Valley Mall,high_traffic_mall,ham_cheese_sandwich,Ham & Cheese Sandwich,Savory,evening,0,0,0,0,conservative_low_prep,0.0,0.0,0.0,0.0,0.0,clear,0.0,27.2,"weekend_pattern,recent_waste_pressure","For Ham & Cheese Sandwich at Mid Valley Mall during evening, forecast demand range is 0–0 units with median 0. Recommended prep is 0 units. Expected waste is about 0.0 units and expected stockout is about 0.0 units. The optimizer recommends preparing below the median forecast because the expected waste risk is more expensive than the expected missed-sales risk.",lightgbm_p50_v1,tweedie_count
fcst_101,2022-10-01,mid_valley_mall,Mid Valley Mall,high_traffic_mall,ham_cheese_sandwich,Ham & Cheese Sandwich,Savory,midday,9,17,27,16,below_p50_cost_control,35.775,1.75,3.25,1.3500000000000014,20.92500000000001,clear,0.0,27.2,"weekend_pattern,recent_waste_pressure,high_uncertainty","For Ham & Cheese Sandwich at Mid Valley Mall during midday, forecast demand range is 9–27 units with median 17. Recommended prep is 16 units. Expected waste is about 1.8 units and expected stockout is about 3.2 units. The optimizer recommends preparing below the median forecast because the expected waste risk is more expensive than the expected missed-sales risk.",lightgbm_p50_v1,tweedie_count
fcst_102,2022-10-01,mid_valley_mall,Mid Valley Mall,high_traffic_mall,ham_cheese_sandwich,Ham & Cheese Sandwich,Savory,morning,0,4,10,4,near_p50_balanced,17.549999999999997,1.0,1.5,0.0,22.95000000000001,clear,0.0,27.2,"weekend_pattern,recent_waste_pressure,high_uncertainty","For Ham & Cheese Sandwich at Mid Valley Mall during morning, forecast demand range is 0–10 units with median 4. Recommended prep is 4 units. Expected waste is about 1.0 units and expected stockout is about 1.5 units. The optimizer recommends staying close to the median forecast because the waste and stockout tradeoff is balanced.",lightgbm_p50_v1,tweedie_count
fcst_103,2022-10-01,mid_valley_mall,Mid Valley Mall,high_traffic_mall,pain_au_chocolat,Pain au Chocolat,Pastry,evening,5,7,18,10,above_p50_service_protection,20.240000000000002,2.75,2.0,0.0,17.6,clear,0.0,27.2,"weekend_pattern,recent_waste_pressure,high_uncertainty","For Pain au Chocolat at Mid Valley Mall during evening, forecast demand range is 5–18 units with median 7. Recommended prep is 10 units. Expected waste is about 2.8 units and expected stockout is about 2.0 units. The optimizer recommends preparing above the median forecast because the expected stockout cost is higher than the expected waste cost.",lightgbm_p50_v1,tweedie_count
fcst_104,2022-10-01,mid_valley_mall,Mid Valley Mall,high_traffic_mall,pain_au_chocolat,Pain au Chocolat,Pastry,midday,0,5,11,10,above_p50_service_protection,18.92,5.0,0.25,0.0,15.400000000000006,clear,0.0,27.2,"weekend_pattern,recent_waste_pressure,high_uncertainty","For Pain au Chocolat at Mid Valley Mall during midday, forecast demand range is 0–11 units with median 5. Recommended prep is 10 units. Expected waste is about 5.0 units and expected stockout is about 0.2 units. The optimizer recommends preparing above the median forecast because the expected stockout cost is higher than the expected waste cost.",lightgbm_p50_v1,tweedie_count
fcst_105,2022-10-01,mid_valley_mall,Mid Valley Mall,high_traffic_mall,pain_au_chocolat,Pain au Chocolat,Pastry,morning,16,38,58,40,above_p50_service_protection,48.400000000000006,7.0,4.5,0.0,30.80000000000001,clear,0.0,27.2,"weekend_pattern,recent_waste_pressure,high_uncertainty","For Pain au Chocolat at Mid Valley Mall during morning, forecast demand range is 16–58 units with median 38. Recommended prep is 40 units. Expected waste is about 7.0 units and expected stockout is about 4.5 units. The optimizer recommends preparing above the median forecast because the expected stockout cost is higher than the expected waste cost.",lightgbm_p50_v1,tweedie_count
fcst_106,2022-10-01,mid_valley_mall,Mid Valley Mall,high_traffic_mall,traditional_baguette,Traditional Baguette,Bread,evening,20,55,90,60,above_p50_service_protection,33.25,12.5,7.5,0.0,15.750000000000007,clear,0.0,27.2,"weekend_pattern,recent_stockout_pressure,high_uncertainty","For Traditional Baguette at Mid Valley Mall during evening, forecast demand range is 20–90 units with median 55. Recommended prep is 60 units. Expected waste is about 12.5 units and expected stockout is about 7.5 units. The optimizer recommends preparing above the median forecast because the expected stockout cost is higher than the expected waste cost.",lightgbm_p50_v1,tweedie_count
fcst_107,2022-10-01,mid_valley_mall,Mid Valley Mall,high_traffic_mall,traditional_baguette,Traditional Baguette,Bread,midday,112,150,203,150,near_p50_balanced,41.125,9.5,13.25,0.0,37.625000000000014,clear,0.0,27.2,"weekend_pattern,recent_waste_pressure,high_uncertainty","For Traditional Baguette at Mid Valley Mall during midday, forecast demand range is 112–203 units with median 150. Recommended prep is 150 units. Expected waste is about 9.5 units and expected stockout is about 13.2 units. The optimizer recommends staying close to the median forecast because the waste and stockout tradeoff is balanced.",lightgbm_p50_v1,tweedie_count
fcst_108,2022-10-01,mid_valley_mall,Mid Valley Mall,high_traffic_mall,traditional_baguette,Traditional Baguette,Bread,morning,153,186,237,190,above_p50_service_protection,40.425,11.25,11.75,0.0,28.875,clear,0.0,27.2,"weekend_pattern,recent_stockout_pressure,recent_waste_pressure","For Traditional Baguette at Mid Valley Mall during morning, forecast demand range is 153–237 units with median 186. Recommended prep is 190 units. Expected waste is about 11.2 units and expected stockout is about 11.8 units. The optimizer recommends preparing above the median forecast because the expected stockout cost is higher than the expected waste cost.",lightgbm_p50_v1,tweedie_count
fcst_109,2022-10-01,mont_kiara_premium,Mont Kiara Premium,premium_residential,blueberry_muffin,Blueberry Muffin,Dessert,evening,1,2,3,6,high_service_p90_prep,12.0,4.0,0.0,0.0,0.0,clear,0.0,28.4,"weekend_pattern,recent_stockout_pressure","For Blueberry Muffin at Mont Kiara Premium during evening, forecast demand range is 1–3 units with median 2. Recommended prep is 6 units. Expected waste is about 4.0 units and expected stockout is about 0.0 units. The optimizer recommends preparing above the median forecast because the expected stockout cost is higher than the expected waste cost.",lightgbm_p50_v1,tweedie_count
fcst_110,2022-10-01,mont_kiara_premium,Mont Kiara Premium,premium_residential,blueberry_muffin,Blueberry Muffin,Dessert,midday,0,3,5,6,high_service_p90_prep,9.75,3.25,0.0,0.0,0.0,clear,0.0,28.4,"weekend_pattern,recent_stockout_pressure","For Blueberry Muffin at Mont Kiara Premium during midday, forecast demand range is 0–5 units with median 3. Recommended prep is 6 units. Expected waste is about 3.2 units and expected stockout is about 0.0 units. The optimizer recommends preparing above the median forecast because the expected stockout cost is higher than the expected waste cost.",lightgbm_p50_v1,tweedie_count
fcst_111,2022-10-01,mont_kiara_premium,Mont Kiara Premium,premium_residential,blueberry_muffin,Blueberry Muffin,Dessert,morning,2,5,8,6,above_p50_service_protection,6.75,1.5,0.5,0.0,14.25,clear,0.0,28.4,weekend_pattern,"For Blueberry Muffin at Mont Kiara Premium during morning, forecast demand range is 2–8 units with median 5. Recommended prep is 6 units. Expected waste is about 1.5 units and expected stockout is about 0.5 units. The optimizer recommends preparing above the median forecast because the expected stockout cost is higher than the expected waste cost.",lightgbm_p50_v1,tweedie_count
fcst_112,2022-10-01,mont_kiara_premium,Mont Kiara Premium,premium_residential,brioche,Brioche,Pastry,evening,0,0,0,0,conservative_low_prep,0.0,0.0,0.0,0.0,0.0,clear,0.0,28.4,weekend_pattern,"For Brioche at Mont Kiara Premium during evening, forecast demand range is 0–0 units with median 0. Recommended prep is 0 units. Expected waste is about 0.0 units and expected stockout is about 0.0 units. The optimizer recommends preparing below the median forecast because the expected waste risk is more expensive than the expected missed-sales risk.",lightgbm_p50_v1,tweedie_count
fcst_113,2022-10-01,mont_kiara_premium,Mont Kiara Premium,premium_residential,brioche,Brioche,Pastry,midday,0,0,1,0,conservative_low_prep,1.0499999999999998,0.0,0.25,0.0,15.05,clear,0.0,28.4,weekend_pattern,"For Brioche at Mont Kiara Premium during midday, forecast demand range is 0–1 units with median 0. Recommended prep is 0 units. Expected waste is about 0.0 units and expected stockout is about 0.2 units. The optimizer recommends preparing below the median forecast because the expected waste risk is more expensive than the expected missed-sales risk.",lightgbm_p50_v1,tweedie_count
fcst_114,2022-10-01,mont_kiara_premium,Mont Kiara Premium,premium_residential,brioche,Brioche,Pastry,morning,1,2,4,6,high_service_p90_prep,10.500000000000002,3.75,0.0,0.0,0.0,clear,0.0,28.4,"weekend_pattern,recent_waste_pressure","For Brioche at Mont Kiara Premium during morning, forecast demand range is 1–4 units with median 2. Recommended prep is 6 units. Expected waste is about 3.8 units and expected stockout is about 0.0 units. The optimizer recommends preparing above the median forecast because the expected stockout cost is higher than the expected waste cost.",lightgbm_p50_v1,tweedie_count
fcst_115,2022-10-01,mont_kiara_premium,Mont Kiara Premium,premium_residential,brownie,Brownie,Dessert,evening,0,0,0,0,conservative_low_prep,0.0,0.0,0.0,0.0,0.0,clear,0.0,28.4,weekend_pattern,"For Brownie at Mont Kiara Premium during evening, forecast demand range is 0–0 units with median 0. Recommended prep is 0 units. Expected waste is about 0.0 units and expected stockout is about 0.0 units. The optimizer recommends preparing below the median forecast because the expected waste risk is more expensive than the expected missed-sales risk.",lightgbm_p50_v1,tweedie_count
fcst_116,2022-10-01,mont_kiara_premium,Mont Kiara Premium,premium_residential,brownie,Brownie,Dessert,midday,0,0,0,0,conservative_low_prep,0.0,0.0,0.0,0.0,0.0,clear,0.0,28.4,weekend_pattern,"For Brownie at Mont Kiara Premium during midday, forecast demand range is 0–0 units with median 0. Recommended prep is 0 units. Expected waste is about 0.0 units and expected stockout is about 0.0 units. The optimizer recommends preparing below the median forecast because the expected waste risk is more expensive than the expected missed-sales risk.",lightgbm_p50_v1,tweedie_count
fcst_117,2022-10-01,mont_kiara_premium,Mont Kiara Premium,premium_residential,brownie,Brownie,Dessert,morning,0,0,0,0,conservative_low_prep,0.0,0.0,0.0,0.0,0.0,clear,0.0,28.4,weekend_pattern,"For Brownie at Mont Kiara Premium during morning, forecast demand range is 0–0 units with median 0. Recommended prep is 0 units. Expected waste is about 0.0 units and expected stockout is about 0.0 units. The optimizer recommends preparing below the median forecast because the expected waste risk is more expensive than the expected missed-sales risk.",lightgbm_p50_v1,tweedie_count
fcst_118,2022-10-01,mont_kiara_premium,Mont Kiara Premium,premium_residential,butter_croissant,Butter Croissant,Pastry,evening,5,8,18,10,above_p50_service_protection,17.85,2.25,2.0,0.0,17.000000000000007,clear,0.0,28.4,"weekend_pattern,recent_stockout_pressure,recent_waste_pressure,high_uncertainty","For Butter Croissant at Mont Kiara Premium during evening, forecast demand range is 5–18 units with median 8. Recommended prep is 10 units. Expected waste is about 2.2 units and expected stockout is about 2.0 units. The optimizer recommends preparing above the median forecast because the expected stockout cost is higher than the expected waste cost.",lightgbm_p50_v1,tweedie_count
fcst_119,2022-10-01,mont_kiara_premium,Mont Kiara Premium,premium_residential,butter_croissant,Butter Croissant,Pastry,midday,4,9,16,10,above_p50_service_protection,14.45,2.0,1.5,0.0,21.250000000000004,clear,0.0,28.4,"weekend_pattern,recent_waste_pressure,high_uncertainty","For Butter Croissant at Mont Kiara Premium during midday, forecast demand range is 4–16 units with median 9. Recommended prep is 10 units. Expected waste is about 2.0 units and expected stockout is about 1.5 units. The optimizer recommends preparing above the median forecast because the expected stockout cost is higher than the expected waste cost.",lightgbm_p50_v1,tweedie_count
fcst_120,2022-10-01,mont_kiara_premium,Mont Kiara Premium,premium_residential,butter_croissant,Butter Croissant,Pastry,morning,19,49,67,50,above_p50_service_protection,49.724999999999994,8.25,4.25,0.0,31.875000000000014,clear,0.0,28.4,"weekend_pattern,recent_waste_pressure,high_uncertainty","For Butter Croissant at Mont Kiara Premium during morning, forecast demand range is 19–67 units with median 49. Recommended prep is 50 units. Expected waste is about 8.2 units and expected stockout is about 4.2 units. The optimizer recommends preparing above the median forecast because the expected stockout cost is higher than the expected waste cost.",lightgbm_p50_v1,tweedie_count
fcst_121,2022-10-01,mont_kiara_premium,Mont Kiara Premium,premium_residential,cake_slice,Cake Slice,Dessert,evening,2,5,13,4,below_p50_cost_control,19.424999999999997,0.5,2.75,1.0500000000000043,21.525000000000006,clear,0.0,28.4,"weekend_pattern,recent_waste_pressure,high_uncertainty","For Cake Slice at Mont Kiara Premium during evening, forecast demand range is 2–13 units with median 5. Recommended prep is 4 units. Expected waste is about 0.5 units and expected stockout is about 2.8 units. The optimizer recommends preparing below the median forecast because the expected waste risk is more expensive than the expected missed-sales risk.",lightgbm_p50_v1,tweedie_count
fcst_122,2022-10-01,mont_kiara_premium,Mont Kiara Premium,premium_residential,cake_slice,Cake Slice,Dessert,midday,1,10,16,12,above_p50_service_protection,22.05,3.75,1.0,0.0,6.300000000000001,clear,0.0,28.4,"weekend_pattern,recent_stockout_pressure,high_uncertainty","For Cake Slice at Mont Kiara Premium during midday, forecast demand range is 1–16 units with median 10. Recommended prep is 12 units. Expected waste is about 3.8 units and expected stockout is about 1.0 units. The optimizer recommends preparing above the median forecast because the expected stockout cost is higher than the expected waste cost.",lightgbm_p50_v1,tweedie_count
fcst_123,2022-10-01,mont_kiara_premium,Mont Kiara Premium,premium_residential,cake_slice,Cake Slice,Dessert,morning,2,12,23,12,near_p50_balanced,27.825,2.5,2.75,0.0,21.525000000000002,clear,0.0,28.4,"weekend_pattern,recent_waste_pressure,high_uncertainty","For Cake Slice at Mont Kiara Premium during morning, forecast demand range is 2–23 units with median 12. Recommended prep is 12 units. Expected waste is about 2.5 units and expected stockout is about 2.8 units. The optimizer recommends staying close to the median forecast because the waste and stockout tradeoff is balanced.",lightgbm_p50_v1,tweedie_count
fcst_124,2022-10-01,mont_kiara_premium,Mont Kiara Premium,premium_residential,chocolate_cookie,Chocolate Cookie,Dessert,evening,0,0,2,0,conservative_low_prep,1.5,0.0,0.5,0.0,21.5,clear,0.0,28.4,"weekend_pattern,recent_stockout_pressure","For Chocolate Cookie at Mont Kiara Premium during evening, forecast demand range is 0–2 units with median 0. Recommended prep is 0 units. Expected waste is about 0.0 units and expected stockout is about 0.5 units. The optimizer recommends preparing below the median forecast because the expected waste risk is more expensive than the expected missed-sales risk.",lightgbm_p50_v1,tweedie_count
fcst_125,2022-10-01,mont_kiara_premium,Mont Kiara Premium,premium_residential,chocolate_cookie,Chocolate Cookie,Dessert,midday,0,0,0,0,conservative_low_prep,0.0,0.0,0.0,0.0,0.0,clear,0.0,28.4,weekend_pattern,"For Chocolate Cookie at Mont Kiara Premium during midday, forecast demand range is 0–0 units with median 0. Recommended prep is 0 units. Expected waste is about 0.0 units and expected stockout is about 0.0 units. The optimizer recommends preparing below the median forecast because the expected waste risk is more expensive than the expected missed-sales risk.",lightgbm_p50_v1,tweedie_count
fcst_126,2022-10-01,mont_kiara_premium,Mont Kiara Premium,premium_residential,chocolate_cookie,Chocolate Cookie,Dessert,morning,0,0,0,0,conservative_low_prep,0.0,0.0,0.0,0.0,0.0,clear,0.0,28.4,"weekend_pattern,recent_stockout_pressure","For Chocolate Cookie at Mont Kiara Premium during morning, forecast demand range is 0–0 units with median 0. Recommended prep is 0 units. Expected waste is about 0.0 units and expected stockout is about 0.0 units. The optimizer recommends preparing below the median forecast because the expected waste risk is more expensive than the expected missed-sales risk.",lightgbm_p50_v1,tweedie_count
fcst_127,2022-10-01,mont_kiara_premium,Mont Kiara Premium,premium_residential,coffee_bun_sweet_bun,Coffee Bun / Sweet Bun,Pastry,evening,0,3,11,6,above_p50_service_protection,12.675,3.0,1.25,0.0,7.474999999999998,clear,0.0,28.4,"weekend_pattern,recent_waste_pressure,high_uncertainty","For Coffee Bun / Sweet Bun at Mont Kiara Premium during evening, forecast demand range is 0–11 units with median 3. Recommended prep is 6 units. Expected waste is about 3.0 units and expected stockout is about 1.2 units. The optimizer recommends preparing above the median forecast because the expected stockout cost is higher than the expected waste cost.",lightgbm_p50_v1,tweedie_count
fcst_128,2022-10-01,mont_kiara_premium,Mont Kiara Premium,premium_residential,coffee_bun_sweet_bun,Coffee Bun / Sweet Bun,Pastry,midday,0,5,7,6,above_p50_service_protection,6.175,2.0,0.25,0.0,13.974999999999998,clear,0.0,28.4,"weekend_pattern,recent_waste_pressure","For Coffee Bun / Sweet Bun at Mont Kiara Premium during midday, forecast demand range is 0–7 units with median 5. Recommended prep is 6 units. Expected waste is about 2.0 units and expected stockout is about 0.2 units. The optimizer recommends preparing above the median forecast because the expected stockout cost is higher than the expected waste cost.",lightgbm_p50_v1,tweedie_count
fcst_129,2022-10-01,mont_kiara_premium,Mont Kiara Premium,premium_residential,coffee_bun_sweet_bun,Coffee Bun / Sweet Bun,Pastry,morning,0,6,14,6,near_p50_balanced,11.7,1.5,2.0,0.0,18.200000000000006,clear,0.0,28.4,"weekend_pattern,recent_waste_pressure,high_uncertainty","For Coffee Bun / Sweet Bun at Mont Kiara Premium during morning, forecast demand range is 0–14 units with median 6. Recommended prep is 6 units. Expected waste is about 1.5 units and expected stockout is about 2.0 units. The optimizer recommends staying close to the median forecast because the waste and stockout tradeoff is balanced.",lightgbm_p50_v1,tweedie_count
fcst_130,2022-10-01,mont_kiara_premium,Mont Kiara Premium,premium_residential,country_sourdough,Country Sourdough,Bread,evening,8,12,25,15,above_p50_service_protection,33.6,3.25,2.5,0.0,18.000000000000007,clear,0.0,28.4,"weekend_pattern,recent_waste_pressure,high_uncertainty","For Country Sourdough at Mont Kiara Premium during evening, forecast demand range is 8–25 units with median 12. Recommended prep is 15 units. Expected waste is about 3.2 units and expected stockout is about 2.5 units. The optimizer recommends preparing above the median forecast because the expected stockout cost is higher than the expected waste cost.",lightgbm_p50_v1,tweedie_count
fcst_131,2022-10-01,mont_kiara_premium,Mont Kiara Premium,premium_residential,country_sourdough,Country Sourdough,Bread,midday,12,22,33,25,above_p50_service_protection,37.2,4.75,2.0,0.0,24.000000000000007,clear,0.0,28.4,"weekend_pattern,recent_waste_pressure,high_uncertainty","For Country Sourdough at Mont Kiara Premium during midday, forecast demand range is 12–33 units with median 22. Recommended prep is 25 units. Expected waste is about 4.8 units and expected stockout is about 2.0 units. The optimizer recommends preparing above the median forecast because the expected stockout cost is higher than the expected waste cost.",lightgbm_p50_v1,tweedie_count
fcst_132,2022-10-01,mont_kiara_premium,Mont Kiara Premium,premium_residential,country_sourdough,Country Sourdough,Bread,morning,26,34,52,35,above_p50_service_protection,43.8,2.75,4.25,0.0,45.000000000000014,clear,0.0,28.4,"weekend_pattern,high_uncertainty","For Country Sourdough at Mont Kiara Premium during morning, forecast demand range is 26–52 units with median 34. Recommended prep is 35 units. Expected waste is about 2.8 units and expected stockout is about 4.2 units. The optimizer recommends preparing above the median forecast because the expected stockout cost is higher than the expected waste cost.",lightgbm_p50_v1,tweedie_count
fcst_133,2022-10-01,mont_kiara_premium,Mont Kiara Premium,premium_residential,fruit_tart,Fruit Tart,Dessert,evening,1,2,7,4,above_p50_service_protection,10.925,1.75,0.75,0.0,8.075,clear,0.0,28.4,weekend_pattern,"For Fruit Tart at Mont Kiara Premium during evening, forecast demand range is 1–7 units with median 2. Recommended prep is 4 units. Expected waste is about 1.8 units and expected stockout is about 0.8 units. The optimizer recommends preparing above the median forecast because the expected stockout cost is higher than the expected waste cost.",lightgbm_p50_v1,tweedie_count
fcst_134,2022-10-01,mont_kiara_premium,Mont Kiara Premium,premium_residential,fruit_tart,Fruit Tart,Dessert,midday,0,6,11,8,above_p50_service_protection,15.675,3.0,0.75,0.0,8.075,clear,0.0,28.4,"weekend_pattern,recent_waste_pressure,high_uncertainty","For Fruit Tart at Mont Kiara Premium during midday, forecast demand range is 0–11 units with median 6. Recommended prep is 8 units. Expected waste is about 3.0 units and expected stockout is about 0.8 units. The optimizer recommends preparing above the median forecast because the expected stockout cost is higher than the expected waste cost.",lightgbm_p50_v1,tweedie_count
fcst_135,2022-10-01,mont_kiara_premium,Mont Kiara Premium,premium_residential,fruit_tart,Fruit Tart,Dessert,morning,1,4,9,4,near_p50_balanced,9.975,0.75,1.25,0.0,18.525000000000006,clear,0.0,28.4,"weekend_pattern,recent_waste_pressure,high_uncertainty","For Fruit Tart at Mont Kiara Premium during morning, forecast demand range is 1–9 units with median 4. Recommended prep is 4 units. Expected waste is about 0.8 units and expected stockout is about 1.2 units. The optimizer recommends staying close to the median forecast because the waste and stockout tradeoff is balanced.",lightgbm_p50_v1,tweedie_count
fcst_136,2022-10-01,mont_kiara_premium,Mont Kiara Premium,premium_residential,ham_cheese_sandwich,Ham & Cheese Sandwich,Savory,evening,0,0,0,0,conservative_low_prep,0.0,0.0,0.0,0.0,0.0,clear,0.0,28.4,"weekend_pattern,recent_waste_pressure","For Ham & Cheese Sandwich at Mont Kiara Premium during evening, forecast demand range is 0–0 units with median 0. Recommended prep is 0 units. Expected waste is about 0.0 units and expected stockout is about 0.0 units. The optimizer recommends preparing below the median forecast because the expected waste risk is more expensive than the expected missed-sales risk.",lightgbm_p50_v1,tweedie_count
fcst_137,2022-10-01,mont_kiara_premium,Mont Kiara Premium,premium_residential,ham_cheese_sandwich,Ham & Cheese Sandwich,Savory,midday,6,13,21,12,below_p50_cost_control,30.375,1.5,2.75,1.3500000000000014,27.674999999999997,clear,0.0,28.4,"weekend_pattern,recent_waste_pressure,high_uncertainty","For Ham & Cheese Sandwich at Mont Kiara Premium during midday, forecast demand range is 6–21 units with median 13. Recommended prep is 12 units. Expected waste is about 1.5 units and expected stockout is about 2.8 units. The optimizer recommends preparing below the median forecast because the expected waste risk is more expensive than the expected missed-sales risk.",lightgbm_p50_v1,tweedie_count
fcst_138,2022-10-01,mont_kiara_premium,Mont Kiara Premium,premium_residential,ham_cheese_sandwich,Ham & Cheese Sandwich,Savory,morning,0,4,9,4,near_p50_balanced,15.525,1.0,1.25,0.0,26.32500000000001,clear,0.0,28.4,"weekend_pattern,recent_waste_pressure,high_uncertainty","For Ham & Cheese Sandwich at Mont Kiara Premium during morning, forecast demand range is 0–9 units with median 4. Recommended prep is 4 units. Expected waste is about 1.0 units and expected stockout is about 1.2 units. The optimizer recommends staying close to the median forecast because the waste and stockout tradeoff is balanced.",lightgbm_p50_v1,tweedie_count
fcst_139,2022-10-01,mont_kiara_premium,Mont Kiara Premium,premium_residential,pain_au_chocolat,Pain au Chocolat,Pastry,evening,8,10,22,10,near_p50_balanced,17.6,0.5,3.0,0.0,26.400000000000006,clear,0.0,28.4,"weekend_pattern,recent_stockout_pressure,recent_waste_pressure,high_uncertainty","For Pain au Chocolat at Mont Kiara Premium during evening, forecast demand range is 8–22 units with median 10. Recommended prep is 10 units. Expected waste is about 0.5 units and expected stockout is about 3.0 units. The optimizer recommends staying close to the median forecast because the waste and stockout tradeoff is balanced.",lightgbm_p50_v1,tweedie_count
fcst_140,2022-10-01,mont_kiara_premium,Mont Kiara Premium,premium_residential,pain_au_chocolat,Pain au Chocolat,Pastry,midday,0,6,12,10,above_p50_service_protection,18.48,4.5,0.5,0.0,13.200000000000003,clear,0.0,28.4,"weekend_pattern,recent_waste_pressure,high_uncertainty","For Pain au Chocolat at Mont Kiara Premium during midday, forecast demand range is 0–12 units with median 6. Recommended prep is 10 units. Expected waste is about 4.5 units and expected stockout is about 0.5 units. The optimizer recommends preparing above the median forecast because the expected stockout cost is higher than the expected waste cost.",lightgbm_p50_v1,tweedie_count
fcst_141,2022-10-01,mont_kiara_premium,Mont Kiara Premium,premium_residential,pain_au_chocolat,Pain au Chocolat,Pastry,morning,8,42,63,45,above_p50_service_protection,61.60000000000001,10.75,4.5,0.0,30.80000000000001,clear,0.0,28.4,"weekend_pattern,recent_waste_pressure,high_uncertainty","For Pain au Chocolat at Mont Kiara Premium during morning, forecast demand range is 8–63 units with median 42. Recommended prep is 45 units. Expected waste is about 10.8 units and expected stockout is about 4.5 units. The optimizer recommends preparing above the median forecast because the expected stockout cost is higher than the expected waste cost.",lightgbm_p50_v1,tweedie_count
fcst_142,2022-10-01,mont_kiara_premium,Mont Kiara Premium,premium_residential,traditional_baguette,Traditional Baguette,Bread,evening,52,76,117,80,above_p50_service_protection,32.025,9.0,9.25,0.0,23.625000000000007,clear,0.0,28.4,"weekend_pattern,recent_stockout_pressure,high_uncertainty","For Traditional Baguette at Mont Kiara Premium during evening, forecast demand range is 52–117 units with median 76. Recommended prep is 80 units. Expected waste is about 9.0 units and expected stockout is about 9.2 units. The optimizer recommends preparing above the median forecast because the expected stockout cost is higher than the expected waste cost.",lightgbm_p50_v1,tweedie_count
fcst_143,2022-10-01,mont_kiara_premium,Mont Kiara Premium,premium_residential,traditional_baguette,Traditional Baguette,Bread,midday,106,129,159,130,above_p50_service_protection,24.324999999999996,6.5,7.25,0.0,16.625000000000014,clear,0.0,28.4,"weekend_pattern,recent_waste_pressure","For Traditional Baguette at Mont Kiara Premium during midday, forecast demand range is 106–159 units with median 129. Recommended prep is 130 units. Expected waste is about 6.5 units and expected stockout is about 7.2 units. The optimizer recommends preparing above the median forecast because the expected stockout cost is higher than the expected waste cost.",lightgbm_p50_v1,tweedie_count
fcst_144,2022-10-01,mont_kiara_premium,Mont Kiara Premium,premium_residential,traditional_baguette,Traditional Baguette,Bread,morning,147,184,235,190,above_p50_service_protection,42.875,13.75,11.25,0.0,30.625,clear,0.0,28.4,"weekend_pattern,recent_stockout_pressure,recent_waste_pressure","For Traditional Baguette at Mont Kiara Premium during morning, forecast demand range is 147–235 units with median 184. Recommended prep is 190 units. Expected waste is about 13.8 units and expected stockout is about 11.2 units. The optimizer recommends preparing above the median forecast because the expected stockout cost is higher than the expected waste cost.",lightgbm_p50_v1,tweedie_count
fcst_145,2022-10-01,subang_residential,Subang Residential,residential_neighbourhood,blueberry_muffin,Blueberry Muffin,Dessert,evening,0,0,0,0,conservative_low_prep,0.0,0.0,0.0,0.0,0.0,clear,0.0,29.5,"weekend_pattern,recent_stockout_pressure","For Blueberry Muffin at Subang Residential during evening, forecast demand range is 0–0 units with median 0. Recommended prep is 0 units. Expected waste is about 0.0 units and expected stockout is about 0.0 units. The optimizer recommends preparing below the median forecast because the expected waste risk is more expensive than the expected missed-sales risk.",lightgbm_p50_v1,tweedie_count
fcst_146,2022-10-01,subang_residential,Subang Residential,residential_neighbourhood,blueberry_muffin,Blueberry Muffin,Dessert,midday,0,0,1,0,conservative_low_prep,1.125,0.0,0.25,0.0,16.125,clear,0.0,29.5,"weekend_pattern,recent_stockout_pressure","For Blueberry Muffin at Subang Residential during midday, forecast demand range is 0–1 units with median 0. Recommended prep is 0 units. Expected waste is about 0.0 units and expected stockout is about 0.2 units. The optimizer recommends preparing below the median forecast because the expected waste risk is more expensive than the expected missed-sales risk.",lightgbm_p50_v1,tweedie_count
fcst_147,2022-10-01,subang_residential,Subang Residential,residential_neighbourhood,blueberry_muffin,Blueberry Muffin,Dessert,morning,0,1,4,6,high_service_p90_prep,13.5,4.5,0.0,0.0,0.0,clear,0.0,29.5,"weekend_pattern,recent_stockout_pressure","For Blueberry Muffin at Subang Residential during morning, forecast demand range is 0–4 units with median 1. Recommended prep is 6 units. Expected waste is about 4.5 units and expected stockout is about 0.0 units. The optimizer recommends preparing above the median forecast because the expected stockout cost is higher than the expected waste cost.",lightgbm_p50_v1,tweedie_count
fcst_148,2022-10-01,subang_residential,Subang Residential,residential_neighbourhood,brioche,Brioche,Pastry,evening,0,0,0,0,conservative_low_prep,0.0,0.0,0.0,0.0,0.0,clear,0.0,29.5,weekend_pattern,"For Brioche at Subang Residential during evening, forecast demand range is 0–0 units with median 0. Recommended prep is 0 units. Expected waste is about 0.0 units and expected stockout is about 0.0 units. The optimizer recommends preparing below the median forecast because the expected waste risk is more expensive than the expected missed-sales risk.",lightgbm_p50_v1,tweedie_count
fcst_149,2022-10-01,subang_residential,Subang Residential,residential_neighbourhood,brioche,Brioche,Pastry,midday,0,0,0,0,conservative_low_prep,0.0,0.0,0.0,0.0,0.0,clear,0.0,29.5,weekend_pattern,"For Brioche at Subang Residential during midday, forecast demand range is 0–0 units with median 0. Recommended prep is 0 units. Expected waste is about 0.0 units and expected stockout is about 0.0 units. The optimizer recommends preparing below the median forecast because the expected waste risk is more expensive than the expected missed-sales risk.",lightgbm_p50_v1,tweedie_count
fcst_150,2022-10-01,subang_residential,Subang Residential,residential_neighbourhood,brioche,Brioche,Pastry,morning,0,0,1,0,conservative_low_prep,1.0499999999999998,0.0,0.25,0.0,15.05,clear,0.0,29.5,"weekend_pattern,recent_stockout_pressure","For Brioche at Subang Residential during morning, forecast demand range is 0–1 units with median 0. Recommended prep is 0 units. Expected waste is about 0.0 units and expected stockout is about 0.2 units. The optimizer recommends preparing below the median forecast because the expected waste risk is more expensive than the expected missed-sales risk.",lightgbm_p50_v1,tweedie_count
fcst_151,2022-10-01,subang_residential,Subang Residential,residential_neighbourhood,brownie,Brownie,Dessert,evening,0,0,0,0,conservative_low_prep,0.0,0.0,0.0,0.0,0.0,clear,0.0,29.5,weekend_pattern,"For Brownie at Subang Residential during evening, forecast demand range is 0–0 units with median 0. Recommended prep is 0 units. Expected waste is about 0.0 units and expected stockout is about 0.0 units. The optimizer recommends preparing below the median forecast because the expected waste risk is more expensive than the expected missed-sales risk.",lightgbm_p50_v1,tweedie_count
fcst_152,2022-10-01,subang_residential,Subang Residential,residential_neighbourhood,brownie,Brownie,Dessert,midday,0,0,0,0,conservative_low_prep,0.0,0.0,0.0,0.0,0.0,clear,0.0,29.5,weekend_pattern,"For Brownie at Subang Residential during midday, forecast demand range is 0–0 units with median 0. Recommended prep is 0 units. Expected waste is about 0.0 units and expected stockout is about 0.0 units. The optimizer recommends preparing below the median forecast because the expected waste risk is more expensive than the expected missed-sales risk.",lightgbm_p50_v1,tweedie_count
fcst_153,2022-10-01,subang_residential,Subang Residential,residential_neighbourhood,brownie,Brownie,Dessert,morning,0,0,0,0,conservative_low_prep,0.0,0.0,0.0,0.0,0.0,clear,0.0,29.5,weekend_pattern,"For Brownie at Subang Residential during morning, forecast demand range is 0–0 units with median 0. Recommended prep is 0 units. Expected waste is about 0.0 units and expected stockout is about 0.0 units. The optimizer recommends preparing below the median forecast because the expected waste risk is more expensive than the expected missed-sales risk.",lightgbm_p50_v1,tweedie_count
fcst_154,2022-10-01,subang_residential,Subang Residential,residential_neighbourhood,butter_croissant,Butter Croissant,Pastry,evening,2,3,8,10,high_service_p90_prep,20.400000000000002,6.0,0.0,0.0,0.0,clear,0.0,29.5,"weekend_pattern,recent_waste_pressure","For Butter Croissant at Subang Residential during evening, forecast demand range is 2–8 units with median 3. Recommended prep is 10 units. Expected waste is about 6.0 units and expected stockout is about 0.0 units. The optimizer recommends preparing above the median forecast because the expected stockout cost is higher than the expected waste cost.",lightgbm_p50_v1,tweedie_count
fcst_155,2022-10-01,subang_residential,Subang Residential,residential_neighbourhood,butter_croissant,Butter Croissant,Pastry,midday,2,4,7,10,high_service_p90_prep,19.55,5.75,0.0,0.0,0.0,clear,0.0,29.5,weekend_pattern,"For Butter Croissant at Subang Residential during midday, forecast demand range is 2–7 units with median 4. Recommended prep is 10 units. Expected waste is about 5.8 units and expected stockout is about 0.0 units. The optimizer recommends preparing above the median forecast because the expected stockout cost is higher than the expected waste cost.",lightgbm_p50_v1,tweedie_count
fcst_156,2022-10-01,subang_residential,Subang Residential,residential_neighbourhood,butter_croissant,Butter Croissant,Pastry,morning,10,26,41,25,below_p50_cost_control,35.7,3.75,4.5,2.125,29.750000000000014,clear,0.0,29.5,"weekend_pattern,recent_waste_pressure,high_uncertainty","For Butter Croissant at Subang Residential during morning, forecast demand range is 10–41 units with median 26. Recommended prep is 25 units. Expected waste is about 3.8 units and expected stockout is about 4.5 units. The optimizer recommends preparing below the median forecast because the expected waste risk is more expensive than the expected missed-sales risk.",lightgbm_p50_v1,tweedie_count
fcst_157,2022-10-01,subang_residential,Subang Residential,residential_neighbourhood,cake_slice,Cake Slice,Dessert,evening,1,1,5,4,above_p50_service_protection,11.025,2.25,0.25,0.0,14.175000000000002,clear,0.0,29.5,"weekend_pattern,recent_waste_pressure","For Cake Slice at Subang Residential during evening, forecast demand range is 1–5 units with median 1. Recommended prep is 4 units. Expected waste is about 2.2 units and expected stockout is about 0.2 units. The optimizer recommends preparing above the median forecast because the expected stockout cost is higher than the expected waste cost.",lightgbm_p50_v1,tweedie_count
fcst_158,2022-10-01,subang_residential,Subang Residential,residential_neighbourhood,cake_slice,Cake Slice,Dessert,midday,0,3,6,4,above_p50_service_protection,9.450000000000001,1.5,0.5,0.0,11.549999999999999,clear,0.0,29.5,weekend_pattern,"For Cake Slice at Subang Residential during midday, forecast demand range is 0–6 units with median 3. Recommended prep is 4 units. Expected waste is about 1.5 units and expected stockout is about 0.5 units. The optimizer recommends preparing above the median forecast because the expected stockout cost is higher than the expected waste cost.",lightgbm_p50_v1,tweedie_count
fcst_159,2022-10-01,subang_residential,Subang Residential,residential_neighbourhood,cake_slice,Cake Slice,Dessert,morning,1,5,12,4,below_p50_cost_control,18.9,0.75,2.5,1.0500000000000043,7.350000000000001,clear,0.0,29.5,"weekend_pattern,recent_waste_pressure,high_uncertainty","For Cake Slice at Subang Residential during morning, forecast demand range is 1–12 units with median 5. Recommended prep is 4 units. Expected waste is about 0.8 units and expected stockout is about 2.5 units. The optimizer recommends preparing below the median forecast because the expected waste risk is more expensive than the expected missed-sales risk.",lightgbm_p50_v1,tweedie_count
fcst_160,2022-10-01,subang_residential,Subang Residential,residential_neighbourhood,chocolate_cookie,Chocolate Cookie,Dessert,evening,0,0,0,0,conservative_low_prep,0.0,0.0,0.0,0.0,0.0,clear,0.0,29.5,"weekend_pattern,recent_stockout_pressure","For Chocolate Cookie at Subang Residential during evening, forecast demand range is 0–0 units with median 0. Recommended prep is 0 units. Expected waste is about 0.0 units and expected stockout is about 0.0 units. The optimizer recommends preparing below the median forecast because the expected waste risk is more expensive than the expected missed-sales risk.",lightgbm_p50_v1,tweedie_count
fcst_161,2022-10-01,subang_residential,Subang Residential,residential_neighbourhood,chocolate_cookie,Chocolate Cookie,Dessert,midday,0,0,0,0,conservative_low_prep,0.0,0.0,0.0,0.0,0.0,clear,0.0,29.5,weekend_pattern,"For Chocolate Cookie at Subang Residential during midday, forecast demand range is 0–0 units with median 0. Recommended prep is 0 units. Expected waste is about 0.0 units and expected stockout is about 0.0 units. The optimizer recommends preparing below the median forecast because the expected waste risk is more expensive than the expected missed-sales risk.",lightgbm_p50_v1,tweedie_count
fcst_162,2022-10-01,subang_residential,Subang Residential,residential_neighbourhood,chocolate_cookie,Chocolate Cookie,Dessert,morning,0,0,0,0,conservative_low_prep,0.0,0.0,0.0,0.0,0.0,clear,0.0,29.5,"weekend_pattern,recent_stockout_pressure","For Chocolate Cookie at Subang Residential during morning, forecast demand range is 0–0 units with median 0. Recommended prep is 0 units. Expected waste is about 0.0 units and expected stockout is about 0.0 units. The optimizer recommends preparing below the median forecast because the expected waste risk is more expensive than the expected missed-sales risk.",lightgbm_p50_v1,tweedie_count
fcst_163,2022-10-01,subang_residential,Subang Residential,residential_neighbourhood,coffee_bun_sweet_bun,Coffee Bun / Sweet Bun,Pastry,evening,0,0,2,0,conservative_low_prep,1.95,0.0,0.5,0.0,12.350000000000001,clear,0.0,29.5,"weekend_pattern,recent_stockout_pressure","For Coffee Bun / Sweet Bun at Subang Residential during evening, forecast demand range is 0–2 units with median 0. Recommended prep is 0 units. Expected waste is about 0.0 units and expected stockout is about 0.5 units. The optimizer recommends preparing below the median forecast because the expected waste risk is more expensive than the expected missed-sales risk.",lightgbm_p50_v1,tweedie_count
fcst_164,2022-10-01,subang_residential,Subang Residential,residential_neighbourhood,coffee_bun_sweet_bun,Coffee Bun / Sweet Bun,Pastry,midday,0,2,4,6,high_service_p90_prep,10.400000000000002,4.0,0.0,0.0,0.0,clear,0.0,29.5,"weekend_pattern,recent_waste_pressure","For Coffee Bun / Sweet Bun at Subang Residential during midday, forecast demand range is 0–4 units with median 2. Recommended prep is 6 units. Expected waste is about 4.0 units and expected stockout is about 0.0 units. The optimizer recommends preparing above the median forecast because the expected stockout cost is higher than the expected waste cost.",lightgbm_p50_v1,tweedie_count
fcst_165,2022-10-01,subang_residential,Subang Residential,residential_neighbourhood,coffee_bun_sweet_bun,Coffee Bun / Sweet Bun,Pastry,morning,1,3,8,6,above_p50_service_protection,9.1,2.75,0.5,0.0,12.350000000000003,clear,0.0,29.5,"weekend_pattern,recent_waste_pressure","For Coffee Bun / Sweet Bun at Subang Residential during morning, forecast demand range is 1–8 units with median 3. Recommended prep is 6 units. Expected waste is about 2.8 units and expected stockout is about 0.5 units. The optimizer recommends preparing above the median forecast because the expected stockout cost is higher than the expected waste cost.",lightgbm_p50_v1,tweedie_count
fcst_166,2022-10-01,subang_residential,Subang Residential,residential_neighbourhood,country_sourdough,Country Sourdough,Bread,evening,4,5,13,5,near_p50_balanced,15.599999999999998,0.25,2.0,0.0,24.000000000000004,clear,0.0,29.5,"weekend_pattern,high_uncertainty","For Country Sourdough at Subang Residential during evening, forecast demand range is 4–13 units with median 5. Recommended prep is 5 units. Expected waste is about 0.2 units and expected stockout is about 2.0 units. The optimizer recommends staying close to the median forecast because the waste and stockout tradeoff is balanced.",lightgbm_p50_v1,tweedie_count
fcst_167,2022-10-01,subang_residential,Subang Residential,residential_neighbourhood,country_sourdough,Country Sourdough,Bread,midday,5,11,17,10,below_p50_cost_control,22.2,1.25,2.25,3.0000000000000036,21.00000000000001,clear,0.0,29.5,"weekend_pattern,recent_stockout_pressure,recent_waste_pressure,high_uncertainty","For Country Sourdough at Subang Residential during midday, forecast demand range is 5–17 units with median 11. Recommended prep is 10 units. Expected waste is about 1.2 units and expected stockout is about 2.2 units. The optimizer recommends preparing below the median forecast because the expected waste risk is more expensive than the expected missed-sales risk.",lightgbm_p50_v1,tweedie_count
fcst_168,2022-10-01,subang_residential,Subang Residential,residential_neighbourhood,country_sourdough,Country Sourdough,Bread,morning,13,20,33,20,near_p50_balanced,31.8,1.75,3.25,0.0,33.000000000000014,clear,0.0,29.5,"weekend_pattern,high_uncertainty","For Country Sourdough at Subang Residential during morning, forecast demand range is 13–33 units with median 20. Recommended prep is 20 units. Expected waste is about 1.8 units and expected stockout is about 3.2 units. The optimizer recommends staying close to the median forecast because the waste and stockout tradeoff is balanced.",lightgbm_p50_v1,tweedie_count
fcst_169,2022-10-01,subang_residential,Subang Residential,residential_neighbourhood,fruit_tart,Fruit Tart,Dessert,evening,0,1,4,4,high_service_p90_prep,9.5,2.5,0.0,0.0,0.0,clear,0.0,29.5,weekend_pattern,"For Fruit Tart at Subang Residential during evening, forecast demand range is 0–4 units with median 1. Recommended prep is 4 units. Expected waste is about 2.5 units and expected stockout is about 0.0 units. The optimizer recommends preparing above the median forecast because the expected stockout cost is higher than the expected waste cost.",lightgbm_p50_v1,tweedie_count
fcst_170,2022-10-01,subang_residential,Subang Residential,residential_neighbourhood,fruit_tart,Fruit Tart,Dessert,midday,0,2,5,4,above_p50_service_protection,9.025,2.0,0.25,0.0,12.825000000000001,clear,0.0,29.5,"weekend_pattern,recent_waste_pressure","For Fruit Tart at Subang Residential during midday, forecast demand range is 0–5 units with median 2. Recommended prep is 4 units. Expected waste is about 2.0 units and expected stockout is about 0.2 units. The optimizer recommends preparing above the median forecast because the expected stockout cost is higher than the expected waste cost.",lightgbm_p50_v1,tweedie_count
fcst_171,2022-10-01,subang_residential,Subang Residential,residential_neighbourhood,fruit_tart,Fruit Tart,Dessert,morning,1,2,4,4,high_service_p90_prep,6.65,1.75,0.0,0.0,0.0,clear,0.0,29.5,"weekend_pattern,recent_waste_pressure","For Fruit Tart at Subang Residential during morning, forecast demand range is 1–4 units with median 2. Recommended prep is 4 units. Expected waste is about 1.8 units and expected stockout is about 0.0 units. The optimizer recommends preparing above the median forecast because the expected stockout cost is higher than the expected waste cost.",lightgbm_p50_v1,tweedie_count
fcst_172,2022-10-01,subang_residential,Subang Residential,residential_neighbourhood,ham_cheese_sandwich,Ham & Cheese Sandwich,Savory,evening,0,0,0,0,conservative_low_prep,0.0,0.0,0.0,0.0,0.0,clear,0.0,29.5,"weekend_pattern,recent_waste_pressure","For Ham & Cheese Sandwich at Subang Residential during evening, forecast demand range is 0–0 units with median 0. Recommended prep is 0 units. Expected waste is about 0.0 units and expected stockout is about 0.0 units. The optimizer recommends preparing below the median forecast because the expected waste risk is more expensive than the expected missed-sales risk.",lightgbm_p50_v1,tweedie_count
fcst_173,2022-10-01,subang_residential,Subang Residential,residential_neighbourhood,ham_cheese_sandwich,Ham & Cheese Sandwich,Savory,midday,2,6,9,8,above_p50_service_protection,15.525000000000002,2.5,0.25,0.0,18.224999999999998,clear,0.0,29.5,"weekend_pattern,recent_stockout_pressure,recent_waste_pressure","For Ham & Cheese Sandwich at Subang Residential during midday, forecast demand range is 2–9 units with median 6. Recommended prep is 8 units. Expected waste is about 2.5 units and expected stockout is about 0.2 units. The optimizer recommends preparing above the median forecast because the expected stockout cost is higher than the expected waste cost.",lightgbm_p50_v1,tweedie_count
fcst_174,2022-10-01,subang_residential,Subang Residential,residential_neighbourhood,ham_cheese_sandwich,Ham & Cheese Sandwich,Savory,morning,0,2,4,4,high_service_p90_prep,10.8,2.0,0.0,0.0,0.0,clear,0.0,29.5,"weekend_pattern,recent_waste_pressure","For Ham & Cheese Sandwich at Subang Residential during morning, forecast demand range is 0–4 units with median 2. Recommended prep is 4 units. Expected waste is about 2.0 units and expected stockout is about 0.0 units. The optimizer recommends preparing above the median forecast because the expected stockout cost is higher than the expected waste cost.",lightgbm_p50_v1,tweedie_count
fcst_175,2022-10-01,subang_residential,Subang Residential,residential_neighbourhood,pain_au_chocolat,Pain au Chocolat,Pastry,evening,2,3,8,10,high_service_p90_prep,21.120000000000005,6.0,0.0,0.0,0.0,clear,0.0,29.5,"weekend_pattern,recent_waste_pressure","For Pain au Chocolat at Subang Residential during evening, forecast demand range is 2–8 units with median 3. Recommended prep is 10 units. Expected waste is about 6.0 units and expected stockout is about 0.0 units. The optimizer recommends preparing above the median forecast because the expected stockout cost is higher than the expected waste cost.",lightgbm_p50_v1,tweedie_count
fcst_176,2022-10-01,subang_residential,Subang Residential,residential_neighbourhood,pain_au_chocolat,Pain au Chocolat,Pastry,midday,0,2,6,10,high_service_p90_prep,26.400000000000002,7.5,0.0,0.0,0.0,clear,0.0,29.5,weekend_pattern,"For Pain au Chocolat at Subang Residential during midday, forecast demand range is 0–6 units with median 2. Recommended prep is 10 units. Expected waste is about 7.5 units and expected stockout is about 0.0 units. The optimizer recommends preparing above the median forecast because the expected stockout cost is higher than the expected waste cost.",lightgbm_p50_v1,tweedie_count
fcst_177,2022-10-01,subang_residential,Subang Residential,residential_neighbourhood,pain_au_chocolat,Pain au Chocolat,Pastry,morning,9,19,32,20,above_p50_service_protection,27.28,3.25,3.0,0.0,26.400000000000006,clear,0.0,29.5,"weekend_pattern,recent_waste_pressure,high_uncertainty","For Pain au Chocolat at Subang Residential during morning, forecast demand range is 9–32 units with median 19. Recommended prep is 20 units. Expected waste is about 3.2 units and expected stockout is about 3.0 units. The optimizer recommends preparing above the median forecast because the expected stockout cost is higher than the expected waste cost.",lightgbm_p50_v1,tweedie_count
fcst_178,2022-10-01,subang_residential,Subang Residential,residential_neighbourhood,traditional_baguette,Traditional Baguette,Bread,evening,23,32,53,30,below_p50_cost_control,16.624999999999996,1.75,6.75,1.7500000000000036,18.37500000000001,clear,0.0,29.5,"weekend_pattern,recent_stockout_pressure,high_uncertainty","For Traditional Baguette at Subang Residential during evening, forecast demand range is 23–53 units with median 32. Recommended prep is 30 units. Expected waste is about 1.8 units and expected stockout is about 6.8 units. The optimizer recommends preparing below the median forecast because the expected waste risk is more expensive than the expected missed-sales risk.",lightgbm_p50_v1,tweedie_count
fcst_179,2022-10-01,subang_residential,Subang Residential,residential_neighbourhood,traditional_baguette,Traditional Baguette,Bread,midday,42,63,97,60,below_p50_cost_control,28.874999999999996,4.5,10.75,3.552713678800501e-15,18.375000000000004,clear,0.0,29.5,"weekend_pattern,recent_waste_pressure,high_uncertainty","For Traditional Baguette at Subang Residential during midday, forecast demand range is 42–97 units with median 63. Recommended prep is 60 units. Expected waste is about 4.5 units and expected stockout is about 10.8 units. The optimizer recommends preparing below the median forecast because the expected waste risk is more expensive than the expected missed-sales risk.",lightgbm_p50_v1,tweedie_count
fcst_180,2022-10-01,subang_residential,Subang Residential,residential_neighbourhood,traditional_baguette,Traditional Baguette,Bread,morning,103,121,161,120,below_p50_cost_control,28.524999999999995,4.25,10.75,3.5000000000000036,32.375000000000014,clear,0.0,29.5,weekend_pattern,"For Traditional Baguette at Subang Residential during morning, forecast demand range is 103–161 units with median 121. Recommended prep is 120 units. Expected waste is about 4.2 units and expected stockout is about 10.8 units. The optimizer recommends preparing below the median forecast because the expected waste risk is more expensive than the expected missed-sales risk.",lightgbm_p50_v1,tweedie_count
