date,sku_id,sku_name,sku_category,daypart,base_quantity_sold,avg_unit_price
2024-08-03,brioche,Brioche,Pastry,midday,1,5.0
2024-08-03,brioche,Brioche,Pastry,morning,1,5.0
2024-08-03,butter_croissant,Butter Croissant,Pastry,midday,20,1.1
2024-08-03,butter_croissant,Butter Croissant,Pastry,morning,46,1.1
2024-08-03,chocolate_cookie,Chocolate Cookie,Dessert,midday,7,1.0
2024-08-03,chocolate_cookie,Chocolate Cookie,Dessert,morning,1,1.0
2024-08-03,coffee_bun_sweet_bun,Coffee Bun / Sweet Bun,Pastry,midday,5,4.8
2024-08-03,coffee_bun_sweet_bun,Coffee Bun / Sweet Bun,Pastry,morning,3,2.1
2024-08-03,country_sourdough,Country Sourdough,Bread,midday,35,1.62
2024-08-03,country_sourdough,Country Sourdough,Bread,morning,11,1.7388888888888887
2024-08-03,ham_cheese_sandwich,Ham & Cheese Sandwich,Savory,midday,7,4.0
2024-08-03,ham_cheese_sandwich,Ham & Cheese Sandwich,Savory,morning,4,3.5
2024-08-03,pain_au_chocolat,Pain au Chocolat,Pastry,midday,20,1.2
2024-08-03,pain_au_chocolat,Pain au Chocolat,Pastry,morning,28,1.2
2024-08-03,traditional_baguette,Traditional Baguette,Bread,midday,128,1.0972972972972974
2024-08-03,traditional_baguette,Traditional Baguette,Bread,morning,66,1.1564516129032258
2024-08-04,brioche,Brioche,Pastry,morning,3,5.0
2024-08-04,butter_croissant,Butter Croissant,Pastry,midday,24,1.1
2024-08-04,butter_croissant,Butter Croissant,Pastry,morning,35,1.1
2024-08-04,chocolate_cookie,Chocolate Cookie,Dessert,morning,2,1.0
2024-08-04,coffee_bun_sweet_bun,Coffee Bun / Sweet Bun,Pastry,midday,2,7.5
2024-08-04,coffee_bun_sweet_bun,Coffee Bun / Sweet Bun,Pastry,morning,5,3.9
2024-08-04,country_sourdough,Country Sourdough,Bread,midday,32,1.7589285714285714
2024-08-04,country_sourdough,Country Sourdough,Bread,morning,5,1.4
2024-08-04,pain_au_chocolat,Pain au Chocolat,Pastry,midday,6,1.2
2024-08-04,pain_au_chocolat,Pain au Chocolat,Pastry,morning,39,1.2
2024-08-04,traditional_baguette,Traditional Baguette,Bread,midday,160,1.1481651376146789
2024-08-04,traditional_baguette,Traditional Baguette,Bread,morning,75,1.08375
2024-08-05,brioche,Brioche,Pastry,evening,1,5.0
2024-08-05,butter_croissant,Butter Croissant,Pastry,midday,1,1.1
2024-08-05,butter_croissant,Butter Croissant,Pastry,morning,16,1.1
2024-08-05,chocolate_cookie,Chocolate Cookie,Dessert,midday,2,1.0
2024-08-05,coffee_bun_sweet_bun,Coffee Bun / Sweet Bun,Pastry,evening,3,4.8
2024-08-05,coffee_bun_sweet_bun,Coffee Bun / Sweet Bun,Pastry,midday,1,7.5
2024-08-05,country_sourdough,Country Sourdough,Bread,evening,4,2.075
2024-08-05,country_sourdough,Country Sourdough,Bread,midday,10,1.7999999999999998
2024-08-05,country_sourdough,Country Sourdough,Bread,morning,7,1.3166666666666667
2024-08-05,ham_cheese_sandwich,Ham & Cheese Sandwich,Savory,evening,1,2.5
2024-08-05,ham_cheese_sandwich,Ham & Cheese Sandwich,Savory,midday,8,5.0
2024-08-05,ham_cheese_sandwich,Ham & Cheese Sandwich,Savory,morning,3,4.166666666666667
2024-08-05,pain_au_chocolat,Pain au Chocolat,Pastry,evening,2,1.2
2024-08-05,pain_au_chocolat,Pain au Chocolat,Pastry,midday,1,1.2
2024-08-05,pain_au_chocolat,Pain au Chocolat,Pastry,morning,14,1.2
2024-08-05,traditional_baguette,Traditional Baguette,Bread,evening,40,1.1704545454545454
2024-08-05,traditional_baguette,Traditional Baguette,Bread,midday,89,1.1362745098039215
2024-08-05,traditional_baguette,Traditional Baguette,Bread,morning,36,1.1
2024-08-06,brioche,Brioche,Pastry,midday,2,5.0
2024-08-06,butter_croissant,Butter Croissant,Pastry,midday,4,1.2
2024-08-06,butter_croissant,Butter Croissant,Pastry,morning,10,1.1428571428571428
2024-08-06,chocolate_cookie,Chocolate Cookie,Dessert,midday,5,1.0
2024-08-06,chocolate_cookie,Chocolate Cookie,Dessert,morning,1,1.0
2024-08-06,coffee_bun_sweet_bun,Coffee Bun / Sweet Bun,Pastry,morning,5,2.1
2024-08-06,country_sourdough,Country Sourdough,Bread,evening,11,1.625
2024-08-06,country_sourdough,Country Sourdough,Bread,midday,12,1.7541666666666667
2024-08-06,country_sourdough,Country Sourdough,Bread,morning,8,1.6428571428571428
2024-08-06,ham_cheese_sandwich,Ham & Cheese Sandwich,Savory,midday,19,5.533333333333333
2024-08-06,ham_cheese_sandwich,Ham & Cheese Sandwich,Savory,morning,1,4.5
2024-08-06,pain_au_chocolat,Pain au Chocolat,Pastry,evening,2,1.2
2024-08-06,pain_au_chocolat,Pain au Chocolat,Pastry,midday,2,1.2
2024-08-06,pain_au_chocolat,Pain au Chocolat,Pastry,morning,2,1.2
2024-08-06,traditional_baguette,Traditional Baguette,Bread,evening,26,1.1785714285714286
2024-08-06,traditional_baguette,Traditional Baguette,Bread,midday,85,1.1142857142857143
2024-08-06,traditional_baguette,Traditional Baguette,Bread,morning,27,1.0375
2024-08-08,brioche,Brioche,Pastry,midday,1,5.0
2024-08-08,butter_croissant,Butter Croissant,Pastry,midday,14,1.22
2024-08-08,butter_croissant,Butter Croissant,Pastry,morning,4,1.2
2024-08-08,chocolate_cookie,Chocolate Cookie,Dessert,evening,2,1.0
2024-08-08,chocolate_cookie,Chocolate Cookie,Dessert,midday,1,1.0
2024-08-08,country_sourdough,Country Sourdough,Bread,evening,4,1.9
2024-08-08,country_sourdough,Country Sourdough,Bread,midday,14,1.9318181818181819
2024-08-08,country_sourdough,Country Sourdough,Bread,morning,8,1.3
2024-08-08,ham_cheese_sandwich,Ham & Cheese Sandwich,Savory,evening,1,5.0
2024-08-08,ham_cheese_sandwich,Ham & Cheese Sandwich,Savory,midday,11,5.666666666666667
2024-08-08,ham_cheese_sandwich,Ham & Cheese Sandwich,Savory,morning,2,4.5
2024-08-08,pain_au_chocolat,Pain au Chocolat,Pastry,evening,1,1.2
2024-08-08,pain_au_chocolat,Pain au Chocolat,Pastry,midday,3,1.2
2024-08-08,pain_au_chocolat,Pain au Chocolat,Pastry,morning,11,1.2
2024-08-08,traditional_baguette,Traditional Baguette,Bread,evening,31,1.1921052631578946
2024-08-08,traditional_baguette,Traditional Baguette,Bread,midday,87,1.107258064516129
2024-08-08,traditional_baguette,Traditional Baguette,Bread,morning,27,1.1178571428571429
2024-08-09,brioche,Brioche,Pastry,midday,1,5.0
2024-08-09,butter_croissant,Butter Croissant,Pastry,midday,19,1.1
2024-08-09,butter_croissant,Butter Croissant,Pastry,morning,21,1.1
2024-08-09,chocolate_cookie,Chocolate Cookie,Dessert,evening,2,1.0
2024-08-09,chocolate_cookie,Chocolate Cookie,Dessert,midday,3,1.0
2024-08-09,coffee_bun_sweet_bun,Coffee Bun / Sweet Bun,Pastry,midday,2,2.1
2024-08-09,country_sourdough,Country Sourdough,Bread,evening,8,1.842857142857143
2024-08-09,country_sourdough,Country Sourdough,Bread,midday,22,1.7023809523809523
2024-08-09,country_sourdough,Country Sourdough,Bread,morning,2,1.4
2024-08-09,ham_cheese_sandwich,Ham & Cheese Sandwich,Savory,evening,1,6.5
2024-08-09,ham_cheese_sandwich,Ham & Cheese Sandwich,Savory,midday,15,4.642857142857143
2024-08-09,ham_cheese_sandwich,Ham & Cheese Sandwich,Savory,morning,3,5.5
2024-08-09,pain_au_chocolat,Pain au Chocolat,Pastry,midday,16,1.2
2024-08-09,pain_au_chocolat,Pain au Chocolat,Pastry,morning,8,1.2
2024-08-09,traditional_baguette,Traditional Baguette,Bread,evening,17,1.175
2024-08-09,traditional_baguette,Traditional Baguette,Bread,midday,72,1.097872340425532
2024-08-09,traditional_baguette,Traditional Baguette,Bread,morning,16,1.1033333333333333
2024-08-10,brioche,Brioche,Pastry,midday,2,5.0
2024-08-10,butter_croissant,Butter Croissant,Pastry,evening,14,1.1
2024-08-10,butter_croissant,Butter Croissant,Pastry,midday,2,1.1
2024-08-10,butter_croissant,Butter Croissant,Pastry,morning,17,1.1
2024-08-10,chocolate_cookie,Chocolate Cookie,Dessert,evening,1,1.0
2024-08-10,chocolate_cookie,Chocolate Cookie,Dessert,midday,1,1.0
2024-08-10,coffee_bun_sweet_bun,Coffee Bun / Sweet Bun,Pastry,evening,1,2.1
2024-08-10,country_sourdough,Country Sourdough,Bread,evening,3,1.45
2024-08-10,country_sourdough,Country Sourdough,Bread,midday,20,1.9823529411764704
2024-08-10,country_sourdough,Country Sourdough,Bread,morning,8,1.5166666666666666
2024-08-10,ham_cheese_sandwich,Ham & Cheese Sandwich,Savory,midday,4,6.5
2024-08-10,pain_au_chocolat,Pain au Chocolat,Pastry,evening,4,1.2
2024-08-10,pain_au_chocolat,Pain au Chocolat,Pastry,midday,2,1.2
2024-08-10,pain_au_chocolat,Pain au Chocolat,Pastry,morning,19,1.2
2024-08-10,traditional_baguette,Traditional Baguette,Bread,evening,15,1.1727272727272726
2024-08-10,traditional_baguette,Traditional Baguette,Bread,midday,119,1.145138888888889
2024-08-10,traditional_baguette,Traditional Baguette,Bread,morning,36,1.17
2024-08-11,brioche,Brioche,Pastry,morning,2,5.0
2024-08-11,butter_croissant,Butter Croissant,Pastry,midday,15,1.1857142857142857
2024-08-11,butter_croissant,Butter Croissant,Pastry,morning,36,1.1
2024-08-11,chocolate_cookie,Chocolate Cookie,Dessert,midday,4,1.0
2024-08-11,coffee_bun_sweet_bun,Coffee Bun / Sweet Bun,Pastry,midday,4,2.1
2024-08-11,coffee_bun_sweet_bun,Coffee Bun / Sweet Bun,Pastry,morning,2,2.1
2024-08-11,country_sourdough,Country Sourdough,Bread,midday,26,1.910869565217391
2024-08-11,country_sourdough,Country Sourdough,Bread,morning,4,1.4
2024-08-11,pain_au_chocolat,Pain au Chocolat,Pastry,midday,19,1.2
2024-08-11,pain_au_chocolat,Pain au Chocolat,Pastry,morning,23,1.2
2024-08-11,traditional_baguette,Traditional Baguette,Bread,midday,148,1.1536458333333333
2024-08-11,traditional_baguette,Traditional Baguette,Bread,morning,49,1.0866666666666667
2024-08-12,brioche,Brioche,Pastry,evening,1,5.0
2024-08-12,brioche,Brioche,Pastry,midday,1,5.0
2024-08-12,butter_croissant,Butter Croissant,Pastry,evening,2,1.4
2024-08-12,butter_croissant,Butter Croissant,Pastry,midday,3,1.1
2024-08-12,butter_croissant,Butter Croissant,Pastry,morning,13,1.1428571428571428
2024-08-12,chocolate_cookie,Chocolate Cookie,Dessert,morning,7,1.0
2024-08-12,coffee_bun_sweet_bun,Coffee Bun / Sweet Bun,Pastry,midday,2,2.1
2024-08-12,country_sourdough,Country Sourdough,Bread,evening,8,1.6500000000000001
2024-08-12,country_sourdough,Country Sourdough,Bread,midday,13,1.29
2024-08-12,country_sourdough,Country Sourdough,Bread,morning,6,1.94
2024-08-12,ham_cheese_sandwich,Ham & Cheese Sandwich,Savory,midday,15,5.0
2024-08-12,ham_cheese_sandwich,Ham & Cheese Sandwich,Savory,morning,1,6.5
2024-08-12,pain_au_chocolat,Pain au Chocolat,Pastry,evening,4,1.2
2024-08-12,pain_au_chocolat,Pain au Chocolat,Pastry,midday,7,1.2
2024-08-12,pain_au_chocolat,Pain au Chocolat,Pastry,morning,6,1.2
2024-08-12,traditional_baguette,Traditional Baguette,Bread,evening,20,1.157142857142857
2024-08-12,traditional_baguette,Traditional Baguette,Bread,midday,68,1.1452380952380952
2024-08-12,traditional_baguette,Traditional Baguette,Bread,morning,41,1.0392857142857141
2024-08-13,butter_croissant,Butter Croissant,Pastry,evening,2,1.25
2024-08-13,butter_croissant,Butter Croissant,Pastry,midday,11,1.1
2024-08-13,butter_croissant,Butter Croissant,Pastry,morning,12,1.1
2024-08-13,chocolate_cookie,Chocolate Cookie,Dessert,midday,5,1.0
2024-08-13,chocolate_cookie,Chocolate Cookie,Dessert,morning,1,1.0
2024-08-13,coffee_bun_sweet_bun,Coffee Bun / Sweet Bun,Pastry,midday,1,2.1
2024-08-13,country_sourdough,Country Sourdough,Bread,evening,3,1.4666666666666668
2024-08-13,country_sourdough,Country Sourdough,Bread,midday,14,1.6615384615384616
2024-08-13,country_sourdough,Country Sourdough,Bread,morning,2,2.95
2024-08-13,ham_cheese_sandwich,Ham & Cheese Sandwich,Savory,midday,11,5.277777777777778
2024-08-13,pain_au_chocolat,Pain au Chocolat,Pastry,evening,1,1.2
2024-08-13,pain_au_chocolat,Pain au Chocolat,Pastry,midday,3,1.2
2024-08-13,pain_au_chocolat,Pain au Chocolat,Pastry,morning,8,1.2
2024-08-13,traditional_baguette,Traditional Baguette,Bread,evening,28,1.0916666666666666
2024-08-13,traditional_baguette,Traditional Baguette,Bread,midday,61,1.0769230769230769
2024-08-13,traditional_baguette,Traditional Baguette,Bread,morning,17,1.0909090909090908
2024-08-15,brioche,Brioche,Pastry,midday,1,5.0
2024-08-15,butter_croissant,Butter Croissant,Pastry,evening,7,1.25
2024-08-15,butter_croissant,Butter Croissant,Pastry,midday,3,1.1
2024-08-15,butter_croissant,Butter Croissant,Pastry,morning,17,1.1
2024-08-15,chocolate_cookie,Chocolate Cookie,Dessert,evening,1,1.0
2024-08-15,chocolate_cookie,Chocolate Cookie,Dessert,midday,1,1.0
2024-08-15,chocolate_cookie,Chocolate Cookie,Dessert,morning,1,1.0
2024-08-15,coffee_bun_sweet_bun,Coffee Bun / Sweet Bun,Pastry,evening,2,2.1
2024-08-15,coffee_bun_sweet_bun,Coffee Bun / Sweet Bun,Pastry,midday,3,2.1
2024-08-15,country_sourdough,Country Sourdough,Bread,evening,4,1.7666666666666666
2024-08-15,country_sourdough,Country Sourdough,Bread,midday,15,1.8346153846153845
2024-08-15,country_sourdough,Country Sourdough,Bread,morning,7,1.44
2024-08-15,ham_cheese_sandwich,Ham & Cheese Sandwich,Savory,midday,15,5.428571428571429
2024-08-15,ham_cheese_sandwich,Ham & Cheese Sandwich,Savory,morning,1,4.5
2024-08-15,pain_au_chocolat,Pain au Chocolat,Pastry,evening,1,1.2
2024-08-15,pain_au_chocolat,Pain au Chocolat,Pastry,morning,17,1.2
2024-08-15,traditional_baguette,Traditional Baguette,Bread,evening,25,1.1527777777777777
2024-08-15,traditional_baguette,Traditional Baguette,Bread,midday,61,1.1470588235294117
2024-08-15,traditional_baguette,Traditional Baguette,Bread,morning,17,1.1033333333333333
2024-08-16,butter_croissant,Butter Croissant,Pastry,evening,5,1.25
2024-08-16,butter_croissant,Butter Croissant,Pastry,midday,5,1.1
2024-08-16,butter_croissant,Butter Croissant,Pastry,morning,30,1.1500000000000001
2024-08-16,chocolate_cookie,Chocolate Cookie,Dessert,midday,2,1.0
2024-08-16,coffee_bun_sweet_bun,Coffee Bun / Sweet Bun,Pastry,evening,3,2.1
2024-08-16,coffee_bun_sweet_bun,Coffee Bun / Sweet Bun,Pastry,midday,1,2.1
2024-08-16,country_sourdough,Country Sourdough,Bread,evening,4,1.7
2024-08-16,country_sourdough,Country Sourdough,Bread,midday,11,2.2409090909090907
2024-08-16,country_sourdough,Country Sourdough,Bread,morning,4,1.4666666666666668
2024-08-16,ham_cheese_sandwich,Ham & Cheese Sandwich,Savory,midday,24,5.217619047619047
2024-08-16,ham_cheese_sandwich,Ham & Cheese Sandwich,Savory,morning,1,3.5
2024-08-16,pain_au_chocolat,Pain au Chocolat,Pastry,evening,5,1.2
2024-08-16,pain_au_chocolat,Pain au Chocolat,Pastry,midday,4,1.2
2024-08-16,pain_au_chocolat,Pain au Chocolat,Pastry,morning,17,1.2
2024-08-16,traditional_baguette,Traditional Baguette,Bread,evening,36,1.1476190476190475
2024-08-16,traditional_baguette,Traditional Baguette,Bread,midday,62,1.172972972972973
2024-08-16,traditional_baguette,Traditional Baguette,Bread,morning,16,1.0125
2024-08-17,brioche,Brioche,Pastry,midday,2,5.0
2024-08-17,butter_croissant,Butter Croissant,Pastry,midday,15,1.1
2024-08-17,butter_croissant,Butter Croissant,Pastry,morning,12,1.1
2024-08-17,chocolate_cookie,Chocolate Cookie,Dessert,midday,4,1.0
2024-08-17,chocolate_cookie,Chocolate Cookie,Dessert,morning,3,1.0
2024-08-17,coffee_bun_sweet_bun,Coffee Bun / Sweet Bun,Pastry,midday,1,2.1
2024-08-17,country_sourdough,Country Sourdough,Bread,evening,10,1.725
2024-08-17,country_sourdough,Country Sourdough,Bread,midday,16,1.669230769230769
2024-08-17,country_sourdough,Country Sourdough,Bread,morning,6,2.2666666666666666
2024-08-17,ham_cheese_sandwich,Ham & Cheese Sandwich,Savory,midday,1,6.5
2024-08-17,pain_au_chocolat,Pain au Chocolat,Pastry,evening,2,1.2
2024-08-17,pain_au_chocolat,Pain au Chocolat,Pastry,midday,6,1.2
2024-08-17,pain_au_chocolat,Pain au Chocolat,Pastry,morning,8,1.2
2024-08-17,traditional_baguette,Traditional Baguette,Bread,evening,35,1.1659090909090908
2024-08-17,traditional_baguette,Traditional Baguette,Bread,midday,81,1.1275862068965519
2024-08-17,traditional_baguette,Traditional Baguette,Bread,morning,58,1.1099999999999999
2024-08-18,brioche,Brioche,Pastry,morning,1,5.0
2024-08-18,butter_croissant,Butter Croissant,Pastry,midday,12,1.1
2024-08-18,butter_croissant,Butter Croissant,Pastry,morning,30,1.1
2024-08-18,chocolate_cookie,Chocolate Cookie,Dessert,midday,9,1.0
2024-08-18,chocolate_cookie,Chocolate Cookie,Dessert,morning,1,1.0
2024-08-18,coffee_bun_sweet_bun,Coffee Bun / Sweet Bun,Pastry,midday,5,3.9
2024-08-18,country_sourdough,Country Sourdough,Bread,midday,18,1.7666666666666666
2024-08-18,country_sourdough,Country Sourdough,Bread,morning,17,1.5833333333333333
2024-08-18,ham_cheese_sandwich,Ham & Cheese Sandwich,Savory,midday,3,4.666666666666667
2024-08-18,ham_cheese_sandwich,Ham & Cheese Sandwich,Savory,morning,1,6.5
2024-08-18,pain_au_chocolat,Pain au Chocolat,Pastry,midday,11,1.2
2024-08-18,pain_au_chocolat,Pain au Chocolat,Pastry,morning,36,1.2
2024-08-18,traditional_baguette,Traditional Baguette,Bread,midday,161,1.1744897959183673
2024-08-18,traditional_baguette,Traditional Baguette,Bread,morning,53,1.1
2024-08-19,brioche,Brioche,Pastry,morning,1,5.0
2024-08-19,butter_croissant,Butter Croissant,Pastry,evening,3,1.1
2024-08-19,butter_croissant,Butter Croissant,Pastry,midday,9,1.1500000000000001
2024-08-19,butter_croissant,Butter Croissant,Pastry,morning,9,1.22
2024-08-19,chocolate_cookie,Chocolate Cookie,Dessert,evening,4,1.0
2024-08-19,chocolate_cookie,Chocolate Cookie,Dessert,midday,2,1.0
2024-08-19,coffee_bun_sweet_bun,Coffee Bun / Sweet Bun,Pastry,evening,2,2.1
2024-08-19,coffee_bun_sweet_bun,Coffee Bun / Sweet Bun,Pastry,morning,1,2.1
2024-08-19,country_sourdough,Country Sourdough,Bread,evening,9,1.5916666666666668
2024-08-19,country_sourdough,Country Sourdough,Bread,midday,12,1.883333333333333
2024-08-19,country_sourdough,Country Sourdough,Bread,morning,5,1.5
2024-08-19,ham_cheese_sandwich,Ham & Cheese Sandwich,Savory,midday,11,5.071428571428571
2024-08-19,ham_cheese_sandwich,Ham & Cheese Sandwich,Savory,morning,6,4.7
2024-08-19,pain_au_chocolat,Pain au Chocolat,Pastry,evening,6,1.2
2024-08-19,pain_au_chocolat,Pain au Chocolat,Pastry,midday,2,1.2
2024-08-19,pain_au_chocolat,Pain au Chocolat,Pastry,morning,6,1.2
2024-08-19,traditional_baguette,Traditional Baguette,Bread,evening,14,1.1772727272727272
2024-08-19,traditional_baguette,Traditional Baguette,Bread,midday,74,1.100943396226415
2024-08-19,traditional_baguette,Traditional Baguette,Bread,morning,26,1.0970588235294116
2024-08-20,brioche,Brioche,Pastry,midday,1,5.0
2024-08-20,butter_croissant,Butter Croissant,Pastry,evening,2,1.1
2024-08-20,butter_croissant,Butter Croissant,Pastry,midday,12,1.1
2024-08-20,butter_croissant,Butter Croissant,Pastry,morning,12,1.175
2024-08-20,chocolate_cookie,Chocolate Cookie,Dessert,midday,5,1.0
2024-08-20,chocolate_cookie,Chocolate Cookie,Dessert,morning,3,1.0
2024-08-20,coffee_bun_sweet_bun,Coffee Bun / Sweet Bun,Pastry,evening,1,2.1
2024-08-20,coffee_bun_sweet_bun,Coffee Bun / Sweet Bun,Pastry,midday,1,2.1
2024-08-20,country_sourdough,Country Sourdough,Bread,evening,8,1.1428571428571428
2024-08-20,country_sourdough,Country Sourdough,Bread,midday,14,2.032142857142857
2024-08-20,country_sourdough,Country Sourdough,Bread,morning,12,1.45
2024-08-20,ham_cheese_sandwich,Ham & Cheese Sandwich,Savory,midday,10,4.875
2024-08-20,ham_cheese_sandwich,Ham & Cheese Sandwich,Savory,morning,2,4.5
2024-08-20,pain_au_chocolat,Pain au Chocolat,Pastry,evening,1,1.2
2024-08-20,pain_au_chocolat,Pain au Chocolat,Pastry,midday,4,1.2
2024-08-20,pain_au_chocolat,Pain au Chocolat,Pastry,morning,6,1.2
2024-08-20,traditional_baguette,Traditional Baguette,Bread,evening,34,1.1647058823529413
2024-08-20,traditional_baguette,Traditional Baguette,Bread,midday,64,1.1055555555555556
2024-08-20,traditional_baguette,Traditional Baguette,Bread,morning,23,1.0499999999999998
2024-08-22,brioche,Brioche,Pastry,midday,1,5.0
2024-08-22,butter_croissant,Butter Croissant,Pastry,evening,3,1.1
2024-08-22,butter_croissant,Butter Croissant,Pastry,midday,4,1.1
2024-08-22,butter_croissant,Butter Croissant,Pastry,morning,1,1.1
2024-08-22,chocolate_cookie,Chocolate Cookie,Dessert,evening,1,1.0
2024-08-22,chocolate_cookie,Chocolate Cookie,Dessert,morning,2,1.0
2024-08-22,coffee_bun_sweet_bun,Coffee Bun / Sweet Bun,Pastry,evening,1,2.1
2024-08-22,coffee_bun_sweet_bun,Coffee Bun / Sweet Bun,Pastry,morning,4,2.1
2024-08-22,country_sourdough,Country Sourdough,Bread,evening,4,1.6
2024-08-22,country_sourdough,Country Sourdough,Bread,midday,12,1.7208333333333332
2024-08-22,country_sourdough,Country Sourdough,Bread,morning,5,1.525
2024-08-22,fruit_tart,Fruit Tart,Dessert,evening,2,2.0
2024-08-22,fruit_tart,Fruit Tart,Dessert,midday,5,2.0
2024-08-22,ham_cheese_sandwich,Ham & Cheese Sandwich,Savory,midday,16,5.7
2024-08-22,traditional_baguette,Traditional Baguette,Bread,evening,25,1.172222222222222
2024-08-22,traditional_baguette,Traditional Baguette,Bread,midday,88,1.1088235294117645
2024-08-22,traditional_baguette,Traditional Baguette,Bread,morning,15,1.0846153846153845
2024-08-23,butter_croissant,Butter Croissant,Pastry,evening,5,1.1
2024-08-23,butter_croissant,Butter Croissant,Pastry,midday,12,1.1857142857142857
2024-08-23,butter_croissant,Butter Croissant,Pastry,morning,17,1.1600000000000001
2024-08-23,chocolate_cookie,Chocolate Cookie,Dessert,evening,4,1.0
2024-08-23,coffee_bun_sweet_bun,Coffee Bun / Sweet Bun,Pastry,evening,2,2.1
2024-08-23,coffee_bun_sweet_bun,Coffee Bun / Sweet Bun,Pastry,midday,4,2.1
2024-08-23,country_sourdough,Country Sourdough,Bread,evening,2,1.55
2024-08-23,country_sourdough,Country Sourdough,Bread,midday,15,2.0785714285714283
2024-08-23,country_sourdough,Country Sourdough,Bread,morning,6,1.5899999999999999
2024-08-23,fruit_tart,Fruit Tart,Dessert,evening,2,2.0
2024-08-23,fruit_tart,Fruit Tart,Dessert,midday,4,2.0
2024-08-23,fruit_tart,Fruit Tart,Dessert,morning,2,2.0
2024-08-23,ham_cheese_sandwich,Ham & Cheese Sandwich,Savory,midday,12,4.15
2024-08-23,ham_cheese_sandwich,Ham & Cheese Sandwich,Savory,morning,2,6.5
2024-08-23,pain_au_chocolat,Pain au Chocolat,Pastry,evening,2,1.2
2024-08-23,pain_au_chocolat,Pain au Chocolat,Pastry,midday,5,1.2
2024-08-23,pain_au_chocolat,Pain au Chocolat,Pastry,morning,16,1.2
2024-08-23,traditional_baguette,Traditional Baguette,Bread,evening,25,1.140625
2024-08-23,traditional_baguette,Traditional Baguette,Bread,midday,71,1.1722222222222223
2024-08-23,traditional_baguette,Traditional Baguette,Bread,morning,25,1.1500000000000001
2024-08-24,brioche,Brioche,Pastry,midday,1,5.0
2024-08-24,butter_croissant,Butter Croissant,Pastry,evening,1,1.1
2024-08-24,butter_croissant,Butter Croissant,Pastry,midday,10,1.1600000000000001
2024-08-24,butter_croissant,Butter Croissant,Pastry,morning,13,1.1
2024-08-24,chocolate_cookie,Chocolate Cookie,Dessert,evening,1,1.0
2024-08-24,chocolate_cookie,Chocolate Cookie,Dessert,midday,1,1.0
2024-08-24,chocolate_cookie,Chocolate Cookie,Dessert,morning,1,1.0
2024-08-24,coffee_bun_sweet_bun,Coffee Bun / Sweet Bun,Pastry,evening,1,7.5
2024-08-24,country_sourdough,Country Sourdough,Bread,evening,2,1.45
2024-08-24,country_sourdough,Country Sourdough,Bread,midday,11,2.225
2024-08-24,country_sourdough,Country Sourdough,Bread,morning,9,1.4416666666666664
2024-08-24,fruit_tart,Fruit Tart,Dessert,evening,3,2.0
2024-08-24,fruit_tart,Fruit Tart,Dessert,midday,2,2.0
2024-08-24,ham_cheese_sandwich,Ham & Cheese Sandwich,Savory,midday,5,3.125
2024-08-24,pain_au_chocolat,Pain au Chocolat,Pastry,evening,1,1.2
2024-08-24,pain_au_chocolat,Pain au Chocolat,Pastry,midday,10,1.2
2024-08-24,pain_au_chocolat,Pain au Chocolat,Pastry,morning,22,1.2
2024-08-24,traditional_baguette,Traditional Baguette,Bread,evening,21,1.2
2024-08-24,traditional_baguette,Traditional Baguette,Bread,midday,91,1.1410714285714285
2024-08-24,traditional_baguette,Traditional Baguette,Bread,morning,33,1.061904761904762
2024-08-25,brioche,Brioche,Pastry,morning,2,5.0
2024-08-25,butter_croissant,Butter Croissant,Pastry,midday,13,1.1600000000000001
2024-08-25,butter_croissant,Butter Croissant,Pastry,morning,27,1.1
2024-08-25,chocolate_cookie,Chocolate Cookie,Dessert,midday,5,1.0
2024-08-25,chocolate_cookie,Chocolate Cookie,Dessert,morning,2,1.0
2024-08-25,coffee_bun_sweet_bun,Coffee Bun / Sweet Bun,Pastry,midday,6,3.18
2024-08-25,coffee_bun_sweet_bun,Coffee Bun / Sweet Bun,Pastry,morning,1,2.1
2024-08-25,country_sourdough,Country Sourdough,Bread,midday,29,1.6219999999999999
2024-08-25,country_sourdough,Country Sourdough,Bread,morning,7,1.7333333333333334
2024-08-25,fruit_tart,Fruit Tart,Dessert,midday,12,2.0
2024-08-25,fruit_tart,Fruit Tart,Dessert,morning,2,2.0
2024-08-25,pain_au_chocolat,Pain au Chocolat,Pastry,midday,13,1.2
2024-08-25,pain_au_chocolat,Pain au Chocolat,Pastry,morning,9,1.2
2024-08-25,traditional_baguette,Traditional Baguette,Bread,midday,151,1.1351063829787233
2024-08-25,traditional_baguette,Traditional Baguette,Bread,morning,49,1.0931034482758621
2024-08-26,butter_croissant,Butter Croissant,Pastry,midday,3,1.1
2024-08-26,butter_croissant,Butter Croissant,Pastry,morning,28,1.1500000000000001
2024-08-26,coffee_bun_sweet_bun,Coffee Bun / Sweet Bun,Pastry,evening,1,2.1
2024-08-26,country_sourdough,Country Sourdough,Bread,evening,6,1.6333333333333335
2024-08-26,country_sourdough,Country Sourdough,Bread,midday,11,1.645
2024-08-26,country_sourdough,Country Sourdough,Bread,morning,10,1.3142857142857143
2024-08-26,fruit_tart,Fruit Tart,Dessert,midday,3,2.0
2024-08-26,ham_cheese_sandwich,Ham & Cheese Sandwich,Savory,evening,1,5.0
2024-08-26,ham_cheese_sandwich,Ham & Cheese Sandwich,Savory,midday,12,4.333333333333333
2024-08-26,ham_cheese_sandwich,Ham & Cheese Sandwich,Savory,morning,3,6.5
2024-08-26,pain_au_chocolat,Pain au Chocolat,Pastry,evening,1,1.2
2024-08-26,pain_au_chocolat,Pain au Chocolat,Pastry,midday,1,1.2
2024-08-26,pain_au_chocolat,Pain au Chocolat,Pastry,morning,19,1.2
2024-08-26,traditional_baguette,Traditional Baguette,Bread,evening,12,1.1166666666666665
2024-08-26,traditional_baguette,Traditional Baguette,Bread,midday,77,1.1297619047619047
2024-08-26,traditional_baguette,Traditional Baguette,Bread,morning,29,1.106818181818182
2024-08-27,brioche,Brioche,Pastry,midday,1,5.0
2024-08-27,butter_croissant,Butter Croissant,Pastry,evening,4,1.25
2024-08-27,butter_croissant,Butter Croissant,Pastry,midday,5,1.1
2024-08-27,butter_croissant,Butter Croissant,Pastry,morning,15,1.22
2024-08-27,chocolate_cookie,Chocolate Cookie,Dessert,midday,12,1.0
2024-08-27,chocolate_cookie,Chocolate Cookie,Dessert,morning,4,1.0
2024-08-27,coffee_bun_sweet_bun,Coffee Bun / Sweet Bun,Pastry,evening,3,2.1
2024-08-27,country_sourdough,Country Sourdough,Bread,evening,5,1.52
2024-08-27,country_sourdough,Country Sourdough,Bread,midday,18,1.8499999999999999
2024-08-27,country_sourdough,Country Sourdough,Bread,morning,8,1.5999999999999999
2024-08-27,fruit_tart,Fruit Tart,Dessert,midday,2,2.0
2024-08-27,fruit_tart,Fruit Tart,Dessert,morning,2,2.0
2024-08-27,ham_cheese_sandwich,Ham & Cheese Sandwich,Savory,midday,10,5.277777777777778
2024-08-27,ham_cheese_sandwich,Ham & Cheese Sandwich,Savory,morning,2,6.5
2024-08-27,pain_au_chocolat,Pain au Chocolat,Pastry,evening,5,1.2
2024-08-27,pain_au_chocolat,Pain au Chocolat,Pastry,midday,2,1.2
2024-08-27,pain_au_chocolat,Pain au Chocolat,Pastry,morning,13,1.2
2024-08-27,traditional_baguette,Traditional Baguette,Bread,evening,30,1.1916666666666667
2024-08-27,traditional_baguette,Traditional Baguette,Bread,midday,52,1.0803030303030303
2024-08-27,traditional_baguette,Traditional Baguette,Bread,morning,35,1.0840909090909092
2024-08-29,brioche,Brioche,Pastry,evening,1,5.0
2024-08-29,brioche,Brioche,Pastry,midday,1,5.0
2024-08-29,butter_croissant,Butter Croissant,Pastry,evening,2,1.25
2024-08-29,butter_croissant,Butter Croissant,Pastry,midday,2,1.4
2024-08-29,butter_croissant,Butter Croissant,Pastry,morning,12,1.1600000000000001
2024-08-29,chocolate_cookie,Chocolate Cookie,Dessert,evening,2,1.0
2024-08-29,chocolate_cookie,Chocolate Cookie,Dessert,midday,4,1.0
2024-08-29,coffee_bun_sweet_bun,Coffee Bun / Sweet Bun,Pastry,evening,3,2.1
2024-08-29,country_sourdough,Country Sourdough,Bread,evening,5,1.6
2024-08-29,country_sourdough,Country Sourdough,Bread,midday,15,1.7366666666666668
2024-08-29,country_sourdough,Country Sourdough,Bread,morning,10,1.43125
2024-08-29,fruit_tart,Fruit Tart,Dessert,midday,1,2.0
2024-08-29,ham_cheese_sandwich,Ham & Cheese Sandwich,Savory,midday,13,5.375
2024-08-29,ham_cheese_sandwich,Ham & Cheese Sandwich,Savory,morning,1,6.5
2024-08-29,pain_au_chocolat,Pain au Chocolat,Pastry,evening,1,1.2
2024-08-29,pain_au_chocolat,Pain au Chocolat,Pastry,midday,7,1.2
2024-08-29,pain_au_chocolat,Pain au Chocolat,Pastry,morning,12,1.2
2024-08-29,traditional_baguette,Traditional Baguette,Bread,evening,23,1.2038461538461538
2024-08-29,traditional_baguette,Traditional Baguette,Bread,midday,53,1.1256410256410256
2024-08-29,traditional_baguette,Traditional Baguette,Bread,morning,18,1.10625
2024-08-30,brioche,Brioche,Pastry,midday,2,5.0
2024-08-30,butter_croissant,Butter Croissant,Pastry,evening,1,1.1
2024-08-30,butter_croissant,Butter Croissant,Pastry,midday,10,1.2
2024-08-30,butter_croissant,Butter Croissant,Pastry,morning,14,1.1
2024-08-30,chocolate_cookie,Chocolate Cookie,Dessert,evening,2,1.0
2024-08-30,chocolate_cookie,Chocolate Cookie,Dessert,midday,1,1.0
2024-08-30,country_sourdough,Country Sourdough,Bread,evening,2,1.95
2024-08-30,country_sourdough,Country Sourdough,Bread,midday,20,1.715625
2024-08-30,country_sourdough,Country Sourdough,Bread,morning,4,1.3499999999999999
2024-08-30,fruit_tart,Fruit Tart,Dessert,midday,10,2.0
2024-08-30,ham_cheese_sandwich,Ham & Cheese Sandwich,Savory,midday,21,5.416666666666667
2024-08-30,ham_cheese_sandwich,Ham & Cheese Sandwich,Savory,morning,2,6.5
2024-08-30,pain_au_chocolat,Pain au Chocolat,Pastry,evening,1,1.2
2024-08-30,pain_au_chocolat,Pain au Chocolat,Pastry,midday,6,1.2
2024-08-30,pain_au_chocolat,Pain au Chocolat,Pastry,morning,11,1.2
2024-08-30,traditional_baguette,Traditional Baguette,Bread,evening,16,1.1090909090909091
2024-08-30,traditional_baguette,Traditional Baguette,Bread,midday,63,1.1534883720930234
2024-08-30,traditional_baguette,Traditional Baguette,Bread,morning,30,1.0027777777777778
2024-08-31,brioche,Brioche,Pastry,evening,1,5.0
2024-08-31,butter_croissant,Butter Croissant,Pastry,midday,10,1.1
2024-08-31,butter_croissant,Butter Croissant,Pastry,morning,29,1.1
2024-08-31,chocolate_cookie,Chocolate Cookie,Dessert,midday,1,1.0
2024-08-31,coffee_bun_sweet_bun,Coffee Bun / Sweet Bun,Pastry,midday,1,2.1
2024-08-31,country_sourdough,Country Sourdough,Bread,evening,8,2.2937499999999997
2024-08-31,country_sourdough,Country Sourdough,Bread,midday,16,1.6649999999999998
2024-08-31,country_sourdough,Country Sourdough,Bread,morning,8,1.5
2024-08-31,fruit_tart,Fruit Tart,Dessert,evening,2,2.0
2024-08-31,fruit_tart,Fruit Tart,Dessert,midday,3,7.0
2024-08-31,ham_cheese_sandwich,Ham & Cheese Sandwich,Savory,evening,1,6.5
2024-08-31,ham_cheese_sandwich,Ham & Cheese Sandwich,Savory,midday,3,6.5
2024-08-31,ham_cheese_sandwich,Ham & Cheese Sandwich,Savory,morning,3,4.166666666666667
2024-08-31,pain_au_chocolat,Pain au Chocolat,Pastry,evening,2,1.2
2024-08-31,pain_au_chocolat,Pain au Chocolat,Pastry,midday,12,1.2
2024-08-31,pain_au_chocolat,Pain au Chocolat,Pastry,morning,14,1.2
2024-08-31,traditional_baguette,Traditional Baguette,Bread,evening,18,1.0875
2024-08-31,traditional_baguette,Traditional Baguette,Bread,midday,88,1.1342105263157896
2024-08-31,traditional_baguette,Traditional Baguette,Bread,morning,51,1.1046875
2024-09-01,brioche,Brioche,Pastry,midday,2,5.0
2024-09-01,brioche,Brioche,Pastry,morning,1,5.0
2024-09-01,butter_croissant,Butter Croissant,Pastry,midday,15,1.1666666666666667
2024-09-01,butter_croissant,Butter Croissant,Pastry,morning,64,1.1
2024-09-01,chocolate_cookie,Chocolate Cookie,Dessert,midday,4,1.0
2024-09-01,coffee_bun_sweet_bun,Coffee Bun / Sweet Bun,Pastry,midday,10,4.26
2024-09-01,coffee_bun_sweet_bun,Coffee Bun / Sweet Bun,Pastry,morning,2,2.1
2024-09-01,country_sourdough,Country Sourdough,Bread,midday,17,1.7970588235294118
2024-09-01,country_sourdough,Country Sourdough,Bread,morning,18,1.6807692307692306
2024-09-01,fruit_tart,Fruit Tart,Dessert,midday,9,5.428571428571429
2024-09-01,fruit_tart,Fruit Tart,Dessert,morning,1,2.0
2024-09-01,ham_cheese_sandwich,Ham & Cheese Sandwich,Savory,midday,2,6.5
2024-09-01,pain_au_chocolat,Pain au Chocolat,Pastry,midday,20,1.2
2024-09-01,pain_au_chocolat,Pain au Chocolat,Pastry,morning,28,1.2
2024-09-01,traditional_baguette,Traditional Baguette,Bread,midday,141,1.1574468085106382
2024-09-01,traditional_baguette,Traditional Baguette,Bread,morning,57,1.0945945945945945
2024-09-02,butter_croissant,Butter Croissant,Pastry,evening,1,1.4
2024-09-02,butter_croissant,Butter Croissant,Pastry,midday,3,1.3
2024-09-02,butter_croissant,Butter Croissant,Pastry,morning,5,1.1
2024-09-02,chocolate_cookie,Chocolate Cookie,Dessert,evening,2,1.0
2024-09-02,chocolate_cookie,Chocolate Cookie,Dessert,midday,1,1.0
2024-09-02,chocolate_cookie,Chocolate Cookie,Dessert,morning,2,1.0
2024-09-02,coffee_bun_sweet_bun,Coffee Bun / Sweet Bun,Pastry,midday,3,2.1
2024-09-02,country_sourdough,Country Sourdough,Bread,evening,4,1.65
2024-09-02,country_sourdough,Country Sourdough,Bread,midday,12,1.6590909090909092
2024-09-02,country_sourdough,Country Sourdough,Bread,morning,4,1.6749999999999998
2024-09-02,fruit_tart,Fruit Tart,Dessert,morning,5,2.0
2024-09-02,ham_cheese_sandwich,Ham & Cheese Sandwich,Savory,evening,1,5.0
2024-09-02,ham_cheese_sandwich,Ham & Cheese Sandwich,Savory,midday,14,4.791666666666667
2024-09-02,ham_cheese_sandwich,Ham & Cheese Sandwich,Savory,morning,2,4.25
2024-09-02,pain_au_chocolat,Pain au Chocolat,Pastry,evening,4,1.2
2024-09-02,pain_au_chocolat,Pain au Chocolat,Pastry,midday,1,1.2
2024-09-02,pain_au_chocolat,Pain au Chocolat,Pastry,morning,9,1.2
2024-09-02,traditional_baguette,Traditional Baguette,Bread,evening,25,1.18
2024-09-02,traditional_baguette,Traditional Baguette,Bread,midday,52,1.1323529411764706
2024-09-02,traditional_baguette,Traditional Baguette,Bread,morning,21,1.1352941176470588
2024-09-03,butter_croissant,Butter Croissant,Pastry,evening,2,1.4
2024-09-03,butter_croissant,Butter Croissant,Pastry,midday,1,1.1
2024-09-03,butter_croissant,Butter Croissant,Pastry,morning,10,1.1500000000000001
2024-09-03,chocolate_cookie,Chocolate Cookie,Dessert,midday,2,1.0
2024-09-03,chocolate_cookie,Chocolate Cookie,Dessert,morning,2,1.0
2024-09-03,country_sourdough,Country Sourdough,Bread,evening,4,1.6749999999999998
2024-09-03,country_sourdough,Country Sourdough,Bread,midday,18,1.4333333333333333
2024-09-03,country_sourdough,Country Sourdough,Bread,morning,7,1.4642857142857142
2024-09-03,fruit_tart,Fruit Tart,Dessert,midday,3,2.0
2024-09-03,ham_cheese_sandwich,Ham & Cheese Sandwich,Savory,midday,14,5.428571428571429
2024-09-03,ham_cheese_sandwich,Ham & Cheese Sandwich,Savory,morning,3,5.5
2024-09-03,pain_au_chocolat,Pain au Chocolat,Pastry,evening,3,1.2
2024-09-03,pain_au_chocolat,Pain au Chocolat,Pastry,midday,1,1.2
2024-09-03,pain_au_chocolat,Pain au Chocolat,Pastry,morning,7,1.2
2024-09-03,traditional_baguette,Traditional Baguette,Bread,evening,24,1.1166666666666667
2024-09-03,traditional_baguette,Traditional Baguette,Bread,midday,71,1.2214285714285713
2024-09-03,traditional_baguette,Traditional Baguette,Bread,morning,28,1.0833333333333333
2024-09-05,brioche,Brioche,Pastry,midday,1,5.0
2024-09-05,brioche,Brioche,Pastry,morning,1,5.0
2024-09-05,butter_croissant,Butter Croissant,Pastry,evening,3,1.3
2024-09-05,butter_croissant,Butter Croissant,Pastry,midday,6,1.1
2024-09-05,butter_croissant,Butter Croissant,Pastry,morning,22,1.1
2024-09-05,chocolate_cookie,Chocolate Cookie,Dessert,midday,1,1.0
2024-09-05,country_sourdough,Country Sourdough,Bread,evening,2,1.95
2024-09-05,country_sourdough,Country Sourdough,Bread,midday,21,1.6289473684210527
2024-09-05,country_sourdough,Country Sourdough,Bread,morning,10,1.4428571428571428
2024-09-05,fruit_tart,Fruit Tart,Dessert,evening,1,2.0
2024-09-05,fruit_tart,Fruit Tart,Dessert,midday,2,2.0
2024-09-05,ham_cheese_sandwich,Ham & Cheese Sandwich,Savory,evening,1,3.5
2024-09-05,ham_cheese_sandwich,Ham & Cheese Sandwich,Savory,midday,16,5.0
2024-09-05,ham_cheese_sandwich,Ham & Cheese Sandwich,Savory,morning,1,3.5
2024-09-05,pain_au_chocolat,Pain au Chocolat,Pastry,evening,4,1.2
2024-09-05,pain_au_chocolat,Pain au Chocolat,Pastry,midday,3,1.2
2024-09-05,pain_au_chocolat,Pain au Chocolat,Pastry,morning,12,1.2
2024-09-05,traditional_baguette,Traditional Baguette,Bread,evening,20,1.2027777777777777
2024-09-05,traditional_baguette,Traditional Baguette,Bread,midday,74,1.110204081632653
2024-09-05,traditional_baguette,Traditional Baguette,Bread,morning,33,1.14
2024-09-06,brioche,Brioche,Pastry,midday,1,5.0
2024-09-06,butter_croissant,Butter Croissant,Pastry,evening,7,1.1
2024-09-06,butter_croissant,Butter Croissant,Pastry,midday,5,1.1
2024-09-06,butter_croissant,Butter Croissant,Pastry,morning,10,1.2
2024-09-06,chocolate_cookie,Chocolate Cookie,Dessert,evening,1,1.0
2024-09-06,chocolate_cookie,Chocolate Cookie,Dessert,midday,3,1.0
2024-09-06,chocolate_cookie,Chocolate Cookie,Dessert,morning,2,1.0
2024-09-06,coffee_bun_sweet_bun,Coffee Bun / Sweet Bun,Pastry,midday,3,3.9
2024-09-06,country_sourdough,Country Sourdough,Bread,evening,9,1.8285714285714287
2024-09-06,country_sourdough,Country Sourdough,Bread,midday,16,1.7642857142857142
2024-09-06,country_sourdough,Country Sourdough,Bread,morning,5,1.3999999999999997
2024-09-06,fruit_tart,Fruit Tart,Dessert,midday,5,2.0
2024-09-06,fruit_tart,Fruit Tart,Dessert,morning,3,2.0
2024-09-06,ham_cheese_sandwich,Ham & Cheese Sandwich,Savory,midday,19,4.9
2024-09-06,ham_cheese_sandwich,Ham & Cheese Sandwich,Savory,morning,1,3.5
2024-09-06,pain_au_chocolat,Pain au Chocolat,Pastry,evening,4,1.2
2024-09-06,pain_au_chocolat,Pain au Chocolat,Pastry,midday,8,1.2
2024-09-06,pain_au_chocolat,Pain au Chocolat,Pastry,morning,15,1.2
2024-09-06,traditional_baguette,Traditional Baguette,Bread,evening,45,1.192
2024-09-06,traditional_baguette,Traditional Baguette,Bread,midday,76,1.1195652173913044
2024-09-06,traditional_baguette,Traditional Baguette,Bread,morning,30,1.1166666666666665
2024-09-07,brioche,Brioche,Pastry,morning,1,5.0
2024-09-07,butter_croissant,Butter Croissant,Pastry,evening,8,1.1
2024-09-07,butter_croissant,Butter Croissant,Pastry,midday,13,1.1
2024-09-07,butter_croissant,Butter Croissant,Pastry,morning,18,1.1428571428571428
2024-09-07,chocolate_cookie,Chocolate Cookie,Dessert,midday,1,1.0
2024-09-07,coffee_bun_sweet_bun,Coffee Bun / Sweet Bun,Pastry,midday,2,2.1
2024-09-07,coffee_bun_sweet_bun,Coffee Bun / Sweet Bun,Pastry,morning,4,2.1
2024-09-07,country_sourdough,Country Sourdough,Bread,evening,2,1.9
2024-09-07,country_sourdough,Country Sourdough,Bread,midday,16,2.1772727272727272
2024-09-07,country_sourdough,Country Sourdough,Bread,morning,14,1.78
2024-09-07,fruit_tart,Fruit Tart,Dessert,evening,1,12.0
2024-09-07,fruit_tart,Fruit Tart,Dessert,midday,9,5.4
2024-09-07,fruit_tart,Fruit Tart,Dessert,morning,4,2.0
2024-09-07,ham_cheese_sandwich,Ham & Cheese Sandwich,Savory,midday,2,5.5
2024-09-07,ham_cheese_sandwich,Ham & Cheese Sandwich,Savory,morning,1,6.5
2024-09-07,pain_au_chocolat,Pain au Chocolat,Pastry,evening,10,1.2
2024-09-07,pain_au_chocolat,Pain au Chocolat,Pastry,midday,7,1.2
2024-09-07,pain_au_chocolat,Pain au Chocolat,Pastry,morning,18,1.2
2024-09-07,traditional_baguette,Traditional Baguette,Bread,evening,14,1.13
2024-09-07,traditional_baguette,Traditional Baguette,Bread,midday,101,1.1672727272727272
2024-09-07,traditional_baguette,Traditional Baguette,Bread,morning,47,1.1051724137931034
2024-09-08,brioche,Brioche,Pastry,morning,2,5.0
2024-09-08,butter_croissant,Butter Croissant,Pastry,midday,9,1.1600000000000001
2024-09-08,butter_croissant,Butter Croissant,Pastry,morning,73,1.1136363636363635
2024-09-08,chocolate_cookie,Chocolate Cookie,Dessert,midday,1,1.0
2024-09-08,coffee_bun_sweet_bun,Coffee Bun / Sweet Bun,Pastry,midday,1,2.1
2024-09-08,coffee_bun_sweet_bun,Coffee Bun / Sweet Bun,Pastry,morning,1,7.5
2024-09-08,country_sourdough,Country Sourdough,Bread,midday,19,1.7027777777777777
2024-09-08,country_sourdough,Country Sourdough,Bread,morning,16,1.6153846153846154
2024-09-08,fruit_tart,Fruit Tart,Dessert,midday,20,3.0
2024-09-08,fruit_tart,Fruit Tart,Dessert,morning,5,4.333333333333333
2024-09-08,ham_cheese_sandwich,Ham & Cheese Sandwich,Savory,midday,4,6.5
2024-09-08,pain_au_chocolat,Pain au Chocolat,Pastry,midday,11,1.2
2024-09-08,pain_au_chocolat,Pain au Chocolat,Pastry,morning,36,1.2
2024-09-08,traditional_baguette,Traditional Baguette,Bread,midday,155,1.1595238095238096
2024-09-08,traditional_baguette,Traditional Baguette,Bread,morning,64,1.0975
2024-09-09,brioche,Brioche,Pastry,morning,2,5.0
2024-09-09,butter_croissant,Butter Croissant,Pastry,evening,3,1.3999999999999997
2024-09-09,butter_croissant,Butter Croissant,Pastry,midday,21,1.1
2024-09-09,butter_croissant,Butter Croissant,Pastry,morning,7,1.1
2024-09-09,chocolate_cookie,Chocolate Cookie,Dessert,evening,2,1.0
2024-09-09,chocolate_cookie,Chocolate Cookie,Dessert,midday,1,1.0
2024-09-09,coffee_bun_sweet_bun,Coffee Bun / Sweet Bun,Pastry,midday,2,2.1
2024-09-09,country_sourdough,Country Sourdough,Bread,evening,5,1.65
2024-09-09,country_sourdough,Country Sourdough,Bread,midday,15,1.875
2024-09-09,country_sourdough,Country Sourdough,Bread,morning,8,1.3571428571428572
2024-09-09,fruit_tart,Fruit Tart,Dessert,midday,13,2.0
2024-09-09,ham_cheese_sandwich,Ham & Cheese Sandwich,Savory,midday,15,5.666666666666667
2024-09-09,pain_au_chocolat,Pain au Chocolat,Pastry,evening,3,1.2
2024-09-09,pain_au_chocolat,Pain au Chocolat,Pastry,midday,9,1.2
2024-09-09,pain_au_chocolat,Pain au Chocolat,Pastry,morning,2,1.2
2024-09-09,traditional_baguette,Traditional Baguette,Bread,evening,20,1.125
2024-09-09,traditional_baguette,Traditional Baguette,Bread,midday,76,1.1548076923076922
2024-09-09,traditional_baguette,Traditional Baguette,Bread,morning,36,1.0727272727272728
2024-09-10,butter_croissant,Butter Croissant,Pastry,evening,9,1.2
2024-09-10,butter_croissant,Butter Croissant,Pastry,midday,3,1.1
2024-09-10,butter_croissant,Butter Croissant,Pastry,morning,5,1.325
2024-09-10,chocolate_cookie,Chocolate Cookie,Dessert,evening,1,1.0
2024-09-10,chocolate_cookie,Chocolate Cookie,Dessert,morning,1,1.0
2024-09-10,coffee_bun_sweet_bun,Coffee Bun / Sweet Bun,Pastry,evening,3,2.1
2024-09-10,country_sourdough,Country Sourdough,Bread,evening,8,2.25
2024-09-10,country_sourdough,Country Sourdough,Bread,midday,24,1.7444444444444445
2024-09-10,country_sourdough,Country Sourdough,Bread,morning,14,1.4277777777777778
2024-09-10,fruit_tart,Fruit Tart,Dessert,evening,3,2.0
2024-09-10,fruit_tart,Fruit Tart,Dessert,midday,3,2.0
2024-09-10,fruit_tart,Fruit Tart,Dessert,morning,1,2.0
2024-09-10,ham_cheese_sandwich,Ham & Cheese Sandwich,Savory,midday,11,4.95
2024-09-10,ham_cheese_sandwich,Ham & Cheese Sandwich,Savory,morning,5,3.9
2024-09-10,pain_au_chocolat,Pain au Chocolat,Pastry,evening,5,1.2
2024-09-10,pain_au_chocolat,Pain au Chocolat,Pastry,midday,3,1.2
2024-09-10,pain_au_chocolat,Pain au Chocolat,Pastry,morning,11,1.2
2024-09-10,traditional_baguette,Traditional Baguette,Bread,evening,20,1.2
2024-09-10,traditional_baguette,Traditional Baguette,Bread,midday,70,1.1122222222222222
2024-09-10,traditional_baguette,Traditional Baguette,Bread,morning,32,1.05
2024-09-12,butter_croissant,Butter Croissant,Pastry,midday,12,1.1375000000000002
2024-09-12,butter_croissant,Butter Croissant,Pastry,morning,6,1.1
2024-09-12,chocolate_cookie,Chocolate Cookie,Dessert,evening,1,1.0
2024-09-12,coffee_bun_sweet_bun,Coffee Bun / Sweet Bun,Pastry,midday,2,2.1
2024-09-12,country_sourdough,Country Sourdough,Bread,evening,2,2.4
2024-09-12,country_sourdough,Country Sourdough,Bread,midday,18,1.5923076923076922
2024-09-12,country_sourdough,Country Sourdough,Bread,morning,10,1.2888888888888888
2024-09-12,fruit_tart,Fruit Tart,Dessert,evening,2,2.0
2024-09-12,fruit_tart,Fruit Tart,Dessert,midday,2,2.0
2024-09-12,ham_cheese_sandwich,Ham & Cheese Sandwich,Savory,midday,2,4.75
2024-09-12,pain_au_chocolat,Pain au Chocolat,Pastry,midday,7,1.2
2024-09-12,pain_au_chocolat,Pain au Chocolat,Pastry,morning,19,1.2
2024-09-12,traditional_baguette,Traditional Baguette,Bread,evening,10,1.2
2024-09-12,traditional_baguette,Traditional Baguette,Bread,midday,57,1.1470588235294117
2024-09-12,traditional_baguette,Traditional Baguette,Bread,morning,26,1.065909090909091
2024-09-13,brioche,Brioche,Pastry,midday,2,5.0
2024-09-13,butter_croissant,Butter Croissant,Pastry,evening,1,1.1
2024-09-13,butter_croissant,Butter Croissant,Pastry,midday,12,1.1
2024-09-13,butter_croissant,Butter Croissant,Pastry,morning,7,1.1
2024-09-13,chocolate_cookie,Chocolate Cookie,Dessert,evening,1,1.0
2024-09-13,coffee_bun_sweet_bun,Coffee Bun / Sweet Bun,Pastry,midday,5,3.9
2024-09-13,country_sourdough,Country Sourdough,Bread,evening,9,1.7999999999999998
2024-09-13,country_sourdough,Country Sourdough,Bread,midday,13,1.9958333333333333
2024-09-13,country_sourdough,Country Sourdough,Bread,morning,6,1.6600000000000001
2024-09-13,fruit_tart,Fruit Tart,Dessert,evening,5,2.0
2024-09-13,ham_cheese_sandwich,Ham & Cheese Sandwich,Savory,midday,7,5.357142857142857
2024-09-13,ham_cheese_sandwich,Ham & Cheese Sandwich,Savory,morning,1,6.5
2024-09-13,pain_au_chocolat,Pain au Chocolat,Pastry,evening,2,1.2
2024-09-13,pain_au_chocolat,Pain au Chocolat,Pastry,midday,3,1.2
2024-09-13,pain_au_chocolat,Pain au Chocolat,Pastry,morning,9,1.2
2024-09-13,traditional_baguette,Traditional Baguette,Bread,evening,32,1.186111111111111
2024-09-13,traditional_baguette,Traditional Baguette,Bread,midday,65,1.1393939393939394
2024-09-13,traditional_baguette,Traditional Baguette,Bread,morning,18,1.0599999999999998
2024-09-14,brioche,Brioche,Pastry,midday,1,5.0
2024-09-14,butter_croissant,Butter Croissant,Pastry,midday,19,1.25
2024-09-14,butter_croissant,Butter Croissant,Pastry,morning,19,1.1375000000000002
2024-09-14,chocolate_cookie,Chocolate Cookie,Dessert,midday,1,1.0
2024-09-14,coffee_bun_sweet_bun,Coffee Bun / Sweet Bun,Pastry,midday,4,2.1
2024-09-14,country_sourdough,Country Sourdough,Bread,midday,32,1.5828125
2024-09-14,country_sourdough,Country Sourdough,Bread,morning,12,1.9272727272727272
2024-09-14,fruit_tart,Fruit Tart,Dessert,midday,6,4.0
2024-09-14,fruit_tart,Fruit Tart,Dessert,morning,1,9.0
2024-09-14,ham_cheese_sandwich,Ham & Cheese Sandwich,Savory,midday,1,3.5
2024-09-14,ham_cheese_sandwich,Ham & Cheese Sandwich,Savory,morning,2,3.25
2024-09-14,pain_au_chocolat,Pain au Chocolat,Pastry,midday,19,1.2
2024-09-14,pain_au_chocolat,Pain au Chocolat,Pastry,morning,11,1.2
2024-09-14,traditional_baguette,Traditional Baguette,Bread,midday,126,1.15
2024-09-14,traditional_baguette,Traditional Baguette,Bread,morning,26,1.0928571428571427
2024-09-15,brioche,Brioche,Pastry,midday,2,5.0
2024-09-15,brioche,Brioche,Pastry,morning,1,5.0
2024-09-15,butter_croissant,Butter Croissant,Pastry,midday,18,1.19
2024-09-15,butter_croissant,Butter Croissant,Pastry,morning,62,1.1
2024-09-15,chocolate_cookie,Chocolate Cookie,Dessert,midday,8,1.0
2024-09-15,chocolate_cookie,Chocolate Cookie,Dessert,morning,2,1.0
2024-09-15,coffee_bun_sweet_bun,Coffee Bun / Sweet Bun,Pastry,midday,5,3.9
2024-09-15,country_sourdough,Country Sourdough,Bread,midday,35,1.6387096774193548
2024-09-15,country_sourdough,Country Sourdough,Bread,morning,14,1.4625000000000001
2024-09-15,fruit_tart,Fruit Tart,Dessert,midday,18,2.0
2024-09-15,fruit_tart,Fruit Tart,Dessert,morning,5,4.333333333333333
2024-09-15,pain_au_chocolat,Pain au Chocolat,Pastry,midday,25,1.2
2024-09-15,pain_au_chocolat,Pain au Chocolat,Pastry,morning,47,1.2
2024-09-15,traditional_baguette,Traditional Baguette,Bread,midday,172,1.1333333333333333
2024-09-15,traditional_baguette,Traditional Baguette,Bread,morning,68,1.1
2024-09-16,butter_croissant,Butter Croissant,Pastry,midday,4,1.1
2024-09-16,butter_croissant,Butter Croissant,Pastry,morning,16,1.1
2024-09-16,chocolate_cookie,Chocolate Cookie,Dessert,evening,1,1.0
2024-09-16,chocolate_cookie,Chocolate Cookie,Dessert,midday,2,1.0
2024-09-16,chocolate_cookie,Chocolate Cookie,Dessert,morning,1,1.0
2024-09-16,coffee_bun_sweet_bun,Coffee Bun / Sweet Bun,Pastry,evening,2,4.8
2024-09-16,country_sourdough,Country Sourdough,Bread,evening,2,1.5
2024-09-16,country_sourdough,Country Sourdough,Bread,midday,14,1.6909090909090911
2024-09-16,country_sourdough,Country Sourdough,Bread,morning,8,1.2833333333333332
2024-09-16,ham_cheese_sandwich,Ham & Cheese Sandwich,Savory,midday,12,5.0
2024-09-16,ham_cheese_sandwich,Ham & Cheese Sandwich,Savory,morning,3,6.5
2024-09-16,pain_au_chocolat,Pain au Chocolat,Pastry,evening,4,1.2
2024-09-16,pain_au_chocolat,Pain au Chocolat,Pastry,morning,7,1.2
2024-09-16,traditional_baguette,Traditional Baguette,Bread,evening,31,1.125
2024-09-16,traditional_baguette,Traditional Baguette,Bread,midday,103,1.160483870967742
2024-09-16,traditional_baguette,Traditional Baguette,Bread,morning,37,1.1173076923076923
2024-09-17,brioche,Brioche,Pastry,midday,1,5.0
2024-09-17,butter_croissant,Butter Croissant,Pastry,evening,3,1.2
2024-09-17,butter_croissant,Butter Croissant,Pastry,midday,7,1.25
2024-09-17,butter_croissant,Butter Croissant,Pastry,morning,12,1.175
2024-09-17,coffee_bun_sweet_bun,Coffee Bun / Sweet Bun,Pastry,morning,3,4.8
2024-09-17,country_sourdough,Country Sourdough,Bread,evening,5,1.5333333333333332
2024-09-17,country_sourdough,Country Sourdough,Bread,midday,15,1.7964285714285713
2024-09-17,country_sourdough,Country Sourdough,Bread,morning,7,1.542857142857143
2024-09-17,fruit_tart,Fruit Tart,Dessert,evening,1,2.0
2024-09-17,fruit_tart,Fruit Tart,Dessert,midday,2,2.0
2024-09-17,fruit_tart,Fruit Tart,Dessert,morning,3,2.0
2024-09-17,ham_cheese_sandwich,Ham & Cheese Sandwich,Savory,midday,14,4.916666666666667
2024-09-17,ham_cheese_sandwich,Ham & Cheese Sandwich,Savory,morning,2,4.5
2024-09-17,pain_au_chocolat,Pain au Chocolat,Pastry,evening,5,1.2
2024-09-17,pain_au_chocolat,Pain au Chocolat,Pastry,midday,3,1.2
2024-09-17,pain_au_chocolat,Pain au Chocolat,Pastry,morning,13,1.2
2024-09-17,traditional_baguette,Traditional Baguette,Bread,evening,29,1.1473684210526316
2024-09-17,traditional_baguette,Traditional Baguette,Bread,midday,67,1.124468085106383
2024-09-17,traditional_baguette,Traditional Baguette,Bread,morning,42,1.1285714285714286
2024-09-19,brioche,Brioche,Pastry,midday,1,5.0
2024-09-19,brioche,Brioche,Pastry,morning,1,5.0
2024-09-19,butter_croissant,Butter Croissant,Pastry,evening,1,1.1
2024-09-19,butter_croissant,Butter Croissant,Pastry,morning,11,1.175
2024-09-19,chocolate_cookie,Chocolate Cookie,Dessert,midday,4,1.0
2024-09-19,coffee_bun_sweet_bun,Coffee Bun / Sweet Bun,Pastry,evening,1,7.5
2024-09-19,coffee_bun_sweet_bun,Coffee Bun / Sweet Bun,Pastry,midday,2,2.1
2024-09-19,coffee_bun_sweet_bun,Coffee Bun / Sweet Bun,Pastry,morning,4,2.1
2024-09-19,country_sourdough,Country Sourdough,Bread,evening,3,2.1
2024-09-19,country_sourdough,Country Sourdough,Bread,midday,19,1.88
2024-09-19,country_sourdough,Country Sourdough,Bread,morning,9,1.4357142857142855
2024-09-19,fruit_tart,Fruit Tart,Dessert,evening,4,2.0
2024-09-19,fruit_tart,Fruit Tart,Dessert,midday,1,2.0
2024-09-19,ham_cheese_sandwich,Ham & Cheese Sandwich,Savory,midday,14,6.346153846153846
2024-09-19,pain_au_chocolat,Pain au Chocolat,Pastry,evening,1,1.2
2024-09-19,pain_au_chocolat,Pain au Chocolat,Pastry,morning,4,1.2
2024-09-19,traditional_baguette,Traditional Baguette,Bread,evening,20,1.1633333333333333
2024-09-19,traditional_baguette,Traditional Baguette,Bread,midday,88,1.1098039215686275
2024-09-19,traditional_baguette,Traditional Baguette,Bread,morning,21,1.0875
2024-09-20,butter_croissant,Butter Croissant,Pastry,evening,4,1.1
2024-09-20,butter_croissant,Butter Croissant,Pastry,midday,9,1.1
2024-09-20,butter_croissant,Butter Croissant,Pastry,morning,17,1.1428571428571428
2024-09-20,chocolate_cookie,Chocolate Cookie,Dessert,midday,8,1.0
2024-09-20,coffee_bun_sweet_bun,Coffee Bun / Sweet Bun,Pastry,midday,1,7.5
2024-09-20,country_sourdough,Country Sourdough,Bread,evening,18,1.3633333333333333
2024-09-20,country_sourdough,Country Sourdough,Bread,midday,14,1.8071428571428572
2024-09-20,country_sourdough,Country Sourdough,Bread,morning,7,1.6199999999999999
2024-09-20,fruit_tart,Fruit Tart,Dessert,midday,2,2.0
2024-09-20,fruit_tart,Fruit Tart,Dessert,morning,1,2.0
2024-09-20,ham_cheese_sandwich,Ham & Cheese Sandwich,Savory,midday,13,5.458333333333333
2024-09-20,ham_cheese_sandwich,Ham & Cheese Sandwich,Savory,morning,2,6.5
2024-09-20,pain_au_chocolat,Pain au Chocolat,Pastry,midday,12,1.2
2024-09-20,pain_au_chocolat,Pain au Chocolat,Pastry,morning,16,1.2
2024-09-20,traditional_baguette,Traditional Baguette,Bread,evening,22,1.0615384615384615
2024-09-20,traditional_baguette,Traditional Baguette,Bread,midday,110,1.123015873015873
2024-09-20,traditional_baguette,Traditional Baguette,Bread,morning,33,1.0999999999999999
2024-09-21,brioche,Brioche,Pastry,midday,2,5.0
2024-09-21,brioche,Brioche,Pastry,morning,2,5.0
2024-09-21,butter_croissant,Butter Croissant,Pastry,midday,8,1.1500000000000001
2024-09-21,butter_croissant,Butter Croissant,Pastry,morning,15,1.1
2024-09-21,chocolate_cookie,Chocolate Cookie,Dessert,midday,4,1.0
2024-09-21,coffee_bun_sweet_bun,Coffee Bun / Sweet Bun,Pastry,midday,2,7.5
2024-09-21,coffee_bun_sweet_bun,Coffee Bun / Sweet Bun,Pastry,morning,3,2.1
2024-09-21,country_sourdough,Country Sourdough,Bread,evening,6,1.4000000000000001
2024-09-21,country_sourdough,Country Sourdough,Bread,midday,27,1.8
2024-09-21,country_sourdough,Country Sourdough,Bread,morning,12,1.4722222222222223
2024-09-21,fruit_tart,Fruit Tart,Dessert,midday,10,4.857142857142857
2024-09-21,fruit_tart,Fruit Tart,Dessert,morning,1,2.0
2024-09-21,ham_cheese_sandwich,Ham & Cheese Sandwich,Savory,midday,2,4.0
2024-09-21,pain_au_chocolat,Pain au Chocolat,Pastry,evening,2,1.2
2024-09-21,pain_au_chocolat,Pain au Chocolat,Pastry,midday,5,1.2
2024-09-21,pain_au_chocolat,Pain au Chocolat,Pastry,morning,23,1.2
2024-09-21,traditional_baguette,Traditional Baguette,Bread,evening,30,1.1363636363636365
2024-09-21,traditional_baguette,Traditional Baguette,Bread,midday,143,1.1577380952380953
2024-09-21,traditional_baguette,Traditional Baguette,Bread,morning,45,1.15
2024-09-22,brioche,Brioche,Pastry,morning,4,3.95
2024-09-22,butter_croissant,Butter Croissant,Pastry,midday,23,1.1333333333333335
2024-09-22,butter_croissant,Butter Croissant,Pastry,morning,83,1.1400000000000001
2024-09-22,chocolate_cookie,Chocolate Cookie,Dessert,midday,4,1.0
2024-09-22,chocolate_cookie,Chocolate Cookie,Dessert,morning,2,1.0
2024-09-22,coffee_bun_sweet_bun,Coffee Bun / Sweet Bun,Pastry,midday,13,3.642857142857143
2024-09-22,coffee_bun_sweet_bun,Coffee Bun / Sweet Bun,Pastry,morning,3,3.9
2024-09-22,country_sourdough,Country Sourdough,Bread,midday,29,1.7888888888888888
2024-09-22,country_sourdough,Country Sourdough,Bread,morning,25,1.55
2024-09-22,fruit_tart,Fruit Tart,Dessert,midday,20,2.5833333333333335
2024-09-22,fruit_tart,Fruit Tart,Dessert,morning,2,7.0
2024-09-22,ham_cheese_sandwich,Ham & Cheese Sandwich,Savory,midday,2,6.5
2024-09-22,pain_au_chocolat,Pain au Chocolat,Pastry,midday,15,1.2
2024-09-22,pain_au_chocolat,Pain au Chocolat,Pastry,morning,48,1.2
2024-09-22,traditional_baguette,Traditional Baguette,Bread,midday,238,1.1400641025641025
2024-09-22,traditional_baguette,Traditional Baguette,Bread,morning,98,1.1178571428571429
2024-09-23,brioche,Brioche,Pastry,evening,2,5.0
2024-09-23,brioche,Brioche,Pastry,midday,1,5.0
2024-09-23,brioche,Brioche,Pastry,morning,1,5.0
2024-09-23,butter_croissant,Butter Croissant,Pastry,evening,7,1.1
2024-09-23,butter_croissant,Butter Croissant,Pastry,midday,14,1.2
2024-09-23,butter_croissant,Butter Croissant,Pastry,morning,34,1.125
2024-09-23,chocolate_cookie,Chocolate Cookie,Dessert,midday,1,1.0
2024-09-23,chocolate_cookie,Chocolate Cookie,Dessert,morning,1,1.0
2024-09-23,coffee_bun_sweet_bun,Coffee Bun / Sweet Bun,Pastry,midday,7,4.8
2024-09-23,country_sourdough,Country Sourdough,Bread,evening,12,1.2458333333333333
2024-09-23,country_sourdough,Country Sourdough,Bread,midday,22,1.8125
2024-09-23,country_sourdough,Country Sourdough,Bread,morning,14,1.6375
2024-09-23,fruit_tart,Fruit Tart,Dessert,evening,2,2.0
2024-09-23,fruit_tart,Fruit Tart,Dessert,midday,1,2.0
2024-09-23,ham_cheese_sandwich,Ham & Cheese Sandwich,Savory,midday,15,4.833333333333333
2024-09-23,ham_cheese_sandwich,Ham & Cheese Sandwich,Savory,morning,1,3.5
2024-09-23,pain_au_chocolat,Pain au Chocolat,Pastry,evening,1,1.2
2024-09-23,pain_au_chocolat,Pain au Chocolat,Pastry,midday,15,1.2
2024-09-23,pain_au_chocolat,Pain au Chocolat,Pastry,morning,27,1.2
2024-09-23,traditional_baguette,Traditional Baguette,Bread,evening,24,0.9666666666666666
2024-09-23,traditional_baguette,Traditional Baguette,Bread,midday,151,1.1428571428571428
2024-09-23,traditional_baguette,Traditional Baguette,Bread,morning,59,1.15
2024-09-24,brioche,Brioche,Pastry,midday,2,5.0
2024-09-24,brioche,Brioche,Pastry,morning,1,5.0
2024-09-24,butter_croissant,Butter Croissant,Pastry,evening,10,1.1857142857142857
2024-09-24,butter_croissant,Butter Croissant,Pastry,midday,8,1.175
2024-09-24,butter_croissant,Butter Croissant,Pastry,morning,54,1.1272727272727272
2024-09-24,chocolate_cookie,Chocolate Cookie,Dessert,midday,1,1.0
2024-09-24,chocolate_cookie,Chocolate Cookie,Dessert,morning,7,1.0
2024-09-24,country_sourdough,Country Sourdough,Bread,evening,11,1.2722222222222221
2024-09-24,country_sourdough,Country Sourdough,Bread,midday,22,1.8499999999999999
2024-09-24,country_sourdough,Country Sourdough,Bread,morning,19,1.5846153846153848
2024-09-24,fruit_tart,Fruit Tart,Dessert,midday,3,2.0
2024-09-24,fruit_tart,Fruit Tart,Dessert,morning,3,2.0
2024-09-24,ham_cheese_sandwich,Ham & Cheese Sandwich,Savory,evening,1,2.5
2024-09-24,ham_cheese_sandwich,Ham & Cheese Sandwich,Savory,midday,14,4.7727272727272725
2024-09-24,ham_cheese_sandwich,Ham & Cheese Sandwich,Savory,morning,2,5.0
2024-09-24,pain_au_chocolat,Pain au Chocolat,Pastry,evening,8,1.2
2024-09-24,pain_au_chocolat,Pain au Chocolat,Pastry,midday,11,1.2
2024-09-24,pain_au_chocolat,Pain au Chocolat,Pastry,morning,19,1.2
2024-09-24,traditional_baguette,Traditional Baguette,Bread,evening,30,1.1891304347826086
2024-09-24,traditional_baguette,Traditional Baguette,Bread,midday,154,1.171078431372549
2024-09-24,traditional_baguette,Traditional Baguette,Bread,morning,51,1.1166666666666667
2024-09-26,brioche,Brioche,Pastry,midday,1,5.0
2024-09-26,brioche,Brioche,Pastry,morning,2,5.0
2024-09-26,butter_croissant,Butter Croissant,Pastry,evening,2,1.1
2024-09-26,butter_croissant,Butter Croissant,Pastry,midday,28,1.1545454545454545
2024-09-26,butter_croissant,Butter Croissant,Pastry,morning,25,1.1
2024-09-26,chocolate_cookie,Chocolate Cookie,Dessert,morning,2,1.0
2024-09-26,coffee_bun_sweet_bun,Coffee Bun / Sweet Bun,Pastry,evening,2,7.5
2024-09-26,coffee_bun_sweet_bun,Coffee Bun / Sweet Bun,Pastry,midday,3,2.1
2024-09-26,country_sourdough,Country Sourdough,Bread,evening,6,1.7833333333333332
2024-09-26,country_sourdough,Country Sourdough,Bread,midday,17,1.9764705882352942
2024-09-26,country_sourdough,Country Sourdough,Bread,morning,7,1.5916666666666668
2024-09-26,fruit_tart,Fruit Tart,Dessert,evening,1,12.0
2024-09-26,fruit_tart,Fruit Tart,Dessert,midday,4,4.333333333333333
2024-09-26,ham_cheese_sandwich,Ham & Cheese Sandwich,Savory,midday,13,5.3
2024-09-26,ham_cheese_sandwich,Ham & Cheese Sandwich,Savory,morning,1,6.5
2024-09-26,pain_au_chocolat,Pain au Chocolat,Pastry,evening,2,1.2
2024-09-26,pain_au_chocolat,Pain au Chocolat,Pastry,midday,4,1.2
2024-09-26,pain_au_chocolat,Pain au Chocolat,Pastry,morning,30,1.2
2024-09-26,traditional_baguette,Traditional Baguette,Bread,evening,32,1.2
2024-09-26,traditional_baguette,Traditional Baguette,Bread,midday,167,1.1242424242424243
2024-09-26,traditional_baguette,Traditional Baguette,Bread,morning,71,1.105813953488372
2024-09-27,brioche,Brioche,Pastry,evening,2,5.0
2024-09-27,brioche,Brioche,Pastry,midday,5,5.0
2024-09-27,butter_croissant,Butter Croissant,Pastry,evening,4,1.1
2024-09-27,butter_croissant,Butter Croissant,Pastry,midday,13,1.1857142857142857
2024-09-27,butter_croissant,Butter Croissant,Pastry,morning,35,1.1500000000000001
2024-09-27,chocolate_cookie,Chocolate Cookie,Dessert,midday,9,1.0
2024-09-27,chocolate_cookie,Chocolate Cookie,Dessert,morning,2,1.0
2024-09-27,coffee_bun_sweet_bun,Coffee Bun / Sweet Bun,Pastry,midday,7,4.8
2024-09-27,country_sourdough,Country Sourdough,Bread,evening,14,1.4416666666666667
2024-09-27,country_sourdough,Country Sourdough,Bread,midday,20,1.9210526315789473
2024-09-27,country_sourdough,Country Sourdough,Bread,morning,16,1.6357142857142857
2024-09-27,fruit_tart,Fruit Tart,Dessert,midday,10,2.0
2024-09-27,fruit_tart,Fruit Tart,Dessert,morning,4,2.0
2024-09-27,ham_cheese_sandwich,Ham & Cheese Sandwich,Savory,midday,26,5.369565217391305
2024-09-27,ham_cheese_sandwich,Ham & Cheese Sandwich,Savory,morning,4,4.25
2024-09-27,pain_au_chocolat,Pain au Chocolat,Pastry,midday,21,1.2
2024-09-27,pain_au_chocolat,Pain au Chocolat,Pastry,morning,40,1.2
2024-09-27,traditional_baguette,Traditional Baguette,Bread,evening,21,1.1423076923076922
2024-09-27,traditional_baguette,Traditional Baguette,Bread,midday,190,1.1463157894736842
2024-09-27,traditional_baguette,Traditional Baguette,Bread,morning,66,1.1319444444444444
2024-09-28,brioche,Brioche,Pastry,evening,2,5.0
2024-09-28,brioche,Brioche,Pastry,midday,2,0.8
2024-09-28,brioche,Brioche,Pastry,morning,5,4.16
2024-09-28,butter_croissant,Butter Croissant,Pastry,evening,6,1.3399999999999999
2024-09-28,butter_croissant,Butter Croissant,Pastry,midday,13,1.1
2024-09-28,butter_croissant,Butter Croissant,Pastry,morning,44,1.12
2024-09-28,coffee_bun_sweet_bun,Coffee Bun / Sweet Bun,Pastry,midday,7,6.42
2024-09-28,coffee_bun_sweet_bun,Coffee Bun / Sweet Bun,Pastry,morning,1,7.5
2024-09-28,country_sourdough,Country Sourdough,Bread,evening,7,1.292857142857143
2024-09-28,country_sourdough,Country Sourdough,Bread,midday,33,1.8499999999999999
2024-09-28,country_sourdough,Country Sourdough,Bread,morning,23,1.5947368421052632
2024-09-28,fruit_tart,Fruit Tart,Dessert,evening,2,2.0
2024-09-28,fruit_tart,Fruit Tart,Dessert,midday,17,4.4
2024-09-28,fruit_tart,Fruit Tart,Dessert,morning,3,2.0
2024-09-28,ham_cheese_sandwich,Ham & Cheese Sandwich,Savory,evening,2,4.5
2024-09-28,ham_cheese_sandwich,Ham & Cheese Sandwich,Savory,midday,15,4.7727272727272725
2024-09-28,ham_cheese_sandwich,Ham & Cheese Sandwich,Savory,morning,1,4.5
2024-09-28,pain_au_chocolat,Pain au Chocolat,Pastry,evening,4,1.2
2024-09-28,pain_au_chocolat,Pain au Chocolat,Pastry,midday,13,1.2
2024-09-28,pain_au_chocolat,Pain au Chocolat,Pastry,morning,30,1.2
2024-09-28,traditional_baguette,Traditional Baguette,Bread,evening,51,1.1612903225806452
2024-09-28,traditional_baguette,Traditional Baguette,Bread,midday,266,1.1859712230215826
2024-09-28,traditional_baguette,Traditional Baguette,Bread,morning,110,1.125
2024-09-29,brioche,Brioche,Pastry,midday,3,3.6
2024-09-29,brioche,Brioche,Pastry,morning,4,3.95
2024-09-29,butter_croissant,Butter Croissant,Pastry,midday,21,1.1
2024-09-29,butter_croissant,Butter Croissant,Pastry,morning,114,1.1153846153846154
2024-09-29,chocolate_cookie,Chocolate Cookie,Dessert,midday,6,1.0
2024-09-29,chocolate_cookie,Chocolate Cookie,Dessert,morning,3,1.0
2024-09-29,coffee_bun_sweet_bun,Coffee Bun / Sweet Bun,Pastry,midday,3,7.5
2024-09-29,coffee_bun_sweet_bun,Coffee Bun / Sweet Bun,Pastry,morning,1,7.5
2024-09-29,country_sourdough,Country Sourdough,Bread,midday,38,1.8344827586206898
2024-09-29,country_sourdough,Country Sourdough,Bread,morning,36,1.614285714285714
2024-09-29,fruit_tart,Fruit Tart,Dessert,midday,23,4.266666666666667
2024-09-29,fruit_tart,Fruit Tart,Dessert,morning,7,5.5
2024-09-29,ham_cheese_sandwich,Ham & Cheese Sandwich,Savory,midday,13,5.642857142857143
2024-09-29,ham_cheese_sandwich,Ham & Cheese Sandwich,Savory,morning,3,5.0
2024-09-29,pain_au_chocolat,Pain au Chocolat,Pastry,midday,25,1.2
2024-09-29,pain_au_chocolat,Pain au Chocolat,Pastry,morning,111,1.2
2024-09-29,traditional_baguette,Traditional Baguette,Bread,midday,364,1.1634146341463414
2024-09-29,traditional_baguette,Traditional Baguette,Bread,morning,174,1.121078431372549
2024-09-30,brioche,Brioche,Pastry,morning,1,5.0
2024-09-30,butter_croissant,Butter Croissant,Pastry,evening,1,1.1
2024-09-30,butter_croissant,Butter Croissant,Pastry,midday,15,1.2714285714285716
2024-09-30,butter_croissant,Butter Croissant,Pastry,morning,29,1.1
2024-09-30,chocolate_cookie,Chocolate Cookie,Dessert,evening,1,1.0
2024-09-30,chocolate_cookie,Chocolate Cookie,Dessert,midday,2,1.0
2024-09-30,coffee_bun_sweet_bun,Coffee Bun / Sweet Bun,Pastry,evening,3,2.1
2024-09-30,coffee_bun_sweet_bun,Coffee Bun / Sweet Bun,Pastry,midday,1,7.5
2024-09-30,coffee_bun_sweet_bun,Coffee Bun / Sweet Bun,Pastry,morning,1,2.1
2024-09-30,country_sourdough,Country Sourdough,Bread,evening,7,1.2374999999999998
2024-09-30,country_sourdough,Country Sourdough,Bread,midday,18,1.6911764705882353
2024-09-30,country_sourdough,Country Sourdough,Bread,morning,14,1.7090909090909092
2024-09-30,fruit_tart,Fruit Tart,Dessert,evening,1,2.0
2024-09-30,fruit_tart,Fruit Tart,Dessert,midday,7,2.0
2024-09-30,ham_cheese_sandwich,Ham & Cheese Sandwich,Savory,midday,21,5.382352941176471
2024-09-30,ham_cheese_sandwich,Ham & Cheese Sandwich,Savory,morning,1,6.5
2024-09-30,pain_au_chocolat,Pain au Chocolat,Pastry,evening,4,1.2
2024-09-30,pain_au_chocolat,Pain au Chocolat,Pastry,midday,19,1.2
2024-09-30,pain_au_chocolat,Pain au Chocolat,Pastry,morning,13,1.2
2024-09-30,traditional_baguette,Traditional Baguette,Bread,evening,41,1.204
2024-09-30,traditional_baguette,Traditional Baguette,Bread,midday,162,1.1365591397849462
2024-09-30,traditional_baguette,Traditional Baguette,Bread,morning,61,1.13
2024-10-01,brioche,Brioche,Pastry,midday,1,5.0
2024-10-01,brioche,Brioche,Pastry,morning,3,5.0
2024-10-01,butter_croissant,Butter Croissant,Pastry,evening,2,1.1
2024-10-01,butter_croissant,Butter Croissant,Pastry,midday,5,1.325
2024-10-01,butter_croissant,Butter Croissant,Pastry,morning,18,1.1666666666666667
2024-10-01,chocolate_cookie,Chocolate Cookie,Dessert,evening,1,1.0
2024-10-01,chocolate_cookie,Chocolate Cookie,Dessert,midday,4,1.0
2024-10-01,chocolate_cookie,Chocolate Cookie,Dessert,morning,1,1.0
2024-10-01,coffee_bun_sweet_bun,Coffee Bun / Sweet Bun,Pastry,evening,2,2.1
2024-10-01,coffee_bun_sweet_bun,Coffee Bun / Sweet Bun,Pastry,midday,1,7.5
2024-10-01,country_sourdough,Country Sourdough,Bread,midday,39,1.69375
2024-10-01,country_sourdough,Country Sourdough,Bread,morning,11,1.4222222222222223
2024-10-01,fruit_tart,Fruit Tart,Dessert,midday,8,2.0
2024-10-01,fruit_tart,Fruit Tart,Dessert,morning,1,2.0
2024-10-01,ham_cheese_sandwich,Ham & Cheese Sandwich,Savory,midday,28,5.010869565217392
2024-10-01,ham_cheese_sandwich,Ham & Cheese Sandwich,Savory,morning,2,4.5
2024-10-01,pain_au_chocolat,Pain au Chocolat,Pastry,evening,8,1.2
2024-10-01,pain_au_chocolat,Pain au Chocolat,Pastry,midday,7,1.2
2024-10-01,pain_au_chocolat,Pain au Chocolat,Pastry,morning,11,1.2
2024-10-01,traditional_baguette,Traditional Baguette,Bread,evening,32,1.0815789473684212
2024-10-01,traditional_baguette,Traditional Baguette,Bread,midday,171,1.1603092783505153
2024-10-01,traditional_baguette,Traditional Baguette,Bread,morning,54,1.0720588235294117
2024-10-03,brioche,Brioche,Pastry,morning,2,5.0
2024-10-03,butter_croissant,Butter Croissant,Pastry,evening,7,1.1
2024-10-03,butter_croissant,Butter Croissant,Pastry,midday,7,1.175
2024-10-03,butter_croissant,Butter Croissant,Pastry,morning,16,1.175
2024-10-03,chocolate_cookie,Chocolate Cookie,Dessert,midday,5,1.0
2024-10-03,coffee_bun_sweet_bun,Coffee Bun / Sweet Bun,Pastry,midday,7,4.8
2024-10-03,country_sourdough,Country Sourdough,Bread,evening,14,1.675
2024-10-03,country_sourdough,Country Sourdough,Bread,midday,26,1.6442307692307692
2024-10-03,country_sourdough,Country Sourdough,Bread,morning,11,1.3444444444444443
2024-10-03,fruit_tart,Fruit Tart,Dessert,evening,4,2.0
2024-10-03,fruit_tart,Fruit Tart,Dessert,midday,10,2.0
2024-10-03,ham_cheese_sandwich,Ham & Cheese Sandwich,Savory,midday,18,5.40625
2024-10-03,ham_cheese_sandwich,Ham & Cheese Sandwich,Savory,morning,3,5.166666666666667
2024-10-03,pain_au_chocolat,Pain au Chocolat,Pastry,evening,3,1.2
2024-10-03,pain_au_chocolat,Pain au Chocolat,Pastry,midday,15,1.2
2024-10-03,pain_au_chocolat,Pain au Chocolat,Pastry,morning,17,1.2
2024-10-03,traditional_baguette,Traditional Baguette,Bread,evening,46,1.2053571428571428
2024-10-03,traditional_baguette,Traditional Baguette,Bread,midday,145,1.1371951219512195
2024-10-03,traditional_baguette,Traditional Baguette,Bread,morning,66,1.0670731707317074
2024-10-04,brioche,Brioche,Pastry,midday,1,5.0
2024-10-04,brioche,Brioche,Pastry,morning,2,5.0
2024-10-04,butter_croissant,Butter Croissant,Pastry,midday,20,1.1428571428571428
2024-10-04,butter_croissant,Butter Croissant,Pastry,morning,17,1.1
2024-10-04,chocolate_cookie,Chocolate Cookie,Dessert,midday,9,1.0
2024-10-04,coffee_bun_sweet_bun,Coffee Bun / Sweet Bun,Pastry,evening,4,2.1
2024-10-04,coffee_bun_sweet_bun,Coffee Bun / Sweet Bun,Pastry,midday,1,7.5
2024-10-04,country_sourdough,Country Sourdough,Bread,evening,2,1.15
2024-10-04,country_sourdough,Country Sourdough,Bread,midday,27,1.7666666666666666
2024-10-04,country_sourdough,Country Sourdough,Bread,morning,19,1.457142857142857
2024-10-04,fruit_tart,Fruit Tart,Dessert,midday,2,2.0
2024-10-04,ham_cheese_sandwich,Ham & Cheese Sandwich,Savory,evening,5,5.5
2024-10-04,ham_cheese_sandwich,Ham & Cheese Sandwich,Savory,midday,24,4.944444444444445
2024-10-04,ham_cheese_sandwich,Ham & Cheese Sandwich,Savory,morning,4,4.5
2024-10-04,pain_au_chocolat,Pain au Chocolat,Pastry,midday,10,1.2
2024-10-04,pain_au_chocolat,Pain au Chocolat,Pastry,morning,26,1.2
2024-10-04,traditional_baguette,Traditional Baguette,Bread,evening,44,1.1630434782608696
2024-10-04,traditional_baguette,Traditional Baguette,Bread,midday,162,1.1351648351648351
2024-10-04,traditional_baguette,Traditional Baguette,Bread,morning,55,1.0982758620689654
2024-10-05,brioche,Brioche,Pastry,midday,1,5.0
2024-10-05,butter_croissant,Butter Croissant,Pastry,evening,7,1.28
2024-10-05,butter_croissant,Butter Croissant,Pastry,midday,23,1.1
2024-10-05,butter_croissant,Butter Croissant,Pastry,morning,18,1.1
2024-10-05,chocolate_cookie,Chocolate Cookie,Dessert,evening,5,1.0
2024-10-05,chocolate_cookie,Chocolate Cookie,Dessert,midday,1,1.0
2024-10-05,coffee_bun_sweet_bun,Coffee Bun / Sweet Bun,Pastry,evening,1,2.1
2024-10-05,coffee_bun_sweet_bun,Coffee Bun / Sweet Bun,Pastry,midday,8,5.34
2024-10-05,country_sourdough,Country Sourdough,Bread,evening,2,1.325
2024-10-05,country_sourdough,Country Sourdough,Bread,midday,26,1.6217391304347826
2024-10-05,country_sourdough,Country Sourdough,Bread,morning,25,1.6749999999999998
2024-10-05,fruit_tart,Fruit Tart,Dessert,evening,3,2.0
2024-10-05,fruit_tart,Fruit Tart,Dessert,midday,7,2.0
2024-10-05,fruit_tart,Fruit Tart,Dessert,morning,3,2.0
2024-10-05,ham_cheese_sandwich,Ham & Cheese Sandwich,Savory,midday,6,4.75
2024-10-05,ham_cheese_sandwich,Ham & Cheese Sandwich,Savory,morning,2,3.5
2024-10-05,pain_au_chocolat,Pain au Chocolat,Pastry,evening,2,1.2
2024-10-05,pain_au_chocolat,Pain au Chocolat,Pastry,midday,25,1.2
2024-10-05,pain_au_chocolat,Pain au Chocolat,Pastry,morning,24,1.2
2024-10-05,traditional_baguette,Traditional Baguette,Bread,evening,50,1.1981481481481482
2024-10-05,traditional_baguette,Traditional Baguette,Bread,midday,199,1.1656565656565656
2024-10-05,traditional_baguette,Traditional Baguette,Bread,morning,89,1.0958333333333334
2024-10-06,brioche,Brioche,Pastry,midday,2,5.0
2024-10-06,brioche,Brioche,Pastry,morning,3,5.0
2024-10-06,butter_croissant,Butter Croissant,Pastry,midday,13,1.1600000000000001
2024-10-06,butter_croissant,Butter Croissant,Pastry,morning,72,1.112
2024-10-06,chocolate_cookie,Chocolate Cookie,Dessert,midday,4,1.0
2024-10-06,chocolate_cookie,Chocolate Cookie,Dessert,morning,1,1.0
2024-10-06,coffee_bun_sweet_bun,Coffee Bun / Sweet Bun,Pastry,midday,7,4.26
2024-10-06,coffee_bun_sweet_bun,Coffee Bun / Sweet Bun,Pastry,morning,2,4.8
2024-10-06,country_sourdough,Country Sourdough,Bread,midday,28,1.7185185185185186
2024-10-06,country_sourdough,Country Sourdough,Bread,morning,28,1.5894736842105264
2024-10-06,fruit_tart,Fruit Tart,Dessert,midday,22,4.5625
2024-10-06,fruit_tart,Fruit Tart,Dessert,morning,6,4.5
2024-10-06,pain_au_chocolat,Pain au Chocolat,Pastry,midday,6,1.2
2024-10-06,pain_au_chocolat,Pain au Chocolat,Pastry,morning,73,1.2
2024-10-06,traditional_baguette,Traditional Baguette,Bread,midday,225,1.1482269503546099
2024-10-06,traditional_baguette,Traditional Baguette,Bread,morning,129,1.1333333333333333
2024-10-07,brioche,Brioche,Pastry,evening,1,5.0
2024-10-07,butter_croissant,Butter Croissant,Pastry,evening,2,1.25
2024-10-07,butter_croissant,Butter Croissant,Pastry,midday,7,1.2
2024-10-07,butter_croissant,Butter Croissant,Pastry,morning,8,1.1500000000000001
2024-10-07,chocolate_cookie,Chocolate Cookie,Dessert,midday,3,1.0
2024-10-07,chocolate_cookie,Chocolate Cookie,Dessert,morning,2,1.0
2024-10-07,coffee_bun_sweet_bun,Coffee Bun / Sweet Bun,Pastry,evening,2,2.1
2024-10-07,country_sourdough,Country Sourdough,Bread,evening,12,1.86
2024-10-07,country_sourdough,Country Sourdough,Bread,midday,16,1.8192307692307692
2024-10-07,country_sourdough,Country Sourdough,Bread,morning,9,1.3285714285714287
2024-10-07,fruit_tart,Fruit Tart,Dessert,evening,2,2.0
2024-10-07,fruit_tart,Fruit Tart,Dessert,midday,6,2.0
2024-10-07,fruit_tart,Fruit Tart,Dessert,morning,1,2.0
2024-10-07,ham_cheese_sandwich,Ham & Cheese Sandwich,Savory,evening,1,2.5
2024-10-07,ham_cheese_sandwich,Ham & Cheese Sandwich,Savory,midday,20,5.566666666666666
2024-10-07,ham_cheese_sandwich,Ham & Cheese Sandwich,Savory,morning,2,5.0
2024-10-07,pain_au_chocolat,Pain au Chocolat,Pastry,evening,3,1.2
2024-10-07,pain_au_chocolat,Pain au Chocolat,Pastry,midday,8,1.2
2024-10-07,pain_au_chocolat,Pain au Chocolat,Pastry,morning,13,1.2
2024-10-07,traditional_baguette,Traditional Baguette,Bread,evening,34,1.173913043478261
2024-10-07,traditional_baguette,Traditional Baguette,Bread,midday,92,1.149074074074074
2024-10-07,traditional_baguette,Traditional Baguette,Bread,morning,46,1.11
2024-10-08,brioche,Brioche,Pastry,midday,1,5.0
2024-10-08,butter_croissant,Butter Croissant,Pastry,evening,1,1.1
2024-10-08,butter_croissant,Butter Croissant,Pastry,midday,7,1.1600000000000001
2024-10-08,butter_croissant,Butter Croissant,Pastry,morning,18,1.1818181818181819
2024-10-08,chocolate_cookie,Chocolate Cookie,Dessert,midday,1,1.0
2024-10-08,chocolate_cookie,Chocolate Cookie,Dessert,morning,5,1.0
2024-10-08,coffee_bun_sweet_bun,Coffee Bun / Sweet Bun,Pastry,evening,1,2.1
2024-10-08,coffee_bun_sweet_bun,Coffee Bun / Sweet Bun,Pastry,midday,2,2.1
2024-10-08,country_sourdough,Country Sourdough,Bread,evening,4,1.7
2024-10-08,country_sourdough,Country Sourdough,Bread,midday,18,1.9375
2024-10-08,country_sourdough,Country Sourdough,Bread,morning,22,1.536111111111111
2024-10-08,fruit_tart,Fruit Tart,Dessert,evening,1,2.0
2024-10-08,fruit_tart,Fruit Tart,Dessert,midday,6,2.0
2024-10-08,fruit_tart,Fruit Tart,Dessert,morning,2,2.0
2024-10-08,ham_cheese_sandwich,Ham & Cheese Sandwich,Savory,midday,17,4.15625
2024-10-08,ham_cheese_sandwich,Ham & Cheese Sandwich,Savory,morning,6,5.5
2024-10-08,pain_au_chocolat,Pain au Chocolat,Pastry,evening,7,1.2
2024-10-08,pain_au_chocolat,Pain au Chocolat,Pastry,midday,6,1.2
2024-10-08,pain_au_chocolat,Pain au Chocolat,Pastry,morning,19,1.2
2024-10-08,traditional_baguette,Traditional Baguette,Bread,evening,39,1.1354166666666667
2024-10-08,traditional_baguette,Traditional Baguette,Bread,midday,101,1.1734375
2024-10-08,traditional_baguette,Traditional Baguette,Bread,morning,39,1.0777777777777777
2024-10-10,brioche,Brioche,Pastry,evening,2,5.0
2024-10-10,butter_croissant,Butter Croissant,Pastry,evening,6,1.175
2024-10-10,butter_croissant,Butter Croissant,Pastry,midday,6,1.2
2024-10-10,butter_croissant,Butter Croissant,Pastry,morning,30,1.12
2024-10-10,chocolate_cookie,Chocolate Cookie,Dessert,midday,4,1.0
2024-10-10,coffee_bun_sweet_bun,Coffee Bun / Sweet Bun,Pastry,evening,1,2.1
2024-10-10,coffee_bun_sweet_bun,Coffee Bun / Sweet Bun,Pastry,midday,2,2.1
2024-10-10,country_sourdough,Country Sourdough,Bread,evening,2,1.95
2024-10-10,country_sourdough,Country Sourdough,Bread,midday,21,1.7925
2024-10-10,country_sourdough,Country Sourdough,Bread,morning,15,1.4590909090909092
2024-10-10,fruit_tart,Fruit Tart,Dessert,evening,1,2.0
2024-10-10,fruit_tart,Fruit Tart,Dessert,midday,4,2.0
2024-10-10,ham_cheese_sandwich,Ham & Cheese Sandwich,Savory,midday,23,5.277777777777778
2024-10-10,ham_cheese_sandwich,Ham & Cheese Sandwich,Savory,morning,4,5.25
2024-10-10,pain_au_chocolat,Pain au Chocolat,Pastry,evening,4,1.2
2024-10-10,pain_au_chocolat,Pain au Chocolat,Pastry,midday,3,1.2
2024-10-10,pain_au_chocolat,Pain au Chocolat,Pastry,morning,23,1.2
2024-10-10,traditional_baguette,Traditional Baguette,Bread,evening,39,1.1596153846153845
2024-10-10,traditional_baguette,Traditional Baguette,Bread,midday,75,1.154
2024-10-10,traditional_baguette,Traditional Baguette,Bread,morning,55,1.1397435897435897
2024-10-11,brioche,Brioche,Pastry,midday,1,5.0
2024-10-11,brioche,Brioche,Pastry,morning,1,5.0
2024-10-11,butter_croissant,Butter Croissant,Pastry,evening,3,1.2
2024-10-11,butter_croissant,Butter Croissant,Pastry,midday,13,1.2714285714285716
2024-10-11,butter_croissant,Butter Croissant,Pastry,morning,21,1.1300000000000001
2024-10-11,chocolate_cookie,Chocolate Cookie,Dessert,evening,4,1.0
2024-10-11,chocolate_cookie,Chocolate Cookie,Dessert,midday,3,1.0
2024-10-11,coffee_bun_sweet_bun,Coffee Bun / Sweet Bun,Pastry,midday,1,2.1
2024-10-11,coffee_bun_sweet_bun,Coffee Bun / Sweet Bun,Pastry,morning,1,7.5
2024-10-11,country_sourdough,Country Sourdough,Bread,evening,9,1.707142857142857
2024-10-11,country_sourdough,Country Sourdough,Bread,midday,23,1.7795454545454545
2024-10-11,country_sourdough,Country Sourdough,Bread,morning,16,1.376923076923077
2024-10-11,fruit_tart,Fruit Tart,Dessert,midday,4,2.0
2024-10-11,fruit_tart,Fruit Tart,Dessert,morning,2,2.0
2024-10-11,ham_cheese_sandwich,Ham & Cheese Sandwich,Savory,midday,13,4.916666666666667
2024-10-11,ham_cheese_sandwich,Ham & Cheese Sandwich,Savory,morning,1,6.5
2024-10-11,pain_au_chocolat,Pain au Chocolat,Pastry,evening,6,1.2
2024-10-11,pain_au_chocolat,Pain au Chocolat,Pastry,midday,6,1.2
2024-10-11,pain_au_chocolat,Pain au Chocolat,Pastry,morning,26,1.2
2024-10-11,traditional_baguette,Traditional Baguette,Bread,evening,45,1.202
2024-10-11,traditional_baguette,Traditional Baguette,Bread,midday,93,1.1557692307692309
2024-10-11,traditional_baguette,Traditional Baguette,Bread,morning,36,1.148076923076923
2024-10-12,brioche,Brioche,Pastry,midday,2,5.0
2024-10-12,butter_croissant,Butter Croissant,Pastry,evening,2,1.1
2024-10-12,butter_croissant,Butter Croissant,Pastry,midday,20,1.1
2024-10-12,butter_croissant,Butter Croissant,Pastry,morning,44,1.1
2024-10-12,chocolate_cookie,Chocolate Cookie,Dessert,midday,2,1.0
2024-10-12,coffee_bun_sweet_bun,Coffee Bun / Sweet Bun,Pastry,evening,3,2.1
2024-10-12,coffee_bun_sweet_bun,Coffee Bun / Sweet Bun,Pastry,midday,5,5.7
2024-10-12,coffee_bun_sweet_bun,Coffee Bun / Sweet Bun,Pastry,morning,2,7.5
2024-10-12,country_sourdough,Country Sourdough,Bread,evening,9,1.3857142857142857
2024-10-12,country_sourdough,Country Sourdough,Bread,midday,23,1.675
2024-10-12,country_sourdough,Country Sourdough,Bread,morning,10,1.707142857142857
2024-10-12,fruit_tart,Fruit Tart,Dessert,evening,13,3.4285714285714284
2024-10-12,fruit_tart,Fruit Tart,Dessert,midday,19,3.7
2024-10-12,fruit_tart,Fruit Tart,Dessert,morning,2,7.0
2024-10-12,ham_cheese_sandwich,Ham & Cheese Sandwich,Savory,midday,3,6.5
2024-10-12,pain_au_chocolat,Pain au Chocolat,Pastry,midday,15,1.2
2024-10-12,pain_au_chocolat,Pain au Chocolat,Pastry,morning,38,1.2
2024-10-12,traditional_baguette,Traditional Baguette,Bread,evening,40,1.19
2024-10-12,traditional_baguette,Traditional Baguette,Bread,midday,159,1.1434343434343435
2024-10-12,traditional_baguette,Traditional Baguette,Bread,morning,45,1.103125
2024-10-13,brioche,Brioche,Pastry,morning,3,5.0
2024-10-13,butter_croissant,Butter Croissant,Pastry,midday,12,1.3
2024-10-13,butter_croissant,Butter Croissant,Pastry,morning,90,1.11
2024-10-13,chocolate_cookie,Chocolate Cookie,Dessert,midday,4,1.0
2024-10-13,chocolate_cookie,Chocolate Cookie,Dessert,morning,1,1.0
2024-10-13,coffee_bun_sweet_bun,Coffee Bun / Sweet Bun,Pastry,midday,3,5.7
2024-10-13,coffee_bun_sweet_bun,Coffee Bun / Sweet Bun,Pastry,morning,2,4.8
2024-10-13,country_sourdough,Country Sourdough,Bread,midday,33,1.6233333333333335
2024-10-13,country_sourdough,Country Sourdough,Bread,morning,31,1.6187500000000001
2024-10-13,fruit_tart,Fruit Tart,Dessert,midday,20,3.2142857142857144
2024-10-13,fruit_tart,Fruit Tart,Dessert,morning,9,3.1666666666666665
2024-10-13,ham_cheese_sandwich,Ham & Cheese Sandwich,Savory,morning,2,4.5
2024-10-13,pain_au_chocolat,Pain au Chocolat,Pastry,midday,4,1.2
2024-10-13,pain_au_chocolat,Pain au Chocolat,Pastry,morning,67,1.2
2024-10-13,traditional_baguette,Traditional Baguette,Bread,midday,228,1.1656716417910447
2024-10-13,traditional_baguette,Traditional Baguette,Bread,morning,131,1.1360000000000001
2024-10-14,brioche,Brioche,Pastry,morning,2,5.0
2024-10-14,butter_croissant,Butter Croissant,Pastry,midday,8,1.1
2024-10-14,butter_croissant,Butter Croissant,Pastry,morning,13,1.1
2024-10-14,chocolate_cookie,Chocolate Cookie,Dessert,evening,3,1.0
2024-10-14,chocolate_cookie,Chocolate Cookie,Dessert,morning,8,1.0
2024-10-14,country_sourdough,Country Sourdough,Bread,evening,11,1.9249999999999998
2024-10-14,country_sourdough,Country Sourdough,Bread,midday,14,1.657142857142857
2024-10-14,country_sourdough,Country Sourdough,Bread,morning,7,1.7666666666666666
2024-10-14,fruit_tart,Fruit Tart,Dessert,evening,4,2.0
2024-10-14,fruit_tart,Fruit Tart,Dessert,midday,4,2.0
2024-10-14,fruit_tart,Fruit Tart,Dessert,morning,2,2.0
2024-10-14,ham_cheese_sandwich,Ham & Cheese Sandwich,Savory,midday,21,4.777777777777778
2024-10-14,ham_cheese_sandwich,Ham & Cheese Sandwich,Savory,morning,2,5.5
2024-10-14,pain_au_chocolat,Pain au Chocolat,Pastry,evening,5,1.2
2024-10-14,pain_au_chocolat,Pain au Chocolat,Pastry,midday,11,1.2
2024-10-14,pain_au_chocolat,Pain au Chocolat,Pastry,morning,15,1.2
2024-10-14,traditional_baguette,Traditional Baguette,Bread,evening,36,1.1410714285714285
2024-10-14,traditional_baguette,Traditional Baguette,Bread,midday,96,1.1357142857142857
2024-10-14,traditional_baguette,Traditional Baguette,Bread,morning,46,1.0611111111111111
2024-10-15,brioche,Brioche,Pastry,midday,1,5.0
2024-10-15,butter_croissant,Butter Croissant,Pastry,evening,10,1.1
2024-10-15,butter_croissant,Butter Croissant,Pastry,midday,11,1.1500000000000001
2024-10-15,butter_croissant,Butter Croissant,Pastry,morning,11,1.1857142857142857
2024-10-15,chocolate_cookie,Chocolate Cookie,Dessert,midday,1,1.0
2024-10-15,chocolate_cookie,Chocolate Cookie,Dessert,morning,2,1.0
2024-10-15,coffee_bun_sweet_bun,Coffee Bun / Sweet Bun,Pastry,evening,1,2.1
2024-10-15,coffee_bun_sweet_bun,Coffee Bun / Sweet Bun,Pastry,midday,5,2.1
2024-10-15,coffee_bun_sweet_bun,Coffee Bun / Sweet Bun,Pastry,morning,1,2.1
2024-10-15,country_sourdough,Country Sourdough,Bread,evening,4,1.1333333333333333
2024-10-15,country_sourdough,Country Sourdough,Bread,midday,19,1.765625
2024-10-15,country_sourdough,Country Sourdough,Bread,morning,16,1.5538461538461539
2024-10-15,fruit_tart,Fruit Tart,Dessert,evening,1,2.0
2024-10-15,fruit_tart,Fruit Tart,Dessert,midday,2,2.0
2024-10-15,fruit_tart,Fruit Tart,Dessert,morning,2,2.0
2024-10-15,ham_cheese_sandwich,Ham & Cheese Sandwich,Savory,evening,1,4.5
2024-10-15,ham_cheese_sandwich,Ham & Cheese Sandwich,Savory,midday,35,5.2
2024-10-15,ham_cheese_sandwich,Ham & Cheese Sandwich,Savory,morning,4,4.25
2024-10-15,pain_au_chocolat,Pain au Chocolat,Pastry,evening,5,1.2
2024-10-15,pain_au_chocolat,Pain au Chocolat,Pastry,midday,7,1.2
2024-10-15,pain_au_chocolat,Pain au Chocolat,Pastry,morning,18,1.2
2024-10-15,traditional_baguette,Traditional Baguette,Bread,evening,32,1.1791666666666667
2024-10-15,traditional_baguette,Traditional Baguette,Bread,midday,110,1.206923076923077
2024-10-15,traditional_baguette,Traditional Baguette,Bread,morning,47,1.134375
2024-10-17,brioche,Brioche,Pastry,evening,1,5.0
2024-10-17,butter_croissant,Butter Croissant,Pastry,evening,4,1.25
2024-10-17,butter_croissant,Butter Croissant,Pastry,midday,3,1.4
2024-10-17,butter_croissant,Butter Croissant,Pastry,morning,7,1.175
2024-10-17,chocolate_cookie,Chocolate Cookie,Dessert,midday,1,1.0
2024-10-17,chocolate_cookie,Chocolate Cookie,Dessert,morning,2,1.0
2024-10-17,coffee_bun_sweet_bun,Coffee Bun / Sweet Bun,Pastry,evening,2,2.1
2024-10-17,country_sourdough,Country Sourdough,Bread,evening,2,2.4
2024-10-17,country_sourdough,Country Sourdough,Bread,midday,17,1.6035714285714284
2024-10-17,country_sourdough,Country Sourdough,Bread,morning,12,1.4277777777777778
2024-10-17,fruit_tart,Fruit Tart,Dessert,midday,2,2.0
2024-10-17,fruit_tart,Fruit Tart,Dessert,morning,2,2.0
2024-10-17,ham_cheese_sandwich,Ham & Cheese Sandwich,Savory,evening,1,2.5
2024-10-17,ham_cheese_sandwich,Ham & Cheese Sandwich,Savory,midday,21,5.131578947368421
2024-10-17,ham_cheese_sandwich,Ham & Cheese Sandwich,Savory,morning,4,5.5
2024-10-17,pain_au_chocolat,Pain au Chocolat,Pastry,evening,1,1.2
2024-10-17,pain_au_chocolat,Pain au Chocolat,Pastry,midday,8,1.2
2024-10-17,pain_au_chocolat,Pain au Chocolat,Pastry,morning,8,1.2
2024-10-17,traditional_baguette,Traditional Baguette,Bread,evening,21,1.1342105263157896
2024-10-17,traditional_baguette,Traditional Baguette,Bread,midday,64,1.1287234042553191
2024-10-17,traditional_baguette,Traditional Baguette,Bread,morning,36,1.091304347826087
2024-10-18,butter_croissant,Butter Croissant,Pastry,evening,6,1.175
2024-10-18,butter_croissant,Butter Croissant,Pastry,midday,6,1.28
2024-10-18,butter_croissant,Butter Croissant,Pastry,morning,19,1.1
2024-10-18,chocolate_cookie,Chocolate Cookie,Dessert,midday,5,1.0
2024-10-18,chocolate_cookie,Chocolate Cookie,Dessert,morning,1,1.0
2024-10-18,country_sourdough,Country Sourdough,Bread,evening,5,1.575
2024-10-18,country_sourdough,Country Sourdough,Bread,midday,17,1.7125
2024-10-18,country_sourdough,Country Sourdough,Bread,morning,4,1.8
2024-10-18,fruit_tart,Fruit Tart,Dessert,morning,3,2.0
2024-10-18,ham_cheese_sandwich,Ham & Cheese Sandwich,Savory,midday,28,5.552631578947368
2024-10-18,ham_cheese_sandwich,Ham & Cheese Sandwich,Savory,morning,4,5.25
2024-10-18,pain_au_chocolat,Pain au Chocolat,Pastry,evening,4,1.2
2024-10-18,pain_au_chocolat,Pain au Chocolat,Pastry,midday,6,1.2
2024-10-18,pain_au_chocolat,Pain au Chocolat,Pastry,morning,25,1.2
2024-10-18,traditional_baguette,Traditional Baguette,Bread,evening,16,1.209090909090909
2024-10-18,traditional_baguette,Traditional Baguette,Bread,midday,75,1.1688679245283018
2024-10-18,traditional_baguette,Traditional Baguette,Bread,morning,51,1.0785714285714285
2024-10-19,brioche,Brioche,Pastry,morning,2,5.0
2024-10-19,butter_croissant,Butter Croissant,Pastry,evening,3,1.1
2024-10-19,butter_croissant,Butter Croissant,Pastry,midday,12,1.1428571428571428
2024-10-19,butter_croissant,Butter Croissant,Pastry,morning,28,1.1300000000000001
2024-10-19,chocolate_cookie,Chocolate Cookie,Dessert,midday,4,1.0
2024-10-19,coffee_bun_sweet_bun,Coffee Bun / Sweet Bun,Pastry,evening,4,3.9
2024-10-19,coffee_bun_sweet_bun,Coffee Bun / Sweet Bun,Pastry,midday,3,3.9
2024-10-19,country_sourdough,Country Sourdough,Bread,evening,2,1.5
2024-10-19,country_sourdough,Country Sourdough,Bread,midday,24,1.8916666666666666
2024-10-19,country_sourdough,Country Sourdough,Bread,morning,22,1.52
2024-10-19,fruit_tart,Fruit Tart,Dessert,evening,4,2.0
2024-10-19,ham_cheese_sandwich,Ham & Cheese Sandwich,Savory,midday,4,4.833333333333333
2024-10-19,ham_cheese_sandwich,Ham & Cheese Sandwich,Savory,morning,5,4.5
2024-10-19,pain_au_chocolat,Pain au Chocolat,Pastry,midday,14,1.2
2024-10-19,pain_au_chocolat,Pain au Chocolat,Pastry,morning,24,1.2
2024-10-19,traditional_baguette,Traditional Baguette,Bread,evening,46,1.1333333333333333
2024-10-19,traditional_baguette,Traditional Baguette,Bread,midday,155,1.1512345679012346
2024-10-19,traditional_baguette,Traditional Baguette,Bread,morning,79,1.1034883720930233
2024-10-20,brioche,Brioche,Pastry,midday,4,3.95
2024-10-20,brioche,Brioche,Pastry,morning,2,2.9
2024-10-20,butter_croissant,Butter Croissant,Pastry,midday,17,1.1333333333333335
2024-10-20,butter_croissant,Butter Croissant,Pastry,morning,56,1.1
2024-10-20,chocolate_cookie,Chocolate Cookie,Dessert,midday,2,1.0
2024-10-20,coffee_bun_sweet_bun,Coffee Bun / Sweet Bun,Pastry,midday,8,3.45
2024-10-20,country_sourdough,Country Sourdough,Bread,midday,38,1.5772727272727272
2024-10-20,country_sourdough,Country Sourdough,Bread,morning,8,2.15625
2024-10-20,fruit_tart,Fruit Tart,Dessert,midday,18,5.384615384615385
2024-10-20,fruit_tart,Fruit Tart,Dessert,morning,6,3.75
2024-10-20,pain_au_chocolat,Pain au Chocolat,Pastry,midday,14,1.2
2024-10-20,pain_au_chocolat,Pain au Chocolat,Pastry,morning,36,1.2
2024-10-20,traditional_baguette,Traditional Baguette,Bread,midday,188,1.1672268907563026
2024-10-20,traditional_baguette,Traditional Baguette,Bread,morning,108,1.124074074074074
2024-10-21,butter_croissant,Butter Croissant,Pastry,evening,5,1.2
2024-10-21,butter_croissant,Butter Croissant,Pastry,midday,9,1.175
2024-10-21,butter_croissant,Butter Croissant,Pastry,morning,17,1.1300000000000001
2024-10-21,chocolate_cookie,Chocolate Cookie,Dessert,evening,5,1.0
2024-10-21,chocolate_cookie,Chocolate Cookie,Dessert,midday,1,1.0
2024-10-21,chocolate_cookie,Chocolate Cookie,Dessert,morning,2,1.0
2024-10-21,coffee_bun_sweet_bun,Coffee Bun / Sweet Bun,Pastry,midday,1,7.5
2024-10-21,country_sourdough,Country Sourdough,Bread,evening,9,2.0
2024-10-21,country_sourdough,Country Sourdough,Bread,midday,12,1.555
2024-10-21,country_sourdough,Country Sourdough,Bread,morning,11,1.4874999999999998
2024-10-21,fruit_tart,Fruit Tart,Dessert,evening,3,2.0
2024-10-21,ham_cheese_sandwich,Ham & Cheese Sandwich,Savory,evening,1,4.5
2024-10-21,ham_cheese_sandwich,Ham & Cheese Sandwich,Savory,midday,26,4.95
2024-10-21,ham_cheese_sandwich,Ham & Cheese Sandwich,Savory,morning,2,3.5
2024-10-21,pain_au_chocolat,Pain au Chocolat,Pastry,evening,2,1.2
2024-10-21,pain_au_chocolat,Pain au Chocolat,Pastry,midday,6,1.2
2024-10-21,pain_au_chocolat,Pain au Chocolat,Pastry,morning,11,1.2
2024-10-21,traditional_baguette,Traditional Baguette,Bread,evening,39,1.1384615384615384
2024-10-21,traditional_baguette,Traditional Baguette,Bread,midday,92,1.1522388059701494
2024-10-21,traditional_baguette,Traditional Baguette,Bread,morning,47,1.1275862068965519
2024-10-22,brioche,Brioche,Pastry,midday,1,5.0
2024-10-22,butter_croissant,Butter Croissant,Pastry,evening,6,1.1
2024-10-22,butter_croissant,Butter Croissant,Pastry,morning,17,1.1300000000000001
2024-10-22,chocolate_cookie,Chocolate Cookie,Dessert,morning,6,1.0
2024-10-22,coffee_bun_sweet_bun,Coffee Bun / Sweet Bun,Pastry,evening,2,4.8
2024-10-22,country_sourdough,Country Sourdough,Bread,evening,2,1.45
2024-10-22,country_sourdough,Country Sourdough,Bread,midday,17,1.7607142857142857
2024-10-22,country_sourdough,Country Sourdough,Bread,morning,9,1.6357142857142857
2024-10-22,fruit_tart,Fruit Tart,Dessert,evening,3,2.0
2024-10-22,fruit_tart,Fruit Tart,Dessert,midday,4,2.0
2024-10-22,fruit_tart,Fruit Tart,Dessert,morning,1,2.0
2024-10-22,ham_cheese_sandwich,Ham & Cheese Sandwich,Savory,evening,1,2.5
2024-10-22,ham_cheese_sandwich,Ham & Cheese Sandwich,Savory,midday,12,4.3
2024-10-22,ham_cheese_sandwich,Ham & Cheese Sandwich,Savory,morning,1,3.5
2024-10-22,pain_au_chocolat,Pain au Chocolat,Pastry,evening,4,1.2
2024-10-22,pain_au_chocolat,Pain au Chocolat,Pastry,midday,1,1.2
2024-10-22,pain_au_chocolat,Pain au Chocolat,Pastry,morning,8,1.2
2024-10-22,traditional_baguette,Traditional Baguette,Bread,evening,45,1.1884615384615385
2024-10-22,traditional_baguette,Traditional Baguette,Bread,midday,72,1.151111111111111
2024-10-22,traditional_baguette,Traditional Baguette,Bread,morning,35,1.1277777777777778
2024-10-24,butter_croissant,Butter Croissant,Pastry,evening,3,1.1
2024-10-24,butter_croissant,Butter Croissant,Pastry,midday,1,1.4
2024-10-24,butter_croissant,Butter Croissant,Pastry,morning,22,1.1
2024-10-24,chocolate_cookie,Chocolate Cookie,Dessert,evening,1,1.0
2024-10-24,chocolate_cookie,Chocolate Cookie,Dessert,midday,3,1.0
2024-10-24,chocolate_cookie,Chocolate Cookie,Dessert,morning,1,1.0
2024-10-24,coffee_bun_sweet_bun,Coffee Bun / Sweet Bun,Pastry,evening,2,2.1
2024-10-24,country_sourdough,Country Sourdough,Bread,evening,6,1.7833333333333332
2024-10-24,country_sourdough,Country Sourdough,Bread,midday,18,1.7305555555555554
2024-10-24,country_sourdough,Country Sourdough,Bread,morning,7,1.2125
2024-10-24,fruit_tart,Fruit Tart,Dessert,evening,4,2.0
2024-10-24,fruit_tart,Fruit Tart,Dessert,midday,2,2.0
2024-10-24,ham_cheese_sandwich,Ham & Cheese Sandwich,Savory,midday,29,5.088235294117647
2024-10-24,ham_cheese_sandwich,Ham & Cheese Sandwich,Savory,morning,1,6.5
2024-10-24,pain_au_chocolat,Pain au Chocolat,Pastry,evening,4,1.2
2024-10-24,pain_au_chocolat,Pain au Chocolat,Pastry,morning,11,1.2
2024-10-24,traditional_baguette,Traditional Baguette,Bread,evening,40,1.164
2024-10-24,traditional_baguette,Traditional Baguette,Bread,midday,96,1.2075
2024-10-24,traditional_baguette,Traditional Baguette,Bread,morning,44,1.1051724137931034
2024-10-25,brioche,Brioche,Pastry,midday,2,5.0
2024-10-25,butter_croissant,Butter Croissant,Pastry,evening,3,1.1
2024-10-25,butter_croissant,Butter Croissant,Pastry,midday,9,1.2285714285714284
2024-10-25,butter_croissant,Butter Croissant,Pastry,morning,27,1.146153846153846
2024-10-25,chocolate_cookie,Chocolate Cookie,Dessert,midday,6,1.0
2024-10-25,coffee_bun_sweet_bun,Coffee Bun / Sweet Bun,Pastry,evening,1,2.1
2024-10-25,coffee_bun_sweet_bun,Coffee Bun / Sweet Bun,Pastry,morning,8,2.1
2024-10-25,country_sourdough,Country Sourdough,Bread,evening,2,1.5
2024-10-25,country_sourdough,Country Sourdough,Bread,midday,21,1.9
2024-10-25,country_sourdough,Country Sourdough,Bread,morning,7,1.46
2024-10-25,fruit_tart,Fruit Tart,Dessert,midday,5,2.0
2024-10-25,ham_cheese_sandwich,Ham & Cheese Sandwich,Savory,midday,20,4.684210526315789
2024-10-25,ham_cheese_sandwich,Ham & Cheese Sandwich,Savory,morning,3,3.5
2024-10-25,pain_au_chocolat,Pain au Chocolat,Pastry,evening,15,1.2
2024-10-25,pain_au_chocolat,Pain au Chocolat,Pastry,midday,4,1.2
2024-10-25,pain_au_chocolat,Pain au Chocolat,Pastry,morning,21,1.2
2024-10-25,traditional_baguette,Traditional Baguette,Bread,evening,54,1.1624999999999999
2024-10-25,traditional_baguette,Traditional Baguette,Bread,midday,92,1.1008196721311476
2024-10-25,traditional_baguette,Traditional Baguette,Bread,morning,26,1.0899999999999999
2024-10-26,butter_croissant,Butter Croissant,Pastry,evening,1,1.4
2024-10-26,butter_croissant,Butter Croissant,Pastry,midday,4,1.2
2024-10-26,butter_croissant,Butter Croissant,Pastry,morning,20,1.1666666666666667
2024-10-26,chocolate_cookie,Chocolate Cookie,Dessert,midday,3,1.0
2024-10-26,coffee_bun_sweet_bun,Coffee Bun / Sweet Bun,Pastry,midday,1,7.5
2024-10-26,country_sourdough,Country Sourdough,Bread,evening,2,1.25
2024-10-26,country_sourdough,Country Sourdough,Bread,midday,21,1.8605263157894738
2024-10-26,country_sourdough,Country Sourdough,Bread,morning,6,1.5916666666666668
2024-10-26,fruit_tart,Fruit Tart,Dessert,evening,2,2.0
2024-10-26,fruit_tart,Fruit Tart,Dessert,midday,8,5.857142857142857
2024-10-26,fruit_tart,Fruit Tart,Dessert,morning,2,2.0
2024-10-26,ham_cheese_sandwich,Ham & Cheese Sandwich,Savory,midday,11,4.833333333333333
2024-10-26,pain_au_chocolat,Pain au Chocolat,Pastry,midday,6,1.2
2024-10-26,pain_au_chocolat,Pain au Chocolat,Pastry,morning,16,1.2
2024-10-26,traditional_baguette,Traditional Baguette,Bread,evening,17,1.15
2024-10-26,traditional_baguette,Traditional Baguette,Bread,midday,102,1.1233870967741935
2024-10-26,traditional_baguette,Traditional Baguette,Bread,morning,74,1.1057142857142859
2024-10-27,brioche,Brioche,Pastry,midday,2,5.0
2024-10-27,brioche,Brioche,Pastry,morning,1,0.8
2024-10-27,butter_croissant,Butter Croissant,Pastry,midday,4,1.3
2024-10-27,butter_croissant,Butter Croissant,Pastry,morning,74,1.112
2024-10-27,chocolate_cookie,Chocolate Cookie,Dessert,midday,3,1.0
2024-10-27,coffee_bun_sweet_bun,Coffee Bun / Sweet Bun,Pastry,midday,2,4.8
2024-10-27,coffee_bun_sweet_bun,Coffee Bun / Sweet Bun,Pastry,morning,2,7.5
2024-10-27,country_sourdough,Country Sourdough,Bread,midday,15,2.0866666666666664
2024-10-27,country_sourdough,Country Sourdough,Bread,morning,29,1.48
2024-10-27,fruit_tart,Fruit Tart,Dessert,midday,22,3.4615384615384617
2024-10-27,fruit_tart,Fruit Tart,Dessert,morning,10,5.777777777777778
2024-10-27,ham_cheese_sandwich,Ham & Cheese Sandwich,Savory,midday,3,4.166666666666667
2024-10-27,ham_cheese_sandwich,Ham & Cheese Sandwich,Savory,morning,2,3.5
2024-10-27,pain_au_chocolat,Pain au Chocolat,Pastry,midday,5,1.2
2024-10-27,pain_au_chocolat,Pain au Chocolat,Pastry,morning,38,1.2
2024-10-27,traditional_baguette,Traditional Baguette,Bread,midday,165,1.1579787234042553
2024-10-27,traditional_baguette,Traditional Baguette,Bread,morning,139,1.1414634146341462
2024-10-28,brioche,Brioche,Pastry,midday,1,5.0
2024-10-28,butter_croissant,Butter Croissant,Pastry,evening,2,1.4
2024-10-28,butter_croissant,Butter Croissant,Pastry,midday,1,1.4
2024-10-28,butter_croissant,Butter Croissant,Pastry,morning,10,1.1
2024-10-28,chocolate_cookie,Chocolate Cookie,Dessert,evening,2,1.0
2024-10-28,chocolate_cookie,Chocolate Cookie,Dessert,midday,1,1.0
2024-10-28,coffee_bun_sweet_bun,Coffee Bun / Sweet Bun,Pastry,evening,3,2.1
2024-10-28,coffee_bun_sweet_bun,Coffee Bun / Sweet Bun,Pastry,morning,2,2.1
2024-10-28,country_sourdough,Country Sourdough,Bread,evening,8,1.875
2024-10-28,country_sourdough,Country Sourdough,Bread,midday,8,1.4875
2024-10-28,country_sourdough,Country Sourdough,Bread,morning,13,1.6500000000000001
2024-10-28,fruit_tart,Fruit Tart,Dessert,evening,1,2.0
2024-10-28,fruit_tart,Fruit Tart,Dessert,midday,4,2.5
2024-10-28,fruit_tart,Fruit Tart,Dessert,morning,4,2.5
2024-10-28,ham_cheese_sandwich,Ham & Cheese Sandwich,Savory,midday,25,5.5
2024-10-28,ham_cheese_sandwich,Ham & Cheese Sandwich,Savory,morning,5,5.25
2024-10-28,pain_au_chocolat,Pain au Chocolat,Pastry,evening,5,1.2
2024-10-28,pain_au_chocolat,Pain au Chocolat,Pastry,morning,10,1.2
2024-10-28,traditional_baguette,Traditional Baguette,Bread,evening,22,1.059375
2024-10-28,traditional_baguette,Traditional Baguette,Bread,midday,77,1.107843137254902
2024-10-28,traditional_baguette,Traditional Baguette,Bread,morning,87,1.130232558139535
2024-10-29,brioche,Brioche,Pastry,morning,1,5.0
2024-10-29,butter_croissant,Butter Croissant,Pastry,evening,4,1.1
2024-10-29,butter_croissant,Butter Croissant,Pastry,morning,30,1.1666666666666667
2024-10-29,chocolate_cookie,Chocolate Cookie,Dessert,evening,1,1.0
2024-10-29,chocolate_cookie,Chocolate Cookie,Dessert,morning,1,1.0
2024-10-29,coffee_bun_sweet_bun,Coffee Bun / Sweet Bun,Pastry,evening,1,7.5
2024-10-29,coffee_bun_sweet_bun,Coffee Bun / Sweet Bun,Pastry,midday,1,2.1
2024-10-29,coffee_bun_sweet_bun,Coffee Bun / Sweet Bun,Pastry,morning,2,2.1
2024-10-29,country_sourdough,Country Sourdough,Bread,evening,4,1.625
2024-10-29,country_sourdough,Country Sourdough,Bread,midday,14,1.8678571428571427
2024-10-29,country_sourdough,Country Sourdough,Bread,morning,22,1.5277777777777777
2024-10-29,fruit_tart,Fruit Tart,Dessert,evening,1,9.0
2024-10-29,fruit_tart,Fruit Tart,Dessert,midday,3,2.5
2024-10-29,fruit_tart,Fruit Tart,Dessert,morning,2,2.0
2024-10-29,ham_cheese_sandwich,Ham & Cheese Sandwich,Savory,midday,18,5.766666666666667
2024-10-29,ham_cheese_sandwich,Ham & Cheese Sandwich,Savory,morning,6,5.25
2024-10-29,pain_au_chocolat,Pain au Chocolat,Pastry,evening,1,1.2
2024-10-29,pain_au_chocolat,Pain au Chocolat,Pastry,midday,6,1.2
2024-10-29,pain_au_chocolat,Pain au Chocolat,Pastry,morning,19,1.2
2024-10-29,traditional_baguette,Traditional Baguette,Bread,evening,47,1.1616666666666666
2024-10-29,traditional_baguette,Traditional Baguette,Bread,midday,71,1.138095238095238
2024-10-29,traditional_baguette,Traditional Baguette,Bread,morning,64,1.1315217391304346
2024-10-31,brioche,Brioche,Pastry,evening,1,5.0
2024-10-31,brioche,Brioche,Pastry,morning,1,5.0
2024-10-31,butter_croissant,Butter Croissant,Pastry,evening,7,1.25
2024-10-31,butter_croissant,Butter Croissant,Pastry,midday,1,1.4
2024-10-31,butter_croissant,Butter Croissant,Pastry,morning,17,1.1600000000000001
2024-10-31,chocolate_cookie,Chocolate Cookie,Dessert,midday,3,1.0
2024-10-31,coffee_bun_sweet_bun,Coffee Bun / Sweet Bun,Pastry,evening,2,2.1
2024-10-31,coffee_bun_sweet_bun,Coffee Bun / Sweet Bun,Pastry,morning,1,2.1
2024-10-31,country_sourdough,Country Sourdough,Bread,evening,6,1.8833333333333335
2024-10-31,country_sourdough,Country Sourdough,Bread,midday,10,1.905
2024-10-31,country_sourdough,Country Sourdough,Bread,morning,10,1.34375
2024-10-31,fruit_tart,Fruit Tart,Dessert,evening,3,2.0
2024-10-31,fruit_tart,Fruit Tart,Dessert,midday,3,2.0
2024-10-31,fruit_tart,Fruit Tart,Dessert,morning,3,2.0
2024-10-31,ham_cheese_sandwich,Ham & Cheese Sandwich,Savory,midday,19,5.7
2024-10-31,ham_cheese_sandwich,Ham & Cheese Sandwich,Savory,morning,2,6.5
2024-10-31,pain_au_chocolat,Pain au Chocolat,Pastry,evening,3,1.2
2024-10-31,pain_au_chocolat,Pain au Chocolat,Pastry,morning,13,1.2
2024-10-31,traditional_baguette,Traditional Baguette,Bread,evening,22,1.0944444444444443
2024-10-31,traditional_baguette,Traditional Baguette,Bread,midday,60,1.1375
2024-10-31,traditional_baguette,Traditional Baguette,Bread,morning,72,1.114423076923077
2024-11-01,brioche,Brioche,Pastry,morning,1,5.0
2024-11-01,butter_croissant,Butter Croissant,Pastry,evening,4,1.4
2024-11-01,butter_croissant,Butter Croissant,Pastry,midday,2,1.1
2024-11-01,butter_croissant,Butter Croissant,Pastry,morning,18,1.1
2024-11-01,chocolate_cookie,Chocolate Cookie,Dessert,morning,9,1.0
2024-11-01,coffee_bun_sweet_bun,Coffee Bun / Sweet Bun,Pastry,morning,1,2.1
2024-11-01,country_sourdough,Country Sourdough,Bread,evening,7,1.9428571428571428
2024-11-01,country_sourdough,Country Sourdough,Bread,midday,12,1.6833333333333331
2024-11-01,country_sourdough,Country Sourdough,Bread,morning,20,1.54375
2024-11-01,fruit_tart,Fruit Tart,Dessert,evening,3,2.3333333333333335
2024-11-01,fruit_tart,Fruit Tart,Dessert,midday,5,2.3333333333333335
2024-11-01,fruit_tart,Fruit Tart,Dessert,morning,4,2.5
2024-11-01,ham_cheese_sandwich,Ham & Cheese Sandwich,Savory,midday,16,5.433333333333334
2024-11-01,ham_cheese_sandwich,Ham & Cheese Sandwich,Savory,morning,8,5.833333333333333
2024-11-01,pain_au_chocolat,Pain au Chocolat,Pastry,evening,5,1.2
2024-11-01,pain_au_chocolat,Pain au Chocolat,Pastry,midday,6,1.2
2024-11-01,pain_au_chocolat,Pain au Chocolat,Pastry,morning,20,1.2
2024-11-01,traditional_baguette,Traditional Baguette,Bread,evening,51,1.1672413793103449
2024-11-01,traditional_baguette,Traditional Baguette,Bread,midday,86,1.1693877551020408
2024-11-01,traditional_baguette,Traditional Baguette,Bread,morning,70,1.1722222222222223
2024-11-02,brioche,Brioche,Pastry,midday,3,5.0
2024-11-02,brioche,Brioche,Pastry,morning,6,4.16
2024-11-02,butter_croissant,Butter Croissant,Pastry,evening,5,1.2
2024-11-02,butter_croissant,Butter Croissant,Pastry,midday,7,1.1
2024-11-02,butter_croissant,Butter Croissant,Pastry,morning,53,1.1521739130434783
2024-11-02,chocolate_cookie,Chocolate Cookie,Dessert,midday,7,1.0
2024-11-02,chocolate_cookie,Chocolate Cookie,Dessert,morning,1,1.0
2024-11-02,coffee_bun_sweet_bun,Coffee Bun / Sweet Bun,Pastry,evening,3,7.5
2024-11-02,coffee_bun_sweet_bun,Coffee Bun / Sweet Bun,Pastry,midday,3,4.8
2024-11-02,coffee_bun_sweet_bun,Coffee Bun / Sweet Bun,Pastry,morning,3,7.5
2024-11-02,country_sourdough,Country Sourdough,Bread,evening,5,1.4
2024-11-02,country_sourdough,Country Sourdough,Bread,midday,15,1.6642857142857144
2024-11-02,country_sourdough,Country Sourdough,Bread,morning,29,1.8354166666666665
2024-11-02,fruit_tart,Fruit Tart,Dessert,evening,3,8.0
2024-11-02,fruit_tart,Fruit Tart,Dessert,midday,3,2.5
2024-11-02,fruit_tart,Fruit Tart,Dessert,morning,2,7.0
2024-11-02,ham_cheese_sandwich,Ham & Cheese Sandwich,Savory,midday,3,6.5
2024-11-02,ham_cheese_sandwich,Ham & Cheese Sandwich,Savory,morning,1,3.5
2024-11-02,pain_au_chocolat,Pain au Chocolat,Pastry,evening,2,1.2
2024-11-02,pain_au_chocolat,Pain au Chocolat,Pastry,morning,38,1.2
2024-11-02,traditional_baguette,Traditional Baguette,Bread,evening,41,1.1666666666666667
2024-11-02,traditional_baguette,Traditional Baguette,Bread,midday,133,1.1571428571428573
2024-11-02,traditional_baguette,Traditional Baguette,Bread,morning,183,1.1489010989010988
2024-11-03,brioche,Brioche,Pastry,morning,5,5.0
2024-11-03,butter_croissant,Butter Croissant,Pastry,morning,131,1.1076923076923078
2024-11-03,chocolate_cookie,Chocolate Cookie,Dessert,midday,2,1.0
2024-11-03,coffee_bun_sweet_bun,Coffee Bun / Sweet Bun,Pastry,midday,8,4.8
2024-11-03,coffee_bun_sweet_bun,Coffee Bun / Sweet Bun,Pastry,morning,8,5.475
2024-11-03,country_sourdough,Country Sourdough,Bread,midday,13,1.51
2024-11-03,country_sourdough,Country Sourdough,Bread,morning,60,1.8541666666666667
2024-11-03,fruit_tart,Fruit Tart,Dessert,midday,28,4.75
2024-11-03,fruit_tart,Fruit Tart,Dessert,morning,28,7.647058823529412
2024-11-03,ham_cheese_sandwich,Ham & Cheese Sandwich,Savory,midday,4,4.833333333333333
2024-11-03,pain_au_chocolat,Pain au Chocolat,Pastry,midday,24,1.2
2024-11-03,pain_au_chocolat,Pain au Chocolat,Pastry,morning,84,1.2
2024-11-03,traditional_baguette,Traditional Baguette,Bread,midday,185,1.160204081632653
2024-11-03,traditional_baguette,Traditional Baguette,Bread,morning,344,1.138719512195122
2024-11-04,brioche,Brioche,Pastry,morning,3,5.0
2024-11-04,butter_croissant,Butter Croissant,Pastry,midday,5,1.1
2024-11-04,butter_croissant,Butter Croissant,Pastry,morning,41,1.1166666666666667
2024-11-04,chocolate_cookie,Chocolate Cookie,Dessert,midday,1,1.0
2024-11-04,chocolate_cookie,Chocolate Cookie,Dessert,morning,2,1.0
2024-11-04,coffee_bun_sweet_bun,Coffee Bun / Sweet Bun,Pastry,midday,3,4.8
2024-11-04,coffee_bun_sweet_bun,Coffee Bun / Sweet Bun,Pastry,morning,2,4.8
2024-11-04,country_sourdough,Country Sourdough,Bread,midday,15,1.7208333333333332
2024-11-04,country_sourdough,Country Sourdough,Bread,morning,39,1.7545454545454544
2024-11-04,fruit_tart,Fruit Tart,Dessert,midday,6,6.5
2024-11-04,fruit_tart,Fruit Tart,Dessert,morning,12,7.166666666666667
2024-11-04,ham_cheese_sandwich,Ham & Cheese Sandwich,Savory,midday,5,5.166666666666667
2024-11-04,ham_cheese_sandwich,Ham & Cheese Sandwich,Savory,morning,3,6.5
2024-11-04,pain_au_chocolat,Pain au Chocolat,Pastry,midday,9,1.2
2024-11-04,pain_au_chocolat,Pain au Chocolat,Pastry,morning,34,1.2
2024-11-04,traditional_baguette,Traditional Baguette,Bread,midday,134,1.1578313253012047
2024-11-04,traditional_baguette,Traditional Baguette,Bread,morning,203,1.1569444444444446
2024-11-05,brioche,Brioche,Pastry,midday,1,5.0
2024-11-05,butter_croissant,Butter Croissant,Pastry,evening,2,1.1
2024-11-05,butter_croissant,Butter Croissant,Pastry,midday,7,1.2
2024-11-05,butter_croissant,Butter Croissant,Pastry,morning,18,1.19
2024-11-05,chocolate_cookie,Chocolate Cookie,Dessert,midday,2,1.0
2024-11-05,chocolate_cookie,Chocolate Cookie,Dessert,morning,1,1.0
2024-11-05,coffee_bun_sweet_bun,Coffee Bun / Sweet Bun,Pastry,evening,1,2.1
2024-11-05,coffee_bun_sweet_bun,Coffee Bun / Sweet Bun,Pastry,midday,4,5.7
2024-11-05,country_sourdough,Country Sourdough,Bread,evening,7,1.8285714285714285
2024-11-05,country_sourdough,Country Sourdough,Bread,midday,11,2.1222222222222222
2024-11-05,country_sourdough,Country Sourdough,Bread,morning,14,1.5699999999999998
2024-11-05,fruit_tart,Fruit Tart,Dessert,evening,4,2.0
2024-11-05,fruit_tart,Fruit Tart,Dessert,midday,3,2.0
2024-11-05,fruit_tart,Fruit Tart,Dessert,morning,5,2.0
2024-11-05,ham_cheese_sandwich,Ham & Cheese Sandwich,Savory,midday,30,5.595238095238095
2024-11-05,ham_cheese_sandwich,Ham & Cheese Sandwich,Savory,morning,5,4.75
2024-11-05,pain_au_chocolat,Pain au Chocolat,Pastry,evening,9,1.2
2024-11-05,pain_au_chocolat,Pain au Chocolat,Pastry,morning,15,1.2
2024-11-05,traditional_baguette,Traditional Baguette,Bread,evening,48,1.202
2024-11-05,traditional_baguette,Traditional Baguette,Bread,midday,96,1.186206896551724
2024-11-05,traditional_baguette,Traditional Baguette,Bread,morning,74,1.0670454545454546
2024-11-07,brioche,Brioche,Pastry,midday,1,5.0
2024-11-07,butter_croissant,Butter Croissant,Pastry,evening,7,1.1
2024-11-07,butter_croissant,Butter Croissant,Pastry,midday,4,1.25
2024-11-07,butter_croissant,Butter Croissant,Pastry,morning,19,1.1500000000000001
2024-11-07,chocolate_cookie,Chocolate Cookie,Dessert,evening,3,1.0
2024-11-07,coffee_bun_sweet_bun,Coffee Bun / Sweet Bun,Pastry,evening,1,7.5
2024-11-07,country_sourdough,Country Sourdough,Bread,evening,3,1.3999999999999997
2024-11-07,country_sourdough,Country Sourdough,Bread,midday,17,1.95
2024-11-07,country_sourdough,Country Sourdough,Bread,morning,13,1.45
2024-11-07,fruit_tart,Fruit Tart,Dessert,evening,1,2.0
2024-11-07,fruit_tart,Fruit Tart,Dessert,midday,1,2.0
2024-11-07,ham_cheese_sandwich,Ham & Cheese Sandwich,Savory,evening,1,6.5
2024-11-07,ham_cheese_sandwich,Ham & Cheese Sandwich,Savory,midday,13,4.9
2024-11-07,pain_au_chocolat,Pain au Chocolat,Pastry,evening,7,1.2
2024-11-07,pain_au_chocolat,Pain au Chocolat,Pastry,midday,9,1.2
2024-11-07,pain_au_chocolat,Pain au Chocolat,Pastry,morning,15,1.2
2024-11-07,traditional_baguette,Traditional Baguette,Bread,evening,42,1.1857142857142855
2024-11-07,traditional_baguette,Traditional Baguette,Bread,midday,86,1.1520408163265305
2024-11-07,traditional_baguette,Traditional Baguette,Bread,morning,70,1.1033333333333333
2024-11-08,brioche,Brioche,Pastry,midday,1,5.0
2024-11-08,brioche,Brioche,Pastry,morning,1,5.0
2024-11-08,butter_croissant,Butter Croissant,Pastry,evening,5,1.25
2024-11-08,butter_croissant,Butter Croissant,Pastry,midday,4,1.2
2024-11-08,butter_croissant,Butter Croissant,Pastry,morning,10,1.1
2024-11-08,chocolate_cookie,Chocolate Cookie,Dessert,evening,1,1.0
2024-11-08,chocolate_cookie,Chocolate Cookie,Dessert,midday,1,1.0
2024-11-08,chocolate_cookie,Chocolate Cookie,Dessert,morning,1,1.0
2024-11-08,coffee_bun_sweet_bun,Coffee Bun / Sweet Bun,Pastry,midday,2,2.1
2024-11-08,country_sourdough,Country Sourdough,Bread,evening,5,1.825
2024-11-08,country_sourdough,Country Sourdough,Bread,midday,17,1.6576923076923078
2024-11-08,country_sourdough,Country Sourdough,Bread,morning,9,1.48125
2024-11-08,fruit_tart,Fruit Tart,Dessert,morning,4,4.333333333333333
2024-11-08,ham_cheese_sandwich,Ham & Cheese Sandwich,Savory,evening,1,3.5
2024-11-08,ham_cheese_sandwich,Ham & Cheese Sandwich,Savory,midday,14,5.458333333333333
2024-11-08,ham_cheese_sandwich,Ham & Cheese Sandwich,Savory,morning,4,4.75
2024-11-08,pain_au_chocolat,Pain au Chocolat,Pastry,evening,1,1.2
2024-11-08,pain_au_chocolat,Pain au Chocolat,Pastry,morning,11,1.2
2024-11-08,traditional_baguette,Traditional Baguette,Bread,evening,40,1.1916666666666667
2024-11-08,traditional_baguette,Traditional Baguette,Bread,midday,73,1.1755102040816328
2024-11-08,traditional_baguette,Traditional Baguette,Bread,morning,66,1.1076086956521738
2024-11-09,brioche,Brioche,Pastry,evening,3,5.0
2024-11-09,brioche,Brioche,Pastry,morning,3,2.9
2024-11-09,butter_croissant,Butter Croissant,Pastry,evening,1,1.4
2024-11-09,butter_croissant,Butter Croissant,Pastry,midday,11,1.1600000000000001
2024-11-09,butter_croissant,Butter Croissant,Pastry,morning,35,1.1
2024-11-09,chocolate_cookie,Chocolate Cookie,Dessert,evening,2,1.0
2024-11-09,chocolate_cookie,Chocolate Cookie,Dessert,midday,4,1.0
2024-11-09,chocolate_cookie,Chocolate Cookie,Dessert,morning,4,1.0
2024-11-09,coffee_bun_sweet_bun,Coffee Bun / Sweet Bun,Pastry,midday,1,7.5
2024-11-09,coffee_bun_sweet_bun,Coffee Bun / Sweet Bun,Pastry,morning,5,2.1
2024-11-09,country_sourdough,Country Sourdough,Bread,evening,6,1.2166666666666668
2024-11-09,country_sourdough,Country Sourdough,Bread,midday,15,2.0846153846153843
2024-11-09,country_sourdough,Country Sourdough,Bread,morning,13,1.5727272727272728
2024-11-09,fruit_tart,Fruit Tart,Dessert,evening,1,18.0
2024-11-09,fruit_tart,Fruit Tart,Dessert,midday,1,12.0
2024-11-09,fruit_tart,Fruit Tart,Dessert,morning,4,6.0
2024-11-09,ham_cheese_sandwich,Ham & Cheese Sandwich,Savory,midday,6,6.0
2024-11-09,ham_cheese_sandwich,Ham & Cheese Sandwich,Savory,morning,2,5.0
2024-11-09,pain_au_chocolat,Pain au Chocolat,Pastry,evening,2,1.2
2024-11-09,pain_au_chocolat,Pain au Chocolat,Pastry,midday,11,1.2
2024-11-09,pain_au_chocolat,Pain au Chocolat,Pastry,morning,25,1.2
2024-11-09,traditional_baguette,Traditional Baguette,Bread,evening,48,1.1886363636363635
2024-11-09,traditional_baguette,Traditional Baguette,Bread,midday,109,1.176271186440678
2024-11-09,traditional_baguette,Traditional Baguette,Bread,morning,73,1.1245283018867924
2024-11-10,brioche,Brioche,Pastry,midday,1,5.0
2024-11-10,brioche,Brioche,Pastry,morning,3,3.6
2024-11-10,butter_croissant,Butter Croissant,Pastry,midday,7,1.2
2024-11-10,butter_croissant,Butter Croissant,Pastry,morning,64,1.123076923076923
2024-11-10,chocolate_cookie,Chocolate Cookie,Dessert,midday,2,1.0
2024-11-10,chocolate_cookie,Chocolate Cookie,Dessert,morning,1,1.0
2024-11-10,coffee_bun_sweet_bun,Coffee Bun / Sweet Bun,Pastry,midday,2,2.1
2024-11-10,coffee_bun_sweet_bun,Coffee Bun / Sweet Bun,Pastry,morning,5,5.7
2024-11-10,country_sourdough,Country Sourdough,Bread,midday,19,1.7678571428571428
2024-11-10,country_sourdough,Country Sourdough,Bread,morning,20,1.8083333333333331
2024-11-10,fruit_tart,Fruit Tart,Dessert,midday,23,6.153846153846154
2024-11-10,fruit_tart,Fruit Tart,Dessert,morning,11,5.0
2024-11-10,pain_au_chocolat,Pain au Chocolat,Pastry,midday,5,1.2
2024-11-10,pain_au_chocolat,Pain au Chocolat,Pastry,morning,35,1.2
2024-11-10,traditional_baguette,Traditional Baguette,Bread,midday,173,1.1685567010309277
2024-11-10,traditional_baguette,Traditional Baguette,Bread,morning,184,1.1500000000000001
2024-11-11,brioche,Brioche,Pastry,midday,2,5.0
2024-11-11,brioche,Brioche,Pastry,morning,1,5.0
2024-11-11,butter_croissant,Butter Croissant,Pastry,evening,2,1.1
2024-11-11,butter_croissant,Butter Croissant,Pastry,morning,21,1.1
2024-11-11,chocolate_cookie,Chocolate Cookie,Dessert,midday,4,1.0
2024-11-11,chocolate_cookie,Chocolate Cookie,Dessert,morning,4,1.0
2024-11-11,coffee_bun_sweet_bun,Coffee Bun / Sweet Bun,Pastry,evening,2,7.5
2024-11-11,coffee_bun_sweet_bun,Coffee Bun / Sweet Bun,Pastry,midday,2,2.1
2024-11-11,country_sourdough,Country Sourdough,Bread,evening,8,1.8375
2024-11-11,country_sourdough,Country Sourdough,Bread,midday,6,1.8399999999999999
2024-11-11,country_sourdough,Country Sourdough,Bread,morning,14,1.6730769230769231
2024-11-11,fruit_tart,Fruit Tart,Dessert,midday,1,2.0
2024-11-11,fruit_tart,Fruit Tart,Dessert,morning,2,2.0
2024-11-11,ham_cheese_sandwich,Ham & Cheese Sandwich,Savory,evening,2,2.5
2024-11-11,ham_cheese_sandwich,Ham & Cheese Sandwich,Savory,midday,26,5.083333333333333
2024-11-11,ham_cheese_sandwich,Ham & Cheese Sandwich,Savory,morning,1,4.5
2024-11-11,pain_au_chocolat,Pain au Chocolat,Pastry,evening,3,1.2
2024-11-11,pain_au_chocolat,Pain au Chocolat,Pastry,midday,1,1.2
2024-11-11,pain_au_chocolat,Pain au Chocolat,Pastry,morning,16,1.2
2024-11-11,traditional_baguette,Traditional Baguette,Bread,evening,45,1.1426470588235293
2024-11-11,traditional_baguette,Traditional Baguette,Bread,midday,89,1.1547169811320754
2024-11-11,traditional_baguette,Traditional Baguette,Bread,morning,91,1.1401785714285715
2024-11-12,brioche,Brioche,Pastry,evening,2,5.0
2024-11-12,butter_croissant,Butter Croissant,Pastry,evening,3,1.1
2024-11-12,butter_croissant,Butter Croissant,Pastry,midday,2,1.1
2024-11-12,butter_croissant,Butter Croissant,Pastry,morning,25,1.1
2024-11-12,chocolate_cookie,Chocolate Cookie,Dessert,midday,2,1.0
2024-11-12,chocolate_cookie,Chocolate Cookie,Dessert,morning,3,1.0
2024-11-12,coffee_bun_sweet_bun,Coffee Bun / Sweet Bun,Pastry,evening,2,4.8
2024-11-12,coffee_bun_sweet_bun,Coffee Bun / Sweet Bun,Pastry,midday,3,2.1
2024-11-12,coffee_bun_sweet_bun,Coffee Bun / Sweet Bun,Pastry,morning,3,2.1
2024-11-12,country_sourdough,Country Sourdough,Bread,evening,7,1.542857142857143
2024-11-12,country_sourdough,Country Sourdough,Bread,midday,11,1.9954545454545454
2024-11-12,country_sourdough,Country Sourdough,Bread,morning,20,1.538235294117647
2024-11-12,fruit_tart,Fruit Tart,Dessert,evening,1,2.0
2024-11-12,fruit_tart,Fruit Tart,Dessert,morning,2,2.0
2024-11-12,ham_cheese_sandwich,Ham & Cheese Sandwich,Savory,evening,2,6.5
2024-11-12,ham_cheese_sandwich,Ham & Cheese Sandwich,Savory,midday,22,5.147058823529412
2024-11-12,ham_cheese_sandwich,Ham & Cheese Sandwich,Savory,morning,4,4.0
2024-11-12,pain_au_chocolat,Pain au Chocolat,Pastry,evening,4,1.2
2024-11-12,pain_au_chocolat,Pain au Chocolat,Pastry,midday,2,1.2
2024-11-12,pain_au_chocolat,Pain au Chocolat,Pastry,morning,30,1.2
2024-11-12,traditional_baguette,Traditional Baguette,Bread,evening,38,1.1444444444444444
2024-11-12,traditional_baguette,Traditional Baguette,Bread,midday,96,1.16875
2024-11-12,traditional_baguette,Traditional Baguette,Bread,morning,79,1.1412280701754385
2024-11-13,butter_croissant,Butter Croissant,Pastry,evening,1,1.1
2024-11-13,butter_croissant,Butter Croissant,Pastry,midday,7,1.175
2024-11-13,butter_croissant,Butter Croissant,Pastry,morning,25,1.1500000000000001
2024-11-13,chocolate_cookie,Chocolate Cookie,Dessert,midday,5,1.0
2024-11-13,chocolate_cookie,Chocolate Cookie,Dessert,morning,3,1.0
2024-11-13,coffee_bun_sweet_bun,Coffee Bun / Sweet Bun,Pastry,morning,1,7.5
2024-11-13,country_sourdough,Country Sourdough,Bread,evening,5,1.52
2024-11-13,country_sourdough,Country Sourdough,Bread,midday,10,1.98
2024-11-13,country_sourdough,Country Sourdough,Bread,morning,16,1.3624999999999998
2024-11-13,fruit_tart,Fruit Tart,Dessert,evening,2,2.0
2024-11-13,fruit_tart,Fruit Tart,Dessert,midday,1,2.0
2024-11-13,ham_cheese_sandwich,Ham & Cheese Sandwich,Savory,midday,11,5.2
2024-11-13,ham_cheese_sandwich,Ham & Cheese Sandwich,Savory,morning,4,5.166666666666667
2024-11-13,pain_au_chocolat,Pain au Chocolat,Pastry,midday,1,1.2
2024-11-13,pain_au_chocolat,Pain au Chocolat,Pastry,morning,11,1.2
2024-11-13,traditional_baguette,Traditional Baguette,Bread,evening,31,1.2027777777777777
2024-11-13,traditional_baguette,Traditional Baguette,Bread,midday,59,1.2449999999999999
2024-11-13,traditional_baguette,Traditional Baguette,Bread,morning,68,1.1136363636363635
2024-11-14,brioche,Brioche,Pastry,midday,2,5.0
2024-11-14,butter_croissant,Butter Croissant,Pastry,evening,5,1.25
2024-11-14,butter_croissant,Butter Croissant,Pastry,midday,1,1.4
2024-11-14,butter_croissant,Butter Croissant,Pastry,morning,9,1.1600000000000001
2024-11-14,chocolate_cookie,Chocolate Cookie,Dessert,midday,8,1.0
2024-11-14,chocolate_cookie,Chocolate Cookie,Dessert,morning,1,1.0
2024-11-14,coffee_bun_sweet_bun,Coffee Bun / Sweet Bun,Pastry,midday,3,2.1
2024-11-14,coffee_bun_sweet_bun,Coffee Bun / Sweet Bun,Pastry,morning,1,2.1
2024-11-14,country_sourdough,Country Sourdough,Bread,evening,7,1.5142857142857142
2024-11-14,country_sourdough,Country Sourdough,Bread,midday,11,1.9449999999999998
2024-11-14,country_sourdough,Country Sourdough,Bread,morning,11,1.6333333333333333
2024-11-14,fruit_tart,Fruit Tart,Dessert,evening,4,2.0
2024-11-14,fruit_tart,Fruit Tart,Dessert,midday,4,2.6666666666666665
2024-11-14,fruit_tart,Fruit Tart,Dessert,morning,4,2.5
2024-11-14,ham_cheese_sandwich,Ham & Cheese Sandwich,Savory,midday,18,5.5
2024-11-14,pain_au_chocolat,Pain au Chocolat,Pastry,evening,5,1.2
2024-11-14,pain_au_chocolat,Pain au Chocolat,Pastry,midday,1,1.2
2024-11-14,pain_au_chocolat,Pain au Chocolat,Pastry,morning,8,1.2
2024-11-14,traditional_baguette,Traditional Baguette,Bread,evening,36,1.1961538461538461
2024-11-14,traditional_baguette,Traditional Baguette,Bread,midday,78,1.1563829787234043
2024-11-14,traditional_baguette,Traditional Baguette,Bread,morning,63,1.1272727272727272
2024-11-15,brioche,Brioche,Pastry,evening,1,5.0
2024-11-15,butter_croissant,Butter Croissant,Pastry,evening,9,1.175
2024-11-15,butter_croissant,Butter Croissant,Pastry,midday,9,1.2
2024-11-15,butter_croissant,Butter Croissant,Pastry,morning,21,1.1272727272727272
2024-11-15,chocolate_cookie,Chocolate Cookie,Dessert,evening,1,1.0
2024-11-15,chocolate_cookie,Chocolate Cookie,Dessert,midday,3,1.0
2024-11-15,chocolate_cookie,Chocolate Cookie,Dessert,morning,2,1.0
2024-11-15,coffee_bun_sweet_bun,Coffee Bun / Sweet Bun,Pastry,evening,3,4.8
2024-11-15,coffee_bun_sweet_bun,Coffee Bun / Sweet Bun,Pastry,midday,1,2.1
2024-11-15,country_sourdough,Country Sourdough,Bread,evening,15,1.776923076923077
2024-11-15,country_sourdough,Country Sourdough,Bread,midday,10,1.61875
2024-11-15,country_sourdough,Country Sourdough,Bread,morning,18,1.9875
2024-11-15,fruit_tart,Fruit Tart,Dessert,evening,6,2.0
2024-11-15,fruit_tart,Fruit Tart,Dessert,midday,2,2.0
2024-11-15,fruit_tart,Fruit Tart,Dessert,morning,1,2.0
2024-11-15,ham_cheese_sandwich,Ham & Cheese Sandwich,Savory,midday,15,5.7
2024-11-15,ham_cheese_sandwich,Ham & Cheese Sandwich,Savory,morning,2,6.5
2024-11-15,pain_au_chocolat,Pain au Chocolat,Pastry,morning,38,1.2
2024-11-15,traditional_baguette,Traditional Baguette,Bread,evening,57,1.1612903225806452
2024-11-15,traditional_baguette,Traditional Baguette,Bread,midday,95,1.207272727272727
2024-11-15,traditional_baguette,Traditional Baguette,Bread,morning,73,1.1647727272727273
2024-11-16,brioche,Brioche,Pastry,evening,1,5.0
2024-11-16,brioche,Brioche,Pastry,midday,2,5.0
2024-11-16,brioche,Brioche,Pastry,morning,5,3.95
2024-11-16,butter_croissant,Butter Croissant,Pastry,evening,12,1.1
2024-11-16,butter_croissant,Butter Croissant,Pastry,midday,20,1.1600000000000001
2024-11-16,butter_croissant,Butter Croissant,Pastry,morning,43,1.131578947368421
2024-11-16,chocolate_cookie,Chocolate Cookie,Dessert,evening,4,1.0
2024-11-16,chocolate_cookie,Chocolate Cookie,Dessert,midday,4,1.0
2024-11-16,coffee_bun_sweet_bun,Coffee Bun / Sweet Bun,Pastry,midday,1,7.5
2024-11-16,coffee_bun_sweet_bun,Coffee Bun / Sweet Bun,Pastry,morning,3,4.8
2024-11-16,country_sourdough,Country Sourdough,Bread,evening,4,1.9666666666666668
2024-11-16,country_sourdough,Country Sourdough,Bread,midday,8,1.55625
2024-11-16,country_sourdough,Country Sourdough,Bread,morning,20,1.7058823529411764
2024-11-16,fruit_tart,Fruit Tart,Dessert,midday,6,5.0
2024-11-16,fruit_tart,Fruit Tart,Dessert,morning,1,18.0
2024-11-16,ham_cheese_sandwich,Ham & Cheese Sandwich,Savory,midday,8,6.0
2024-11-16,pain_au_chocolat,Pain au Chocolat,Pastry,evening,3,1.2
2024-11-16,pain_au_chocolat,Pain au Chocolat,Pastry,midday,5,1.2
2024-11-16,pain_au_chocolat,Pain au Chocolat,Pastry,morning,38,1.2
2024-11-16,traditional_baguette,Traditional Baguette,Bread,evening,51,1.1806451612903226
2024-11-16,traditional_baguette,Traditional Baguette,Bread,midday,103,1.1639344262295082
2024-11-16,traditional_baguette,Traditional Baguette,Bread,morning,120,1.1352112676056336
2024-11-17,brioche,Brioche,Pastry,midday,2,5.0
2024-11-17,brioche,Brioche,Pastry,morning,7,3.6
2024-11-17,butter_croissant,Butter Croissant,Pastry,midday,1,1.4
2024-11-17,butter_croissant,Butter Croissant,Pastry,morning,97,1.11
2024-11-17,chocolate_cookie,Chocolate Cookie,Dessert,midday,1,1.0
2024-11-17,chocolate_cookie,Chocolate Cookie,Dessert,morning,5,1.0
2024-11-17,coffee_bun_sweet_bun,Coffee Bun / Sweet Bun,Pastry,midday,4,4.8
2024-11-17,coffee_bun_sweet_bun,Coffee Bun / Sweet Bun,Pastry,morning,5,5.34
2024-11-17,country_sourdough,Country Sourdough,Bread,midday,30,1.55
2024-11-17,country_sourdough,Country Sourdough,Bread,morning,40,1.9671874999999999
2024-11-17,fruit_tart,Fruit Tart,Dessert,midday,14,5.136363636363637
2024-11-17,fruit_tart,Fruit Tart,Dessert,morning,24,4.333333333333333
2024-11-17,ham_cheese_sandwich,Ham & Cheese Sandwich,Savory,morning,3,4.5
2024-11-17,pain_au_chocolat,Pain au Chocolat,Pastry,midday,5,1.2
2024-11-17,pain_au_chocolat,Pain au Chocolat,Pastry,morning,77,1.2
2024-11-17,traditional_baguette,Traditional Baguette,Bread,midday,138,1.1833333333333333
2024-11-17,traditional_baguette,Traditional Baguette,Bread,morning,276,1.1624999999999999
2024-11-18,brioche,Brioche,Pastry,midday,1,5.0
2024-11-18,brioche,Brioche,Pastry,morning,2,5.0
2024-11-18,butter_croissant,Butter Croissant,Pastry,midday,3,1.1
2024-11-18,butter_croissant,Butter Croissant,Pastry,morning,28,1.125
2024-11-18,chocolate_cookie,Chocolate Cookie,Dessert,morning,5,1.0
2024-11-18,coffee_bun_sweet_bun,Coffee Bun / Sweet Bun,Pastry,midday,2,2.1
2024-11-18,coffee_bun_sweet_bun,Coffee Bun / Sweet Bun,Pastry,morning,1,2.1
2024-11-18,country_sourdough,Country Sourdough,Bread,midday,7,1.7571428571428573
2024-11-18,country_sourdough,Country Sourdough,Bread,morning,29,1.4304347826086956
2024-11-18,fruit_tart,Fruit Tart,Dessert,midday,4,2.5
2024-11-18,fruit_tart,Fruit Tart,Dessert,morning,2,12.0
2024-11-18,ham_cheese_sandwich,Ham & Cheese Sandwich,Savory,midday,23,5.4523809523809526
2024-11-18,ham_cheese_sandwich,Ham & Cheese Sandwich,Savory,morning,10,4.6875
2024-11-18,pain_au_chocolat,Pain au Chocolat,Pastry,midday,1,1.2
2024-11-18,pain_au_chocolat,Pain au Chocolat,Pastry,morning,18,1.2
2024-11-18,traditional_baguette,Traditional Baguette,Bread,midday,83,1.1318181818181818
2024-11-18,traditional_baguette,Traditional Baguette,Bread,morning,115,1.1591549295774648
2024-11-19,brioche,Brioche,Pastry,morning,3,5.0
2024-11-19,butter_croissant,Butter Croissant,Pastry,evening,8,1.1
2024-11-19,butter_croissant,Butter Croissant,Pastry,midday,7,1.25
2024-11-19,butter_croissant,Butter Croissant,Pastry,morning,25,1.146153846153846
2024-11-19,chocolate_cookie,Chocolate Cookie,Dessert,midday,1,1.0
2024-11-19,chocolate_cookie,Chocolate Cookie,Dessert,morning,3,1.0
2024-11-19,coffee_bun_sweet_bun,Coffee Bun / Sweet Bun,Pastry,midday,3,2.1
2024-11-19,coffee_bun_sweet_bun,Coffee Bun / Sweet Bun,Pastry,morning,2,4.8
2024-11-19,country_sourdough,Country Sourdough,Bread,evening,10,1.6800000000000002
2024-11-19,country_sourdough,Country Sourdough,Bread,midday,14,1.6821428571428572
2024-11-19,country_sourdough,Country Sourdough,Bread,morning,20,1.76
2024-11-19,fruit_tart,Fruit Tart,Dessert,evening,2,2.0
2024-11-19,ham_cheese_sandwich,Ham & Cheese Sandwich,Savory,midday,20,4.823529411764706
2024-11-19,ham_cheese_sandwich,Ham & Cheese Sandwich,Savory,morning,6,5.3
2024-11-19,pain_au_chocolat,Pain au Chocolat,Pastry,evening,4,1.2
2024-11-19,pain_au_chocolat,Pain au Chocolat,Pastry,midday,5,1.2
2024-11-19,pain_au_chocolat,Pain au Chocolat,Pastry,morning,32,1.2
2024-11-19,traditional_baguette,Traditional Baguette,Bread,evening,44,1.0826086956521739
2024-11-19,traditional_baguette,Traditional Baguette,Bread,midday,122,1.1736111111111112
2024-11-19,traditional_baguette,Traditional Baguette,Bread,morning,107,1.1364285714285713
2024-11-20,brioche,Brioche,Pastry,evening,1,5.0
2024-11-20,brioche,Brioche,Pastry,morning,2,5.0
2024-11-20,butter_croissant,Butter Croissant,Pastry,evening,2,1.1
2024-11-20,butter_croissant,Butter Croissant,Pastry,midday,4,1.1
2024-11-20,butter_croissant,Butter Croissant,Pastry,morning,25,1.1
2024-11-20,chocolate_cookie,Chocolate Cookie,Dessert,morning,6,1.0
2024-11-20,coffee_bun_sweet_bun,Coffee Bun / Sweet Bun,Pastry,morning,1,2.1
2024-11-20,country_sourdough,Country Sourdough,Bread,evening,1,1.15
2024-11-20,country_sourdough,Country Sourdough,Bread,midday,13,1.9076923076923078
2024-11-20,country_sourdough,Country Sourdough,Bread,morning,9,1.5833333333333333
2024-11-20,fruit_tart,Fruit Tart,Dessert,evening,1,2.0
2024-11-20,fruit_tart,Fruit Tart,Dessert,midday,1,2.0
2024-11-20,fruit_tart,Fruit Tart,Dessert,morning,1,2.0
2024-11-20,ham_cheese_sandwich,Ham & Cheese Sandwich,Savory,midday,14,5.4
2024-11-20,ham_cheese_sandwich,Ham & Cheese Sandwich,Savory,morning,3,4.5
2024-11-20,pain_au_chocolat,Pain au Chocolat,Pastry,evening,2,1.2
2024-11-20,pain_au_chocolat,Pain au Chocolat,Pastry,morning,21,1.2
2024-11-20,traditional_baguette,Traditional Baguette,Bread,evening,27,1.1666666666666667
2024-11-20,traditional_baguette,Traditional Baguette,Bread,midday,81,1.1666666666666667
2024-11-20,traditional_baguette,Traditional Baguette,Bread,morning,95,1.1324074074074073
2024-11-21,brioche,Brioche,Pastry,morning,1,5.0
2024-11-21,butter_croissant,Butter Croissant,Pastry,evening,12,1.1500000000000001
2024-11-21,butter_croissant,Butter Croissant,Pastry,midday,3,1.2
2024-11-21,butter_croissant,Butter Croissant,Pastry,morning,17,1.1333333333333335
2024-11-21,chocolate_cookie,Chocolate Cookie,Dessert,midday,10,1.0
2024-11-21,chocolate_cookie,Chocolate Cookie,Dessert,morning,1,1.0
2024-11-21,coffee_bun_sweet_bun,Coffee Bun / Sweet Bun,Pastry,morning,5,2.1
2024-11-21,country_sourdough,Country Sourdough,Bread,evening,8,1.8833333333333335
2024-11-21,country_sourdough,Country Sourdough,Bread,midday,19,1.65
2024-11-21,country_sourdough,Country Sourdough,Bread,morning,25,1.5976190476190475
2024-11-21,fruit_tart,Fruit Tart,Dessert,evening,1,2.0
2024-11-21,fruit_tart,Fruit Tart,Dessert,midday,2,2.0
2024-11-21,fruit_tart,Fruit Tart,Dessert,morning,2,2.0
2024-11-21,ham_cheese_sandwich,Ham & Cheese Sandwich,Savory,evening,2,4.0
2024-11-21,ham_cheese_sandwich,Ham & Cheese Sandwich,Savory,midday,15,4.954545454545454
2024-11-21,ham_cheese_sandwich,Ham & Cheese Sandwich,Savory,morning,1,6.5
2024-11-21,pain_au_chocolat,Pain au Chocolat,Pastry,evening,2,1.2
2024-11-21,pain_au_chocolat,Pain au Chocolat,Pastry,midday,9,1.2
2024-11-21,pain_au_chocolat,Pain au Chocolat,Pastry,morning,19,1.2
2024-11-21,traditional_baguette,Traditional Baguette,Bread,evening,34,1.0891304347826087
2024-11-21,traditional_baguette,Traditional Baguette,Bread,midday,108,1.1738461538461538
2024-11-21,traditional_baguette,Traditional Baguette,Bread,morning,108,1.1392857142857142
2024-11-22,brioche,Brioche,Pastry,evening,1,0.8
2024-11-22,brioche,Brioche,Pastry,midday,2,5.0
2024-11-22,brioche,Brioche,Pastry,morning,2,2.9
2024-11-22,butter_croissant,Butter Croissant,Pastry,evening,2,1.1
2024-11-22,butter_croissant,Butter Croissant,Pastry,midday,6,1.25
2024-11-22,butter_croissant,Butter Croissant,Pastry,morning,25,1.1272727272727272
2024-11-22,chocolate_cookie,Chocolate Cookie,Dessert,midday,2,1.0
2024-11-22,chocolate_cookie,Chocolate Cookie,Dessert,morning,1,1.0
2024-11-22,country_sourdough,Country Sourdough,Bread,evening,2,1.775
2024-11-22,country_sourdough,Country Sourdough,Bread,midday,11,1.8227272727272728
2024-11-22,country_sourdough,Country Sourdough,Bread,morning,16,1.7107142857142856
2024-11-22,fruit_tart,Fruit Tart,Dessert,midday,5,2.5
2024-11-22,fruit_tart,Fruit Tart,Dessert,morning,1,12.0
2024-11-22,ham_cheese_sandwich,Ham & Cheese Sandwich,Savory,midday,12,5.5
2024-11-22,ham_cheese_sandwich,Ham & Cheese Sandwich,Savory,morning,12,4.25
2024-11-22,pain_au_chocolat,Pain au Chocolat,Pastry,midday,1,1.2
2024-11-22,pain_au_chocolat,Pain au Chocolat,Pastry,morning,26,1.2
2024-11-22,traditional_baguette,Traditional Baguette,Bread,evening,42,1.1931818181818181
2024-11-22,traditional_baguette,Traditional Baguette,Bread,midday,104,1.144915254237288
2024-11-22,traditional_baguette,Traditional Baguette,Bread,morning,79,1.1342592592592593
2024-11-23,brioche,Brioche,Pastry,midday,1,5.0
2024-11-23,brioche,Brioche,Pastry,morning,6,2.48
2024-11-23,butter_croissant,Butter Croissant,Pastry,midday,5,1.1
2024-11-23,butter_croissant,Butter Croissant,Pastry,morning,64,1.1333333333333333
2024-11-23,chocolate_cookie,Chocolate Cookie,Dessert,midday,3,1.0
2024-11-23,chocolate_cookie,Chocolate Cookie,Dessert,morning,3,1.0
2024-11-23,coffee_bun_sweet_bun,Coffee Bun / Sweet Bun,Pastry,evening,1,2.1
2024-11-23,coffee_bun_sweet_bun,Coffee Bun / Sweet Bun,Pastry,midday,2,2.1
2024-11-23,country_sourdough,Country Sourdough,Bread,evening,7,2.3000000000000003
2024-11-23,country_sourdough,Country Sourdough,Bread,midday,13,1.3937499999999998
2024-11-23,country_sourdough,Country Sourdough,Bread,morning,21,1.8333333333333333
2024-11-23,fruit_tart,Fruit Tart,Dessert,evening,4,7.0
2024-11-23,fruit_tart,Fruit Tart,Dessert,midday,2,2.5
2024-11-23,fruit_tart,Fruit Tart,Dessert,morning,10,2.4
2024-11-23,ham_cheese_sandwich,Ham & Cheese Sandwich,Savory,midday,7,5.7
2024-11-23,ham_cheese_sandwich,Ham & Cheese Sandwich,Savory,morning,2,4.0
2024-11-23,pain_au_chocolat,Pain au Chocolat,Pastry,evening,2,1.2
2024-11-23,pain_au_chocolat,Pain au Chocolat,Pastry,morning,48,1.2
2024-11-23,traditional_baguette,Traditional Baguette,Bread,evening,52,1.1482758620689655
2024-11-23,traditional_baguette,Traditional Baguette,Bread,midday,94,1.1695652173913043
2024-11-23,traditional_baguette,Traditional Baguette,Bread,morning,177,1.1579545454545455
2024-11-24,brioche,Brioche,Pastry,midday,3,5.0
2024-11-24,brioche,Brioche,Pastry,morning,6,2.4799999999999995
2024-11-24,butter_croissant,Butter Croissant,Pastry,midday,16,1.1600000000000001
2024-11-24,butter_croissant,Butter Croissant,Pastry,morning,99,1.1
2024-11-24,chocolate_cookie,Chocolate Cookie,Dessert,midday,1,1.0
2024-11-24,chocolate_cookie,Chocolate Cookie,Dessert,morning,3,1.0
2024-11-24,coffee_bun_sweet_bun,Coffee Bun / Sweet Bun,Pastry,morning,11,2.1
2024-11-24,country_sourdough,Country Sourdough,Bread,midday,19,1.73125
2024-11-24,country_sourdough,Country Sourdough,Bread,morning,26,1.8363636363636362
2024-11-24,fruit_tart,Fruit Tart,Dessert,midday,18,4.266666666666667
2024-11-24,fruit_tart,Fruit Tart,Dessert,morning,11,6.0
2024-11-24,ham_cheese_sandwich,Ham & Cheese Sandwich,Savory,morning,9,5.5
2024-11-24,pain_au_chocolat,Pain au Chocolat,Pastry,midday,7,1.2
2024-11-24,pain_au_chocolat,Pain au Chocolat,Pastry,morning,87,1.2
2024-11-24,traditional_baguette,Traditional Baguette,Bread,midday,166,1.1780373831775701
2024-11-24,traditional_baguette,Traditional Baguette,Bread,morning,221,1.1365384615384615
2024-11-25,butter_croissant,Butter Croissant,Pastry,midday,5,1.1
2024-11-25,butter_croissant,Butter Croissant,Pastry,morning,36,1.1352941176470588
2024-11-25,chocolate_cookie,Chocolate Cookie,Dessert,midday,3,1.0
2024-11-25,chocolate_cookie,Chocolate Cookie,Dessert,morning,7,1.0
2024-11-25,coffee_bun_sweet_bun,Coffee Bun / Sweet Bun,Pastry,midday,4,3.45
2024-11-25,country_sourdough,Country Sourdough,Bread,evening,5,1.4
2024-11-25,country_sourdough,Country Sourdough,Bread,midday,11,1.81
2024-11-25,country_sourdough,Country Sourdough,Bread,morning,14,1.4045454545454545
2024-11-25,fruit_tart,Fruit Tart,Dessert,midday,6,2.0
2024-11-25,fruit_tart,Fruit Tart,Dessert,morning,1,2.0
2024-11-25,ham_cheese_sandwich,Ham & Cheese Sandwich,Savory,midday,16,5.7272727272727275
2024-11-25,ham_cheese_sandwich,Ham & Cheese Sandwich,Savory,morning,3,5.166666666666667
2024-11-25,pain_au_chocolat,Pain au Chocolat,Pastry,evening,5,1.2
2024-11-25,pain_au_chocolat,Pain au Chocolat,Pastry,midday,3,1.2
2024-11-25,pain_au_chocolat,Pain au Chocolat,Pastry,morning,30,1.2
2024-11-25,traditional_baguette,Traditional Baguette,Bread,evening,26,1.1928571428571428
2024-11-25,traditional_baguette,Traditional Baguette,Bread,midday,71,1.1612244897959183
2024-11-25,traditional_baguette,Traditional Baguette,Bread,morning,76,1.1384615384615384
2024-11-26,brioche,Brioche,Pastry,morning,1,5.0
2024-11-26,butter_croissant,Butter Croissant,Pastry,evening,7,1.25
2024-11-26,butter_croissant,Butter Croissant,Pastry,midday,6,1.1
2024-11-26,butter_croissant,Butter Croissant,Pastry,morning,17,1.1
2024-11-26,chocolate_cookie,Chocolate Cookie,Dessert,evening,4,1.0
2024-11-26,chocolate_cookie,Chocolate Cookie,Dessert,midday,1,1.0
2024-11-26,coffee_bun_sweet_bun,Coffee Bun / Sweet Bun,Pastry,midday,1,2.1
2024-11-26,country_sourdough,Country Sourdough,Bread,evening,5,1.6
2024-11-26,country_sourdough,Country Sourdough,Bread,midday,11,1.7449999999999999
2024-11-26,country_sourdough,Country Sourdough,Bread,morning,25,1.5523809523809524
2024-11-26,fruit_tart,Fruit Tart,Dessert,evening,2,2.0
2024-11-26,fruit_tart,Fruit Tart,Dessert,midday,3,2.0
2024-11-26,ham_cheese_sandwich,Ham & Cheese Sandwich,Savory,midday,12,4.318181818181818
2024-11-26,ham_cheese_sandwich,Ham & Cheese Sandwich,Savory,morning,3,6.5
2024-11-26,pain_au_chocolat,Pain au Chocolat,Pastry,midday,1,1.2
2024-11-26,pain_au_chocolat,Pain au Chocolat,Pastry,morning,19,1.2
2024-11-26,traditional_baguette,Traditional Baguette,Bread,evening,19,1.1607142857142858
2024-11-26,traditional_baguette,Traditional Baguette,Bread,midday,75,1.1193181818181819
2024-11-26,traditional_baguette,Traditional Baguette,Bread,morning,53,1.1829268292682926
2024-11-27,butter_croissant,Butter Croissant,Pastry,evening,1,1.1
2024-11-27,butter_croissant,Butter Croissant,Pastry,midday,12,1.175
2024-11-27,butter_croissant,Butter Croissant,Pastry,morning,20,1.1
2024-11-27,chocolate_cookie,Chocolate Cookie,Dessert,midday,3,1.0
2024-11-27,chocolate_cookie,Chocolate Cookie,Dessert,morning,5,1.0
2024-11-27,coffee_bun_sweet_bun,Coffee Bun / Sweet Bun,Pastry,evening,1,2.1
2024-11-27,coffee_bun_sweet_bun,Coffee Bun / Sweet Bun,Pastry,midday,2,2.1
2024-11-27,country_sourdough,Country Sourdough,Bread,evening,6,1.9166666666666667
2024-11-27,country_sourdough,Country Sourdough,Bread,midday,5,1.8199999999999998
2024-11-27,country_sourdough,Country Sourdough,Bread,morning,13,1.42
2024-11-27,fruit_tart,Fruit Tart,Dessert,evening,3,2.0
2024-11-27,fruit_tart,Fruit Tart,Dessert,midday,2,2.0
2024-11-27,ham_cheese_sandwich,Ham & Cheese Sandwich,Savory,midday,21,5.5
2024-11-27,ham_cheese_sandwich,Ham & Cheese Sandwich,Savory,morning,4,5.5
2024-11-27,pain_au_chocolat,Pain au Chocolat,Pastry,evening,1,1.2
2024-11-27,pain_au_chocolat,Pain au Chocolat,Pastry,midday,3,1.2
2024-11-27,pain_au_chocolat,Pain au Chocolat,Pastry,morning,14,1.2
2024-11-27,traditional_baguette,Traditional Baguette,Bread,evening,28,1.1424999999999998
2024-11-27,traditional_baguette,Traditional Baguette,Bread,midday,77,1.128409090909091
2024-11-27,traditional_baguette,Traditional Baguette,Bread,morning,70,1.1280487804878048
2024-11-28,brioche,Brioche,Pastry,evening,1,5.0
2024-11-28,butter_croissant,Butter Croissant,Pastry,evening,5,1.25
2024-11-28,butter_croissant,Butter Croissant,Pastry,midday,6,1.1
2024-11-28,butter_croissant,Butter Croissant,Pastry,morning,15,1.1428571428571428
2024-11-28,chocolate_cookie,Chocolate Cookie,Dessert,evening,1,1.0
2024-11-28,chocolate_cookie,Chocolate Cookie,Dessert,midday,1,1.0
2024-11-28,chocolate_cookie,Chocolate Cookie,Dessert,morning,3,1.0
2024-11-28,country_sourdough,Country Sourdough,Bread,evening,7,1.5833333333333333
2024-11-28,country_sourdough,Country Sourdough,Bread,midday,7,1.9928571428571427
2024-11-28,country_sourdough,Country Sourdough,Bread,morning,13,1.5318181818181815
2024-11-28,fruit_tart,Fruit Tart,Dessert,evening,4,2.0
2024-11-28,fruit_tart,Fruit Tart,Dessert,midday,2,2.0
2024-11-28,fruit_tart,Fruit Tart,Dessert,morning,1,2.0
2024-11-28,ham_cheese_sandwich,Ham & Cheese Sandwich,Savory,midday,26,5.15
2024-11-28,ham_cheese_sandwich,Ham & Cheese Sandwich,Savory,morning,6,5.1
2024-11-28,pain_au_chocolat,Pain au Chocolat,Pastry,evening,3,1.2
2024-11-28,pain_au_chocolat,Pain au Chocolat,Pastry,midday,2,1.2
2024-11-28,pain_au_chocolat,Pain au Chocolat,Pastry,morning,20,1.2
2024-11-28,traditional_baguette,Traditional Baguette,Bread,evening,37,1.1981481481481482
2024-11-28,traditional_baguette,Traditional Baguette,Bread,midday,72,1.1488372093023256
2024-11-28,traditional_baguette,Traditional Baguette,Bread,morning,63,1.113953488372093
2024-11-29,brioche,Brioche,Pastry,midday,1,5.0
2024-11-29,brioche,Brioche,Pastry,morning,1,5.0
2024-11-29,butter_croissant,Butter Croissant,Pastry,evening,7,1.175
2024-11-29,butter_croissant,Butter Croissant,Pastry,midday,15,1.2
2024-11-29,butter_croissant,Butter Croissant,Pastry,morning,13,1.1
2024-11-29,chocolate_cookie,Chocolate Cookie,Dessert,midday,2,1.0
2024-11-29,chocolate_cookie,Chocolate Cookie,Dessert,morning,5,1.0
2024-11-29,coffee_bun_sweet_bun,Coffee Bun / Sweet Bun,Pastry,evening,1,7.5
2024-11-29,coffee_bun_sweet_bun,Coffee Bun / Sweet Bun,Pastry,morning,2,4.8
2024-11-29,country_sourdough,Country Sourdough,Bread,evening,7,1.55
2024-11-29,country_sourdough,Country Sourdough,Bread,midday,14,1.5192307692307692
2024-11-29,country_sourdough,Country Sourdough,Bread,morning,17,1.5357142857142858
2024-11-29,fruit_tart,Fruit Tart,Dessert,evening,2,2.5
2024-11-29,fruit_tart,Fruit Tart,Dessert,midday,2,2.0
2024-11-29,ham_cheese_sandwich,Ham & Cheese Sandwich,Savory,midday,17,5.1923076923076925
2024-11-29,ham_cheese_sandwich,Ham & Cheese Sandwich,Savory,morning,5,5.7
2024-11-29,pain_au_chocolat,Pain au Chocolat,Pastry,evening,3,1.2
2024-11-29,pain_au_chocolat,Pain au Chocolat,Pastry,midday,3,1.2
2024-11-29,pain_au_chocolat,Pain au Chocolat,Pastry,morning,11,1.2
2024-11-29,traditional_baguette,Traditional Baguette,Bread,evening,45,1.1833333333333333
2024-11-29,traditional_baguette,Traditional Baguette,Bread,midday,62,1.171111111111111
2024-11-29,traditional_baguette,Traditional Baguette,Bread,morning,63,1.1474358974358974
2024-11-30,brioche,Brioche,Pastry,morning,4,5.0
2024-11-30,butter_croissant,Butter Croissant,Pastry,midday,15,1.1
2024-11-30,butter_croissant,Butter Croissant,Pastry,morning,43,1.1333333333333335
2024-11-30,chocolate_cookie,Chocolate Cookie,Dessert,midday,1,1.0
2024-11-30,chocolate_cookie,Chocolate Cookie,Dessert,morning,4,1.0
2024-11-30,coffee_bun_sweet_bun,Coffee Bun / Sweet Bun,Pastry,midday,7,3.45
2024-11-30,coffee_bun_sweet_bun,Coffee Bun / Sweet Bun,Pastry,morning,1,2.1
2024-11-30,country_sourdough,Country Sourdough,Bread,midday,12,1.8272727272727272
2024-11-30,country_sourdough,Country Sourdough,Bread,morning,21,1.5388888888888888
2024-11-30,fruit_tart,Fruit Tart,Dessert,midday,10,6.142857142857143
2024-11-30,fruit_tart,Fruit Tart,Dessert,morning,10,5.375
2024-11-30,ham_cheese_sandwich,Ham & Cheese Sandwich,Savory,midday,2,4.5
2024-11-30,ham_cheese_sandwich,Ham & Cheese Sandwich,Savory,morning,4,4.833333333333333
2024-11-30,pain_au_chocolat,Pain au Chocolat,Pastry,midday,6,1.2
2024-11-30,pain_au_chocolat,Pain au Chocolat,Pastry,morning,29,1.2
2024-11-30,traditional_baguette,Traditional Baguette,Bread,midday,141,1.1710526315789473
2024-11-30,traditional_baguette,Traditional Baguette,Bread,morning,159,1.1597701149425286
2024-12-01,brioche,Brioche,Pastry,morning,7,3.3200000000000003
2024-12-01,butter_croissant,Butter Croissant,Pastry,midday,9,1.1
2024-12-01,butter_croissant,Butter Croissant,Pastry,morning,73,1.125714285714286
2024-12-01,chocolate_cookie,Chocolate Cookie,Dessert,midday,3,1.0
2024-12-01,chocolate_cookie,Chocolate Cookie,Dessert,morning,4,1.0
2024-12-01,coffee_bun_sweet_bun,Coffee Bun / Sweet Bun,Pastry,midday,5,6.15
2024-12-01,country_sourdough,Country Sourdough,Bread,midday,9,1.35
2024-12-01,country_sourdough,Country Sourdough,Bread,morning,32,1.6224137931034481
2024-12-01,fruit_tart,Fruit Tart,Dessert,midday,11,4.777777777777778
2024-12-01,fruit_tart,Fruit Tart,Dessert,morning,14,4.636363636363637
2024-12-01,ham_cheese_sandwich,Ham & Cheese Sandwich,Savory,midday,6,4.75
2024-12-01,pain_au_chocolat,Pain au Chocolat,Pastry,midday,2,1.2
2024-12-01,pain_au_chocolat,Pain au Chocolat,Pastry,morning,71,1.2
2024-12-01,traditional_baguette,Traditional Baguette,Bread,midday,152,1.167857142857143
2024-12-01,traditional_baguette,Traditional Baguette,Bread,morning,222,1.1374045801526718
2024-12-02,brioche,Brioche,Pastry,midday,1,5.0
2024-12-02,brioche,Brioche,Pastry,morning,1,5.0
2024-12-02,butter_croissant,Butter Croissant,Pastry,evening,7,1.1500000000000001
2024-12-02,butter_croissant,Butter Croissant,Pastry,midday,1,1.1
2024-12-02,butter_croissant,Butter Croissant,Pastry,morning,33,1.1
2024-12-02,chocolate_cookie,Chocolate Cookie,Dessert,evening,2,1.0
2024-12-02,chocolate_cookie,Chocolate Cookie,Dessert,midday,4,1.0
2024-12-02,chocolate_cookie,Chocolate Cookie,Dessert,morning,1,1.0
2024-12-02,coffee_bun_sweet_bun,Coffee Bun / Sweet Bun,Pastry,midday,1,2.1
2024-12-02,country_sourdough,Country Sourdough,Bread,evening,6,1.9333333333333333
2024-12-02,country_sourdough,Country Sourdough,Bread,midday,10,1.6199999999999999
2024-12-02,country_sourdough,Country Sourdough,Bread,morning,24,1.4973684210526315
2024-12-02,fruit_tart,Fruit Tart,Dessert,midday,2,2.0
2024-12-02,fruit_tart,Fruit Tart,Dessert,morning,1,2.0
2024-12-02,ham_cheese_sandwich,Ham & Cheese Sandwich,Savory,midday,26,5.315789473684211
2024-12-02,ham_cheese_sandwich,Ham & Cheese Sandwich,Savory,morning,12,4.611111111111111
2024-12-02,pain_au_chocolat,Pain au Chocolat,Pastry,evening,4,1.2
2024-12-02,pain_au_chocolat,Pain au Chocolat,Pastry,midday,3,1.2
2024-12-02,pain_au_chocolat,Pain au Chocolat,Pastry,morning,19,1.2
2024-12-02,traditional_baguette,Traditional Baguette,Bread,evening,39,1.1910714285714286
2024-12-02,traditional_baguette,Traditional Baguette,Bread,midday,68,1.1577777777777778
2024-12-02,traditional_baguette,Traditional Baguette,Bread,morning,90,1.1221311475409836
2024-12-03,butter_croissant,Butter Croissant,Pastry,evening,2,1.25
2024-12-03,butter_croissant,Butter Croissant,Pastry,midday,5,1.2
2024-12-03,butter_croissant,Butter Croissant,Pastry,morning,12,1.1
2024-12-03,chocolate_cookie,Chocolate Cookie,Dessert,evening,2,1.0
2024-12-03,chocolate_cookie,Chocolate Cookie,Dessert,midday,1,1.0
2024-12-03,chocolate_cookie,Chocolate Cookie,Dessert,morning,3,1.0
2024-12-03,coffee_bun_sweet_bun,Coffee Bun / Sweet Bun,Pastry,evening,1,2.1
2024-12-03,country_sourdough,Country Sourdough,Bread,evening,5,1.78
2024-12-03,country_sourdough,Country Sourdough,Bread,midday,10,1.925
2024-12-03,country_sourdough,Country Sourdough,Bread,morning,21,1.5973684210526315
2024-12-03,fruit_tart,Fruit Tart,Dessert,evening,2,2.0
2024-12-03,fruit_tart,Fruit Tart,Dessert,midday,2,2.0
2024-12-03,fruit_tart,Fruit Tart,Dessert,morning,1,9.0
2024-12-03,ham_cheese_sandwich,Ham & Cheese Sandwich,Savory,evening,1,5.0
2024-12-03,ham_cheese_sandwich,Ham & Cheese Sandwich,Savory,midday,10,5.611111111111111
2024-12-03,ham_cheese_sandwich,Ham & Cheese Sandwich,Savory,morning,7,5.333333333333333
2024-12-03,pain_au_chocolat,Pain au Chocolat,Pastry,evening,3,1.2
2024-12-03,pain_au_chocolat,Pain au Chocolat,Pastry,midday,2,1.2
2024-12-03,pain_au_chocolat,Pain au Chocolat,Pastry,morning,12,1.2
2024-12-03,traditional_baguette,Traditional Baguette,Bread,evening,44,1.1913793103448276
2024-12-03,traditional_baguette,Traditional Baguette,Bread,midday,83,1.18
2024-12-03,traditional_baguette,Traditional Baguette,Bread,morning,74,1.1142857142857143
2024-12-04,brioche,Brioche,Pastry,evening,1,5.0
2024-12-04,butter_croissant,Butter Croissant,Pastry,evening,14,1.325
2024-12-04,butter_croissant,Butter Croissant,Pastry,midday,7,1.1
2024-12-04,butter_croissant,Butter Croissant,Pastry,morning,31,1.125
2024-12-04,chocolate_cookie,Chocolate Cookie,Dessert,evening,2,1.0
2024-12-04,chocolate_cookie,Chocolate Cookie,Dessert,midday,3,1.0
2024-12-04,chocolate_cookie,Chocolate Cookie,Dessert,morning,1,1.0
2024-12-04,coffee_bun_sweet_bun,Coffee Bun / Sweet Bun,Pastry,evening,2,2.1
2024-12-04,coffee_bun_sweet_bun,Coffee Bun / Sweet Bun,Pastry,morning,5,2.1
2024-12-04,country_sourdough,Country Sourdough,Bread,evening,9,1.5999999999999999
2024-12-04,country_sourdough,Country Sourdough,Bread,midday,9,1.7444444444444445
2024-12-04,country_sourdough,Country Sourdough,Bread,morning,18,1.4607142857142856
2024-12-04,fruit_tart,Fruit Tart,Dessert,midday,2,2.0
2024-12-04,fruit_tart,Fruit Tart,Dessert,morning,2,2.0
2024-12-04,ham_cheese_sandwich,Ham & Cheese Sandwich,Savory,midday,27,5.5588235294117645
2024-12-04,ham_cheese_sandwich,Ham & Cheese Sandwich,Savory,morning,6,5.5
2024-12-04,pain_au_chocolat,Pain au Chocolat,Pastry,evening,1,1.2
2024-12-04,pain_au_chocolat,Pain au Chocolat,Pastry,morning,31,1.2
2024-12-04,traditional_baguette,Traditional Baguette,Bread,evening,51,1.1529411764705881
2024-12-04,traditional_baguette,Traditional Baguette,Bread,midday,79,1.1789999999999998
2024-12-04,traditional_baguette,Traditional Baguette,Bread,morning,77,1.1046296296296296
2024-12-05,butter_croissant,Butter Croissant,Pastry,evening,7,1.1600000000000001
2024-12-05,butter_croissant,Butter Croissant,Pastry,midday,2,1.25
2024-12-05,butter_croissant,Butter Croissant,Pastry,morning,12,1.1
2024-12-05,chocolate_cookie,Chocolate Cookie,Dessert,evening,2,1.0
2024-12-05,chocolate_cookie,Chocolate Cookie,Dessert,morning,1,1.0
2024-12-05,coffee_bun_sweet_bun,Coffee Bun / Sweet Bun,Pastry,evening,1,2.1
2024-12-05,coffee_bun_sweet_bun,Coffee Bun / Sweet Bun,Pastry,midday,4,2.1
2024-12-05,coffee_bun_sweet_bun,Coffee Bun / Sweet Bun,Pastry,morning,1,2.1
2024-12-05,country_sourdough,Country Sourdough,Bread,evening,11,1.7
2024-12-05,country_sourdough,Country Sourdough,Bread,midday,11,1.855
2024-12-05,country_sourdough,Country Sourdough,Bread,morning,13,1.625
2024-12-05,fruit_tart,Fruit Tart,Dessert,evening,4,2.0
2024-12-05,fruit_tart,Fruit Tart,Dessert,midday,2,2.0
2024-12-05,ham_cheese_sandwich,Ham & Cheese Sandwich,Savory,midday,16,4.642857142857143
2024-12-05,ham_cheese_sandwich,Ham & Cheese Sandwich,Savory,morning,3,5.833333333333333
2024-12-05,pain_au_chocolat,Pain au Chocolat,Pastry,evening,4,1.2
2024-12-05,pain_au_chocolat,Pain au Chocolat,Pastry,midday,4,1.2
2024-12-05,pain_au_chocolat,Pain au Chocolat,Pastry,morning,19,1.2
2024-12-05,traditional_baguette,Traditional Baguette,Bread,evening,43,1.161111111111111
2024-12-05,traditional_baguette,Traditional Baguette,Bread,midday,61,1.1622222222222223
2024-12-05,traditional_baguette,Traditional Baguette,Bread,morning,68,1.0953488372093023
2024-12-06,brioche,Brioche,Pastry,morning,1,5.0
2024-12-06,butter_croissant,Butter Croissant,Pastry,evening,15,1.1428571428571428
2024-12-06,butter_croissant,Butter Croissant,Pastry,midday,5,1.2
2024-12-06,butter_croissant,Butter Croissant,Pastry,morning,17,1.1545454545454545
2024-12-06,chocolate_cookie,Chocolate Cookie,Dessert,evening,4,1.0
2024-12-06,chocolate_cookie,Chocolate Cookie,Dessert,midday,2,1.0
2024-12-06,chocolate_cookie,Chocolate Cookie,Dessert,morning,1,1.0
2024-12-06,coffee_bun_sweet_bun,Coffee Bun / Sweet Bun,Pastry,evening,3,3.9
2024-12-06,coffee_bun_sweet_bun,Coffee Bun / Sweet Bun,Pastry,midday,3,4.8
2024-12-06,coffee_bun_sweet_bun,Coffee Bun / Sweet Bun,Pastry,morning,1,2.1
2024-12-06,country_sourdough,Country Sourdough,Bread,evening,17,1.34
2024-12-06,country_sourdough,Country Sourdough,Bread,midday,11,1.5699999999999998
2024-12-06,country_sourdough,Country Sourdough,Bread,morning,16,1.9884615384615385
2024-12-06,fruit_tart,Fruit Tart,Dessert,evening,3,2.0
2024-12-06,fruit_tart,Fruit Tart,Dessert,midday,8,2.3333333333333335
2024-12-06,fruit_tart,Fruit Tart,Dessert,morning,7,2.25
2024-12-06,ham_cheese_sandwich,Ham & Cheese Sandwich,Savory,evening,1,6.5
2024-12-06,ham_cheese_sandwich,Ham & Cheese Sandwich,Savory,midday,13,5.9
2024-12-06,ham_cheese_sandwich,Ham & Cheese Sandwich,Savory,morning,5,4.9
2024-12-06,pain_au_chocolat,Pain au Chocolat,Pastry,evening,3,1.2
2024-12-06,pain_au_chocolat,Pain au Chocolat,Pastry,midday,3,1.2
2024-12-06,pain_au_chocolat,Pain au Chocolat,Pastry,morning,19,1.2
2024-12-06,traditional_baguette,Traditional Baguette,Bread,evening,5,0.8800000000000001
2024-12-06,traditional_baguette,Traditional Baguette,Bread,midday,88,1.1354545454545453
2024-12-06,traditional_baguette,Traditional Baguette,Bread,morning,80,1.1303571428571428
2024-12-07,brioche,Brioche,Pastry,midday,1,5.0
2024-12-07,brioche,Brioche,Pastry,morning,6,2.9
2024-12-07,butter_croissant,Butter Croissant,Pastry,midday,14,1.1
2024-12-07,butter_croissant,Butter Croissant,Pastry,morning,50,1.1
2024-12-07,chocolate_cookie,Chocolate Cookie,Dessert,midday,4,1.0
2024-12-07,chocolate_cookie,Chocolate Cookie,Dessert,morning,4,1.0
2024-12-07,coffee_bun_sweet_bun,Coffee Bun / Sweet Bun,Pastry,midday,1,7.5
2024-12-07,coffee_bun_sweet_bun,Coffee Bun / Sweet Bun,Pastry,morning,2,4.8
2024-12-07,country_sourdough,Country Sourdough,Bread,midday,16,1.734375
2024-12-07,country_sourdough,Country Sourdough,Bread,morning,36,1.7566666666666666
2024-12-07,fruit_tart,Fruit Tart,Dessert,midday,14,6.222222222222222
2024-12-07,fruit_tart,Fruit Tart,Dessert,morning,14,4.25
2024-12-07,ham_cheese_sandwich,Ham & Cheese Sandwich,Savory,midday,7,5.25
2024-12-07,ham_cheese_sandwich,Ham & Cheese Sandwich,Savory,morning,3,5.0
2024-12-07,pain_au_chocolat,Pain au Chocolat,Pastry,morning,73,1.2
2024-12-07,traditional_baguette,Traditional Baguette,Bread,midday,141,1.146341463414634
2024-12-07,traditional_baguette,Traditional Baguette,Bread,morning,199,1.1594827586206897
2024-12-08,brioche,Brioche,Pastry,midday,6,3.3200000000000003
2024-12-08,brioche,Brioche,Pastry,morning,1,5.0
2024-12-08,butter_croissant,Butter Croissant,Pastry,midday,18,1.1600000000000001
2024-12-08,butter_croissant,Butter Croissant,Pastry,morning,73,1.1310344827586207
2024-12-08,chocolate_cookie,Chocolate Cookie,Dessert,midday,4,1.0
2024-12-08,chocolate_cookie,Chocolate Cookie,Dessert,morning,4,1.0
2024-12-08,coffee_bun_sweet_bun,Coffee Bun / Sweet Bun,Pastry,midday,9,3.642857142857143
2024-12-08,coffee_bun_sweet_bun,Coffee Bun / Sweet Bun,Pastry,morning,1,7.5
2024-12-08,country_sourdough,Country Sourdough,Bread,midday,8,1.9285714285714286
2024-12-08,country_sourdough,Country Sourdough,Bread,morning,52,1.7125
2024-12-08,fruit_tart,Fruit Tart,Dessert,midday,29,3.5
2024-12-08,fruit_tart,Fruit Tart,Dessert,morning,32,5.157894736842105
2024-12-08,ham_cheese_sandwich,Ham & Cheese Sandwich,Savory,midday,5,6.5
2024-12-08,ham_cheese_sandwich,Ham & Cheese Sandwich,Savory,morning,2,6.5
2024-12-08,pain_au_chocolat,Pain au Chocolat,Pastry,midday,6,1.2
2024-12-08,pain_au_chocolat,Pain au Chocolat,Pastry,morning,43,1.2
2024-12-08,traditional_baguette,Traditional Baguette,Bread,midday,171,1.160648148148148
2024-12-08,traditional_baguette,Traditional Baguette,Bread,morning,256,1.1631944444444444
2024-12-09,brioche,Brioche,Pastry,midday,4,5.0
2024-12-09,butter_croissant,Butter Croissant,Pastry,midday,2,1.1
2024-12-09,butter_croissant,Butter Croissant,Pastry,morning,24,1.1
2024-12-09,chocolate_cookie,Chocolate Cookie,Dessert,evening,3,1.0
2024-12-09,chocolate_cookie,Chocolate Cookie,Dessert,midday,3,1.0
2024-12-09,coffee_bun_sweet_bun,Coffee Bun / Sweet Bun,Pastry,midday,1,7.5
2024-12-09,coffee_bun_sweet_bun,Coffee Bun / Sweet Bun,Pastry,morning,1,2.1
2024-12-09,country_sourdough,Country Sourdough,Bread,evening,6,1.5
2024-12-09,country_sourdough,Country Sourdough,Bread,midday,7,1.6500000000000001
2024-12-09,country_sourdough,Country Sourdough,Bread,morning,23,1.6194444444444445
2024-12-09,fruit_tart,Fruit Tart,Dessert,evening,2,2.0
2024-12-09,fruit_tart,Fruit Tart,Dessert,midday,9,2.0
2024-12-09,fruit_tart,Fruit Tart,Dessert,morning,1,2.0
2024-12-09,ham_cheese_sandwich,Ham & Cheese Sandwich,Savory,midday,16,4.9
2024-12-09,ham_cheese_sandwich,Ham & Cheese Sandwich,Savory,morning,1,6.5
2024-12-09,pain_au_chocolat,Pain au Chocolat,Pastry,evening,4,1.2
2024-12-09,pain_au_chocolat,Pain au Chocolat,Pastry,morning,17,1.2
2024-12-09,traditional_baguette,Traditional Baguette,Bread,evening,30,1.1113636363636363
2024-12-09,traditional_baguette,Traditional Baguette,Bread,midday,72,1.1285714285714286
2024-12-09,traditional_baguette,Traditional Baguette,Bread,morning,102,1.155072463768116
2024-12-10,brioche,Brioche,Pastry,evening,1,5.0
2024-12-10,butter_croissant,Butter Croissant,Pastry,midday,1,1.1
2024-12-10,butter_croissant,Butter Croissant,Pastry,morning,23,1.2125
2024-12-10,chocolate_cookie,Chocolate Cookie,Dessert,evening,4,1.0
2024-12-10,chocolate_cookie,Chocolate Cookie,Dessert,midday,1,1.0
2024-12-10,coffee_bun_sweet_bun,Coffee Bun / Sweet Bun,Pastry,midday,2,2.1
2024-12-10,country_sourdough,Country Sourdough,Bread,evening,8,1.6166666666666665
2024-12-10,country_sourdough,Country Sourdough,Bread,midday,12,1.8350000000000002
2024-12-10,country_sourdough,Country Sourdough,Bread,morning,21,1.534375
2024-12-10,fruit_tart,Fruit Tart,Dessert,evening,2,2.0
2024-12-10,fruit_tart,Fruit Tart,Dessert,morning,2,2.0
2024-12-10,ham_cheese_sandwich,Ham & Cheese Sandwich,Savory,midday,19,4.4411764705882355
2024-12-10,ham_cheese_sandwich,Ham & Cheese Sandwich,Savory,morning,7,4.214285714285714
2024-12-10,pain_au_chocolat,Pain au Chocolat,Pastry,evening,2,1.2
2024-12-10,pain_au_chocolat,Pain au Chocolat,Pastry,midday,1,1.2
2024-12-10,pain_au_chocolat,Pain au Chocolat,Pastry,morning,27,1.2
2024-12-10,traditional_baguette,Traditional Baguette,Bread,evening,40,1.1910714285714286
2024-12-10,traditional_baguette,Traditional Baguette,Bread,midday,70,1.1209302325581394
2024-12-10,traditional_baguette,Traditional Baguette,Bread,morning,85,1.105357142857143
2024-12-11,brioche,Brioche,Pastry,morning,3,5.0
2024-12-11,butter_croissant,Butter Croissant,Pastry,evening,3,1.25
2024-12-11,butter_croissant,Butter Croissant,Pastry,midday,4,1.325
2024-12-11,butter_croissant,Butter Croissant,Pastry,morning,25,1.1
2024-12-11,chocolate_cookie,Chocolate Cookie,Dessert,morning,5,1.0
2024-12-11,coffee_bun_sweet_bun,Coffee Bun / Sweet Bun,Pastry,evening,1,7.5
2024-12-11,coffee_bun_sweet_bun,Coffee Bun / Sweet Bun,Pastry,midday,4,4.8
2024-12-11,coffee_bun_sweet_bun,Coffee Bun / Sweet Bun,Pastry,morning,4,5.7
2024-12-11,country_sourdough,Country Sourdough,Bread,evening,4,1.325
2024-12-11,country_sourdough,Country Sourdough,Bread,midday,19,1.605263157894737
2024-12-11,country_sourdough,Country Sourdough,Bread,morning,19,1.961764705882353
2024-12-11,fruit_tart,Fruit Tart,Dessert,evening,2,2.0
2024-12-11,fruit_tart,Fruit Tart,Dessert,midday,9,2.0
2024-12-11,fruit_tart,Fruit Tart,Dessert,morning,5,2.0
2024-12-11,ham_cheese_sandwich,Ham & Cheese Sandwich,Savory,midday,12,5.5
2024-12-11,ham_cheese_sandwich,Ham & Cheese Sandwich,Savory,morning,9,4.928571428571429
2024-12-11,pain_au_chocolat,Pain au Chocolat,Pastry,evening,1,1.2
2024-12-11,pain_au_chocolat,Pain au Chocolat,Pastry,midday,7,1.2
2024-12-11,pain_au_chocolat,Pain au Chocolat,Pastry,morning,17,1.2
2024-12-11,traditional_baguette,Traditional Baguette,Bread,evening,69,1.1855263157894735
2024-12-11,traditional_baguette,Traditional Baguette,Bread,midday,104,1.1541666666666666
2024-12-11,traditional_baguette,Traditional Baguette,Bread,morning,131,1.1139999999999999
2024-12-12,brioche,Brioche,Pastry,midday,1,5.0
2024-12-12,brioche,Brioche,Pastry,morning,4,3.95
2024-12-12,butter_croissant,Butter Croissant,Pastry,midday,11,1.1
2024-12-12,butter_croissant,Butter Croissant,Pastry,morning,61,1.1576923076923078
2024-12-12,chocolate_cookie,Chocolate Cookie,Dessert,midday,3,1.0
2024-12-12,coffee_bun_sweet_bun,Coffee Bun / Sweet Bun,Pastry,midday,7,6.15
2024-12-12,coffee_bun_sweet_bun,Coffee Bun / Sweet Bun,Pastry,morning,8,3.45
2024-12-12,country_sourdough,Country Sourdough,Bread,midday,20,1.6323529411764706
2024-12-12,country_sourdough,Country Sourdough,Bread,morning,39,1.7652777777777777
2024-12-12,fruit_tart,Fruit Tart,Dessert,midday,15,7.0
2024-12-12,fruit_tart,Fruit Tart,Dessert,morning,12,6.25
2024-12-12,ham_cheese_sandwich,Ham & Cheese Sandwich,Savory,midday,9,5.3
2024-12-12,pain_au_chocolat,Pain au Chocolat,Pastry,midday,2,1.2
2024-12-12,pain_au_chocolat,Pain au Chocolat,Pastry,morning,63,1.2
2024-12-12,traditional_baguette,Traditional Baguette,Bread,midday,209,1.1692
2024-12-12,traditional_baguette,Traditional Baguette,Bread,morning,260,1.152142857142857
2024-12-13,brioche,Brioche,Pastry,midday,1,5.0
2024-12-13,brioche,Brioche,Pastry,morning,8,5.0
2024-12-13,butter_croissant,Butter Croissant,Pastry,midday,6,1.1
2024-12-13,butter_croissant,Butter Croissant,Pastry,morning,106,1.1193548387096774
2024-12-13,chocolate_cookie,Chocolate Cookie,Dessert,morning,8,1.0
2024-12-13,coffee_bun_sweet_bun,Coffee Bun / Sweet Bun,Pastry,midday,5,4.8
2024-12-13,coffee_bun_sweet_bun,Coffee Bun / Sweet Bun,Pastry,morning,14,4.5
2024-12-13,country_sourdough,Country Sourdough,Bread,midday,28,1.68
2024-12-13,country_sourdough,Country Sourdough,Bread,morning,33,1.9839285714285713
2024-12-13,fruit_tart,Fruit Tart,Dessert,midday,18,6.181818181818182
2024-12-13,fruit_tart,Fruit Tart,Dessert,morning,6,7.333333333333333
2024-12-13,ham_cheese_sandwich,Ham & Cheese Sandwich,Savory,midday,12,5.375
2024-12-13,ham_cheese_sandwich,Ham & Cheese Sandwich,Savory,morning,5,4.833333333333333
2024-12-13,pain_au_chocolat,Pain au Chocolat,Pastry,midday,11,1.2
2024-12-13,pain_au_chocolat,Pain au Chocolat,Pastry,morning,99,1.2
2024-12-13,traditional_baguette,Traditional Baguette,Bread,midday,235,1.1593023255813952
2024-12-13,traditional_baguette,Traditional Baguette,Bread,morning,302,1.1645390070921986
2024-12-14,brioche,Brioche,Pastry,midday,5,5.0
2024-12-14,brioche,Brioche,Pastry,morning,3,5.0
2024-12-14,butter_croissant,Butter Croissant,Pastry,evening,3,1.1
2024-12-14,butter_croissant,Butter Croissant,Pastry,midday,12,1.2
2024-12-14,butter_croissant,Butter Croissant,Pastry,morning,106,1.1473684210526316
2024-12-14,chocolate_cookie,Chocolate Cookie,Dessert,midday,2,1.0
2024-12-14,chocolate_cookie,Chocolate Cookie,Dessert,morning,7,1.0
2024-12-14,coffee_bun_sweet_bun,Coffee Bun / Sweet Bun,Pastry,evening,2,4.8
2024-12-14,coffee_bun_sweet_bun,Coffee Bun / Sweet Bun,Pastry,midday,13,3.9000000000000004
2024-12-14,coffee_bun_sweet_bun,Coffee Bun / Sweet Bun,Pastry,morning,19,5.045454545454546
2024-12-14,country_sourdough,Country Sourdough,Bread,evening,4,2.175
2024-12-14,country_sourdough,Country Sourdough,Bread,midday,21,1.83
2024-12-14,country_sourdough,Country Sourdough,Bread,morning,43,1.6312499999999999
2024-12-14,fruit_tart,Fruit Tart,Dessert,evening,3,7.0
2024-12-14,fruit_tart,Fruit Tart,Dessert,midday,15,6.666666666666667
2024-12-14,fruit_tart,Fruit Tart,Dessert,morning,20,7.428571428571429
2024-12-14,ham_cheese_sandwich,Ham & Cheese Sandwich,Savory,midday,10,6.0
2024-12-14,ham_cheese_sandwich,Ham & Cheese Sandwich,Savory,morning,2,6.5
2024-12-14,pain_au_chocolat,Pain au Chocolat,Pastry,evening,3,1.2
2024-12-14,pain_au_chocolat,Pain au Chocolat,Pastry,midday,3,1.2
2024-12-14,pain_au_chocolat,Pain au Chocolat,Pastry,morning,117,1.2
2024-12-14,traditional_baguette,Traditional Baguette,Bread,evening,36,1.1541666666666666
2024-12-14,traditional_baguette,Traditional Baguette,Bread,midday,242,1.1555555555555554
2024-12-14,traditional_baguette,Traditional Baguette,Bread,morning,327,1.152013422818792
2024-12-15,brioche,Brioche,Pastry,midday,1,5.0
2024-12-15,brioche,Brioche,Pastry,morning,10,5.0
2024-12-15,butter_croissant,Butter Croissant,Pastry,midday,9,1.1600000000000001
2024-12-15,butter_croissant,Butter Croissant,Pastry,morning,187,1.1218181818181818
2024-12-15,chocolate_cookie,Chocolate Cookie,Dessert,midday,1,1.0
2024-12-15,chocolate_cookie,Chocolate Cookie,Dessert,morning,7,1.0
2024-12-15,coffee_bun_sweet_bun,Coffee Bun / Sweet Bun,Pastry,midday,12,3.9
2024-12-15,coffee_bun_sweet_bun,Coffee Bun / Sweet Bun,Pastry,morning,19,3.9000000000000004
2024-12-15,country_sourdough,Country Sourdough,Bread,midday,19,2.0472222222222225
2024-12-15,country_sourdough,Country Sourdough,Bread,morning,51,1.6223684210526315
2024-12-15,fruit_tart,Fruit Tart,Dessert,midday,29,4.444444444444445
2024-12-15,fruit_tart,Fruit Tart,Dessert,morning,43,3.652173913043478
2024-12-15,ham_cheese_sandwich,Ham & Cheese Sandwich,Savory,midday,11,5.3
2024-12-15,ham_cheese_sandwich,Ham & Cheese Sandwich,Savory,morning,13,4.5
2024-12-15,pain_au_chocolat,Pain au Chocolat,Pastry,midday,5,1.2
2024-12-15,pain_au_chocolat,Pain au Chocolat,Pastry,morning,139,1.2
2024-12-15,traditional_baguette,Traditional Baguette,Bread,midday,141,1.155844155844156
2024-12-15,traditional_baguette,Traditional Baguette,Bread,morning,386,1.1507692307692308
2024-12-20,brioche,Brioche,Pastry,evening,1,5.0
2024-12-20,brioche,Brioche,Pastry,morning,2,5.0
2024-12-20,butter_croissant,Butter Croissant,Pastry,evening,1,1.4
2024-12-20,butter_croissant,Butter Croissant,Pastry,midday,1,1.1
2024-12-20,butter_croissant,Butter Croissant,Pastry,morning,23,1.1545454545454545
2024-12-20,chocolate_cookie,Chocolate Cookie,Dessert,evening,1,1.0
2024-12-20,chocolate_cookie,Chocolate Cookie,Dessert,midday,4,1.0
2024-12-20,coffee_bun_sweet_bun,Coffee Bun / Sweet Bun,Pastry,midday,2,7.5
2024-12-20,country_sourdough,Country Sourdough,Bread,evening,2,2.0
2024-12-20,country_sourdough,Country Sourdough,Bread,midday,10,1.575
2024-12-20,country_sourdough,Country Sourdough,Bread,morning,9,1.711111111111111
2024-12-20,fruit_tart,Fruit Tart,Dessert,evening,2,2.0
2024-12-20,ham_cheese_sandwich,Ham & Cheese Sandwich,Savory,midday,16,5.730769230769231
2024-12-20,ham_cheese_sandwich,Ham & Cheese Sandwich,Savory,morning,2,3.5
2024-12-20,pain_au_chocolat,Pain au Chocolat,Pastry,midday,1,1.2
2024-12-20,pain_au_chocolat,Pain au Chocolat,Pastry,morning,16,1.2
2024-12-20,traditional_baguette,Traditional Baguette,Bread,evening,43,1.15
2024-12-20,traditional_baguette,Traditional Baguette,Bread,midday,31,1.1565217391304348
2024-12-20,traditional_baguette,Traditional Baguette,Bread,morning,58,1.1337837837837839
2024-12-21,brioche,Brioche,Pastry,midday,3,5.0
2024-12-21,brioche,Brioche,Pastry,morning,2,5.0
2024-12-21,butter_croissant,Butter Croissant,Pastry,midday,10,1.2
2024-12-21,butter_croissant,Butter Croissant,Pastry,morning,87,1.1583333333333334
2024-12-21,chocolate_cookie,Chocolate Cookie,Dessert,midday,3,1.0
2024-12-21,chocolate_cookie,Chocolate Cookie,Dessert,morning,2,1.0
2024-12-21,coffee_bun_sweet_bun,Coffee Bun / Sweet Bun,Pastry,midday,4,3.45
2024-12-21,coffee_bun_sweet_bun,Coffee Bun / Sweet Bun,Pastry,morning,5,3.45
2024-12-21,country_sourdough,Country Sourdough,Bread,evening,1,1.4
2024-12-21,country_sourdough,Country Sourdough,Bread,midday,11,1.5875
2024-12-21,country_sourdough,Country Sourdough,Bread,morning,21,1.9083333333333334
2024-12-21,fruit_tart,Fruit Tart,Dessert,evening,4,4.666666666666667
2024-12-21,fruit_tart,Fruit Tart,Dessert,midday,5,4.666666666666667
2024-12-21,fruit_tart,Fruit Tart,Dessert,morning,4,2.0
2024-12-21,ham_cheese_sandwich,Ham & Cheese Sandwich,Savory,evening,1,3.5
2024-12-21,ham_cheese_sandwich,Ham & Cheese Sandwich,Savory,midday,15,5.388888888888889
2024-12-21,ham_cheese_sandwich,Ham & Cheese Sandwich,Savory,morning,5,4.75
2024-12-21,pain_au_chocolat,Pain au Chocolat,Pastry,evening,2,1.2
2024-12-21,pain_au_chocolat,Pain au Chocolat,Pastry,midday,5,1.2
2024-12-21,pain_au_chocolat,Pain au Chocolat,Pastry,morning,56,1.2
2024-12-21,traditional_baguette,Traditional Baguette,Bread,evening,51,1.21
2024-12-21,traditional_baguette,Traditional Baguette,Bread,midday,124,1.173529411764706
2024-12-21,traditional_baguette,Traditional Baguette,Bread,morning,181,1.1401041666666667
2024-12-22,brioche,Brioche,Pastry,midday,2,5.0
2024-12-22,brioche,Brioche,Pastry,morning,6,5.0
2024-12-22,butter_croissant,Butter Croissant,Pastry,midday,18,1.1
2024-12-22,butter_croissant,Butter Croissant,Pastry,morning,139,1.1439024390243904
2024-12-22,chocolate_cookie,Chocolate Cookie,Dessert,midday,9,1.0
2024-12-22,chocolate_cookie,Chocolate Cookie,Dessert,morning,3,1.0
2024-12-22,coffee_bun_sweet_bun,Coffee Bun / Sweet Bun,Pastry,midday,12,4.125
2024-12-22,coffee_bun_sweet_bun,Coffee Bun / Sweet Bun,Pastry,morning,15,5.1
2024-12-22,country_sourdough,Country Sourdough,Bread,midday,19,2.021875
2024-12-22,country_sourdough,Country Sourdough,Bread,morning,38,1.5774193548387097
2024-12-22,fruit_tart,Fruit Tart,Dessert,midday,24,3.2222222222222223
2024-12-22,fruit_tart,Fruit Tart,Dessert,morning,22,7.214285714285714
2024-12-22,ham_cheese_sandwich,Ham & Cheese Sandwich,Savory,midday,12,6.0
2024-12-22,pain_au_chocolat,Pain au Chocolat,Pastry,midday,7,1.2
2024-12-22,pain_au_chocolat,Pain au Chocolat,Pastry,morning,93,1.2
2024-12-22,traditional_baguette,Traditional Baguette,Bread,midday,233,1.168018018018018
2024-12-22,traditional_baguette,Traditional Baguette,Bread,morning,289,1.1528571428571428
2024-12-23,brioche,Brioche,Pastry,midday,1,5.0
2024-12-23,brioche,Brioche,Pastry,morning,1,5.0
2024-12-23,butter_croissant,Butter Croissant,Pastry,midday,23,1.2285714285714284
2024-12-23,butter_croissant,Butter Croissant,Pastry,morning,97,1.1166666666666667
2024-12-23,chocolate_cookie,Chocolate Cookie,Dessert,midday,2,1.0
2024-12-23,chocolate_cookie,Chocolate Cookie,Dessert,morning,7,1.0
2024-12-23,coffee_bun_sweet_bun,Coffee Bun / Sweet Bun,Pastry,midday,11,3.9
2024-12-23,coffee_bun_sweet_bun,Coffee Bun / Sweet Bun,Pastry,morning,6,5.7
2024-12-23,country_sourdough,Country Sourdough,Bread,midday,18,1.9777777777777779
2024-12-23,country_sourdough,Country Sourdough,Bread,morning,30,1.6035714285714284
2024-12-23,fruit_tart,Fruit Tart,Dessert,midday,24,5.133333333333334
2024-12-23,fruit_tart,Fruit Tart,Dessert,morning,6,9.4
2024-12-23,ham_cheese_sandwich,Ham & Cheese Sandwich,Savory,midday,4,5.5
2024-12-23,ham_cheese_sandwich,Ham & Cheese Sandwich,Savory,morning,1,6.5
2024-12-23,pain_au_chocolat,Pain au Chocolat,Pastry,midday,7,1.2
2024-12-23,pain_au_chocolat,Pain au Chocolat,Pastry,morning,100,1.2
2024-12-23,traditional_baguette,Traditional Baguette,Bread,midday,201,1.175877192982456
2024-12-23,traditional_baguette,Traditional Baguette,Bread,morning,229,1.1445833333333333
2024-12-24,brioche,Brioche,Pastry,evening,1,5.0
2024-12-24,brioche,Brioche,Pastry,morning,1,5.0
2024-12-24,butter_croissant,Butter Croissant,Pastry,evening,5,1.25
2024-12-24,butter_croissant,Butter Croissant,Pastry,midday,3,1.1
2024-12-24,butter_croissant,Butter Croissant,Pastry,morning,31,1.1705882352941177
2024-12-24,chocolate_cookie,Chocolate Cookie,Dessert,midday,4,1.0
2024-12-24,chocolate_cookie,Chocolate Cookie,Dessert,morning,1,1.0
2024-12-24,coffee_bun_sweet_bun,Coffee Bun / Sweet Bun,Pastry,morning,3,2.1
2024-12-24,country_sourdough,Country Sourdough,Bread,evening,4,1.5875
2024-12-24,country_sourdough,Country Sourdough,Bread,midday,13,1.6961538461538461
2024-12-24,country_sourdough,Country Sourdough,Bread,morning,19,1.56875
2024-12-24,fruit_tart,Fruit Tart,Dessert,evening,3,2.3333333333333335
2024-12-24,fruit_tart,Fruit Tart,Dessert,midday,4,2.0
2024-12-24,fruit_tart,Fruit Tart,Dessert,morning,4,2.0
2024-12-24,ham_cheese_sandwich,Ham & Cheese Sandwich,Savory,evening,1,5.0
2024-12-24,ham_cheese_sandwich,Ham & Cheese Sandwich,Savory,midday,17,5.25
2024-12-24,ham_cheese_sandwich,Ham & Cheese Sandwich,Savory,morning,9,4.785714285714286
2024-12-24,pain_au_chocolat,Pain au Chocolat,Pastry,evening,6,1.2
2024-12-24,pain_au_chocolat,Pain au Chocolat,Pastry,midday,3,1.2
2024-12-24,pain_au_chocolat,Pain au Chocolat,Pastry,morning,21,1.2
2024-12-24,traditional_baguette,Traditional Baguette,Bread,evening,38,1.1854166666666666
2024-12-24,traditional_baguette,Traditional Baguette,Bread,midday,67,1.1382978723404256
2024-12-24,traditional_baguette,Traditional Baguette,Bread,morning,89,1.1035087719298244
2024-12-25,butter_croissant,Butter Croissant,Pastry,evening,2,1.1
2024-12-25,butter_croissant,Butter Croissant,Pastry,morning,7,1.1600000000000001
2024-12-25,chocolate_cookie,Chocolate Cookie,Dessert,midday,1,1.0
2024-12-25,chocolate_cookie,Chocolate Cookie,Dessert,morning,1,1.0
2024-12-25,coffee_bun_sweet_bun,Coffee Bun / Sweet Bun,Pastry,evening,1,2.1
2024-12-25,coffee_bun_sweet_bun,Coffee Bun / Sweet Bun,Pastry,midday,2,2.1
2024-12-25,country_sourdough,Country Sourdough,Bread,evening,3,1.5
2024-12-25,country_sourdough,Country Sourdough,Bread,midday,9,1.75
2024-12-25,country_sourdough,Country Sourdough,Bread,morning,14,1.7769230769230768
2024-12-25,fruit_tart,Fruit Tart,Dessert,evening,5,2.5
2024-12-25,fruit_tart,Fruit Tart,Dessert,midday,6,2.0
2024-12-25,ham_cheese_sandwich,Ham & Cheese Sandwich,Savory,midday,18,5.576923076923077
2024-12-25,ham_cheese_sandwich,Ham & Cheese Sandwich,Savory,morning,2,5.5
2024-12-25,pain_au_chocolat,Pain au Chocolat,Pastry,evening,2,1.2
2024-12-25,pain_au_chocolat,Pain au Chocolat,Pastry,midday,2,1.2
2024-12-25,pain_au_chocolat,Pain au Chocolat,Pastry,morning,4,1.2
2024-12-25,traditional_baguette,Traditional Baguette,Bread,evening,33,1.1552631578947368
2024-12-25,traditional_baguette,Traditional Baguette,Bread,midday,77,1.144
2024-12-25,traditional_baguette,Traditional Baguette,Bread,morning,49,1.143939393939394
2024-12-26,brioche,Brioche,Pastry,midday,1,5.0
2024-12-26,brioche,Brioche,Pastry,morning,1,5.0
2024-12-26,butter_croissant,Butter Croissant,Pastry,evening,9,1.2
2024-12-26,butter_croissant,Butter Croissant,Pastry,midday,4,1.1
2024-12-26,butter_croissant,Butter Croissant,Pastry,morning,13,1.175
2024-12-26,chocolate_cookie,Chocolate Cookie,Dessert,evening,2,1.0
2024-12-26,chocolate_cookie,Chocolate Cookie,Dessert,morning,2,1.0
2024-12-26,coffee_bun_sweet_bun,Coffee Bun / Sweet Bun,Pastry,evening,4,2.1
2024-12-26,coffee_bun_sweet_bun,Coffee Bun / Sweet Bun,Pastry,midday,1,7.5
2024-12-26,coffee_bun_sweet_bun,Coffee Bun / Sweet Bun,Pastry,morning,1,2.1
2024-12-26,country_sourdough,Country Sourdough,Bread,evening,7,1.3714285714285714
2024-12-26,country_sourdough,Country Sourdough,Bread,midday,12,1.6909090909090911
2024-12-26,country_sourdough,Country Sourdough,Bread,morning,13,1.5909090909090908
2024-12-26,fruit_tart,Fruit Tart,Dessert,evening,1,2.0
2024-12-26,fruit_tart,Fruit Tart,Dessert,morning,1,3.0
2024-12-26,ham_cheese_sandwich,Ham & Cheese Sandwich,Savory,midday,11,6.0
2024-12-26,ham_cheese_sandwich,Ham & Cheese Sandwich,Savory,morning,8,5.5
2024-12-26,pain_au_chocolat,Pain au Chocolat,Pastry,evening,2,1.2
2024-12-26,pain_au_chocolat,Pain au Chocolat,Pastry,midday,2,1.2
2024-12-26,pain_au_chocolat,Pain au Chocolat,Pastry,morning,8,1.2
2024-12-26,traditional_baguette,Traditional Baguette,Bread,evening,30,1.15
2024-12-26,traditional_baguette,Traditional Baguette,Bread,midday,52,1.1705882352941175
2024-12-26,traditional_baguette,Traditional Baguette,Bread,morning,76,1.0953488372093023
2024-12-27,brioche,Brioche,Pastry,midday,1,5.0
2024-12-27,brioche,Brioche,Pastry,morning,1,5.0
2024-12-27,butter_croissant,Butter Croissant,Pastry,evening,3,1.3999999999999997
2024-12-27,butter_croissant,Butter Croissant,Pastry,midday,5,1.2
2024-12-27,butter_croissant,Butter Croissant,Pastry,morning,10,1.1857142857142857
2024-12-27,chocolate_cookie,Chocolate Cookie,Dessert,evening,4,1.0
2024-12-27,chocolate_cookie,Chocolate Cookie,Dessert,midday,7,1.0
2024-12-27,chocolate_cookie,Chocolate Cookie,Dessert,morning,1,1.0
2024-12-27,coffee_bun_sweet_bun,Coffee Bun / Sweet Bun,Pastry,midday,13,3.9
2024-12-27,coffee_bun_sweet_bun,Coffee Bun / Sweet Bun,Pastry,morning,1,2.1
2024-12-27,country_sourdough,Country Sourdough,Bread,evening,7,1.95
2024-12-27,country_sourdough,Country Sourdough,Bread,midday,15,1.5636363636363635
2024-12-27,country_sourdough,Country Sourdough,Bread,morning,15,1.8166666666666667
2024-12-27,fruit_tart,Fruit Tart,Dessert,midday,2,2.0
2024-12-27,fruit_tart,Fruit Tart,Dessert,morning,1,2.0
2024-12-27,ham_cheese_sandwich,Ham & Cheese Sandwich,Savory,evening,3,4.5
2024-12-27,ham_cheese_sandwich,Ham & Cheese Sandwich,Savory,midday,25,4.75
2024-12-27,ham_cheese_sandwich,Ham & Cheese Sandwich,Savory,morning,3,5.0
2024-12-27,pain_au_chocolat,Pain au Chocolat,Pastry,evening,7,1.2
2024-12-27,pain_au_chocolat,Pain au Chocolat,Pastry,midday,5,1.2
2024-12-27,pain_au_chocolat,Pain au Chocolat,Pastry,morning,11,1.2
2024-12-27,traditional_baguette,Traditional Baguette,Bread,evening,48,1.1428571428571428
2024-12-27,traditional_baguette,Traditional Baguette,Bread,midday,59,1.165
2024-12-27,traditional_baguette,Traditional Baguette,Bread,morning,72,1.121590909090909
2024-12-28,brioche,Brioche,Pastry,evening,3,0.8
2024-12-28,brioche,Brioche,Pastry,midday,2,5.0
2024-12-28,butter_croissant,Butter Croissant,Pastry,evening,10,1.1600000000000001
2024-12-28,butter_croissant,Butter Croissant,Pastry,midday,18,1.1375000000000002
2024-12-28,butter_croissant,Butter Croissant,Pastry,morning,44,1.115
2024-12-28,chocolate_cookie,Chocolate Cookie,Dessert,midday,6,1.0
2024-12-28,chocolate_cookie,Chocolate Cookie,Dessert,morning,4,1.0
2024-12-28,coffee_bun_sweet_bun,Coffee Bun / Sweet Bun,Pastry,evening,2,2.1
2024-12-28,coffee_bun_sweet_bun,Coffee Bun / Sweet Bun,Pastry,midday,1,7.5
2024-12-28,coffee_bun_sweet_bun,Coffee Bun / Sweet Bun,Pastry,morning,3,2.1
2024-12-28,country_sourdough,Country Sourdough,Bread,evening,3,1.1666666666666667
2024-12-28,country_sourdough,Country Sourdough,Bread,midday,15,1.5599999999999998
2024-12-28,country_sourdough,Country Sourdough,Bread,morning,26,1.7261904761904763
2024-12-28,fruit_tart,Fruit Tart,Dessert,evening,1,12.0
2024-12-28,fruit_tart,Fruit Tart,Dessert,midday,3,2.0
2024-12-28,ham_cheese_sandwich,Ham & Cheese Sandwich,Savory,midday,13,5.2
2024-12-28,ham_cheese_sandwich,Ham & Cheese Sandwich,Savory,morning,4,4.833333333333333
2024-12-28,pain_au_chocolat,Pain au Chocolat,Pastry,midday,3,1.2
2024-12-28,pain_au_chocolat,Pain au Chocolat,Pastry,morning,46,1.2
2024-12-28,traditional_baguette,Traditional Baguette,Bread,evening,40,1.2
2024-12-28,traditional_baguette,Traditional Baguette,Bread,midday,109,1.137719298245614
2024-12-28,traditional_baguette,Traditional Baguette,Bread,morning,135,1.1409090909090909
2024-12-29,brioche,Brioche,Pastry,midday,1,5.0
2024-12-29,brioche,Brioche,Pastry,morning,4,5.0
2024-12-29,butter_croissant,Butter Croissant,Pastry,midday,13,1.1
2024-12-29,butter_croissant,Butter Croissant,Pastry,morning,95,1.1166666666666667
2024-12-29,chocolate_cookie,Chocolate Cookie,Dessert,midday,3,1.0
2024-12-29,chocolate_cookie,Chocolate Cookie,Dessert,morning,3,1.0
2024-12-29,coffee_bun_sweet_bun,Coffee Bun / Sweet Bun,Pastry,midday,2,2.1
2024-12-29,coffee_bun_sweet_bun,Coffee Bun / Sweet Bun,Pastry,morning,4,4.8
2024-12-29,country_sourdough,Country Sourdough,Bread,midday,10,1.411111111111111
2024-12-29,country_sourdough,Country Sourdough,Bread,morning,50,1.7054054054054055
2024-12-29,fruit_tart,Fruit Tart,Dessert,midday,20,5.571428571428571
2024-12-29,fruit_tart,Fruit Tart,Dessert,morning,21,7.1875
2024-12-29,ham_cheese_sandwich,Ham & Cheese Sandwich,Savory,morning,7,5.5
2024-12-29,pain_au_chocolat,Pain au Chocolat,Pastry,midday,10,1.2
2024-12-29,pain_au_chocolat,Pain au Chocolat,Pastry,morning,68,1.2
2024-12-29,traditional_baguette,Traditional Baguette,Bread,midday,157,1.1903225806451614
2024-12-29,traditional_baguette,Traditional Baguette,Bread,morning,258,1.1270676691729324
2024-12-30,brioche,Brioche,Pastry,morning,1,5.0
2024-12-30,butter_croissant,Butter Croissant,Pastry,evening,1,1.1
2024-12-30,butter_croissant,Butter Croissant,Pastry,midday,1,1.1
2024-12-30,butter_croissant,Butter Croissant,Pastry,morning,22,1.1272727272727272
2024-12-30,chocolate_cookie,Chocolate Cookie,Dessert,evening,2,1.0
2024-12-30,chocolate_cookie,Chocolate Cookie,Dessert,morning,1,1.0
2024-12-30,coffee_bun_sweet_bun,Coffee Bun / Sweet Bun,Pastry,midday,2,7.5
2024-12-30,country_sourdough,Country Sourdough,Bread,evening,6,1.7333333333333334
2024-12-30,country_sourdough,Country Sourdough,Bread,midday,11,1.5772727272727274
2024-12-30,country_sourdough,Country Sourdough,Bread,morning,20,1.6035714285714284
2024-12-30,fruit_tart,Fruit Tart,Dessert,evening,1,9.0
2024-12-30,fruit_tart,Fruit Tart,Dessert,midday,2,12.0
2024-12-30,fruit_tart,Fruit Tart,Dessert,morning,1,9.0
2024-12-30,ham_cheese_sandwich,Ham & Cheese Sandwich,Savory,evening,1,7.5
2024-12-30,ham_cheese_sandwich,Ham & Cheese Sandwich,Savory,midday,31,5.3076923076923075
2024-12-30,ham_cheese_sandwich,Ham & Cheese Sandwich,Savory,morning,8,4.5
2024-12-30,pain_au_chocolat,Pain au Chocolat,Pastry,evening,1,1.2
2024-12-30,pain_au_chocolat,Pain au Chocolat,Pastry,midday,5,1.2
2024-12-30,pain_au_chocolat,Pain au Chocolat,Pastry,morning,13,1.2
2024-12-30,traditional_baguette,Traditional Baguette,Bread,evening,42,1.15625
2024-12-30,traditional_baguette,Traditional Baguette,Bread,midday,42,1.1199999999999999
2024-12-30,traditional_baguette,Traditional Baguette,Bread,morning,83,1.1241071428571427
2024-12-31,brioche,Brioche,Pastry,morning,1,5.0
2024-12-31,butter_croissant,Butter Croissant,Pastry,midday,3,1.25
2024-12-31,butter_croissant,Butter Croissant,Pastry,morning,29,1.125
2024-12-31,chocolate_cookie,Chocolate Cookie,Dessert,midday,2,1.0
2024-12-31,coffee_bun_sweet_bun,Coffee Bun / Sweet Bun,Pastry,evening,1,7.5
2024-12-31,coffee_bun_sweet_bun,Coffee Bun / Sweet Bun,Pastry,morning,2,4.8
2024-12-31,country_sourdough,Country Sourdough,Bread,evening,2,1.5
2024-12-31,country_sourdough,Country Sourdough,Bread,midday,9,2.0555555555555554
2024-12-31,country_sourdough,Country Sourdough,Bread,morning,22,1.6947368421052629
2024-12-31,fruit_tart,Fruit Tart,Dessert,midday,2,2.0
2024-12-31,ham_cheese_sandwich,Ham & Cheese Sandwich,Savory,evening,1,2.5
2024-12-31,ham_cheese_sandwich,Ham & Cheese Sandwich,Savory,midday,30,5.333333333333333
2024-12-31,ham_cheese_sandwich,Ham & Cheese Sandwich,Savory,morning,6,4.5
2024-12-31,pain_au_chocolat,Pain au Chocolat,Pastry,evening,1,1.2
2024-12-31,pain_au_chocolat,Pain au Chocolat,Pastry,morning,8,1.2
2024-12-31,traditional_baguette,Traditional Baguette,Bread,evening,53,1.1806451612903226
2024-12-31,traditional_baguette,Traditional Baguette,Bread,midday,46,1.164864864864865
2024-12-31,traditional_baguette,Traditional Baguette,Bread,morning,90,1.1112244897959183
2025-01-01,brioche,Brioche,Pastry,midday,1,5.0
2025-01-01,butter_croissant,Butter Croissant,Pastry,evening,4,1.2
2025-01-01,butter_croissant,Butter Croissant,Pastry,midday,10,1.2
2025-01-01,butter_croissant,Butter Croissant,Pastry,morning,13,1.1428571428571428
2025-01-01,cake_slice,Cake Slice,Dessert,evening,1,3.0
2025-01-01,chocolate_cookie,Chocolate Cookie,Dessert,midday,2,1.0
2025-01-01,chocolate_cookie,Chocolate Cookie,Dessert,morning,2,1.0
2025-01-01,coffee_bun_sweet_bun,Coffee Bun / Sweet Bun,Pastry,evening,2,2.1
2025-01-01,country_sourdough,Country Sourdough,Bread,evening,4,1.625
2025-01-01,country_sourdough,Country Sourdough,Bread,midday,5,1.7600000000000002
2025-01-01,country_sourdough,Country Sourdough,Bread,morning,19,1.5884615384615384
2025-01-01,fruit_tart,Fruit Tart,Dessert,morning,2,2.0
2025-01-01,ham_cheese_sandwich,Ham & Cheese Sandwich,Savory,midday,28,5.195652173913044
2025-01-01,ham_cheese_sandwich,Ham & Cheese Sandwich,Savory,morning,6,5.333333333333333
2025-01-01,pain_au_chocolat,Pain au Chocolat,Pastry,evening,4,1.2
2025-01-01,pain_au_chocolat,Pain au Chocolat,Pastry,morning,17,1.2
2025-01-01,traditional_baguette,Traditional Baguette,Bread,evening,31,1.187037037037037
2025-01-01,traditional_baguette,Traditional Baguette,Bread,midday,45,1.0963414634146342
2025-01-01,traditional_baguette,Traditional Baguette,Bread,morning,45,1.1500000000000001
2025-01-02,brioche,Brioche,Pastry,evening,1,5.0
2025-01-02,brioche,Brioche,Pastry,midday,1,5.0
2025-01-02,butter_croissant,Butter Croissant,Pastry,evening,4,1.1
2025-01-02,butter_croissant,Butter Croissant,Pastry,midday,1,1.1
2025-01-02,butter_croissant,Butter Croissant,Pastry,morning,11,1.175
2025-01-02,chocolate_cookie,Chocolate Cookie,Dessert,midday,3,1.0
2025-01-02,chocolate_cookie,Chocolate Cookie,Dessert,morning,1,1.0
2025-01-02,coffee_bun_sweet_bun,Coffee Bun / Sweet Bun,Pastry,evening,4,2.1
2025-01-02,coffee_bun_sweet_bun,Coffee Bun / Sweet Bun,Pastry,morning,1,2.1
2025-01-02,country_sourdough,Country Sourdough,Bread,evening,4,2.2
2025-01-02,country_sourdough,Country Sourdough,Bread,midday,7,1.6800000000000002
2025-01-02,country_sourdough,Country Sourdough,Bread,morning,13,1.6444444444444444
2025-01-02,fruit_tart,Fruit Tart,Dessert,midday,3,2.0
2025-01-02,ham_cheese_sandwich,Ham & Cheese Sandwich,Savory,midday,27,5.738095238095238
2025-01-02,ham_cheese_sandwich,Ham & Cheese Sandwich,Savory,morning,4,5.0
2025-01-02,pain_au_chocolat,Pain au Chocolat,Pastry,evening,1,1.2
2025-01-02,pain_au_chocolat,Pain au Chocolat,Pastry,morning,13,1.2
2025-01-02,traditional_baguette,Traditional Baguette,Bread,evening,36,1.1444444444444444
2025-01-02,traditional_baguette,Traditional Baguette,Bread,midday,56,1.16875
2025-01-02,traditional_baguette,Traditional Baguette,Bread,morning,51,1.1289473684210527
2025-01-03,brioche,Brioche,Pastry,evening,1,5.0
2025-01-03,brioche,Brioche,Pastry,morning,2,5.0
2025-01-03,butter_croissant,Butter Croissant,Pastry,evening,4,1.1
2025-01-03,butter_croissant,Butter Croissant,Pastry,midday,4,1.25
2025-01-03,butter_croissant,Butter Croissant,Pastry,morning,44,1.2
2025-01-03,chocolate_cookie,Chocolate Cookie,Dessert,evening,1,1.0
2025-01-03,chocolate_cookie,Chocolate Cookie,Dessert,midday,2,1.0
2025-01-03,coffee_bun_sweet_bun,Coffee Bun / Sweet Bun,Pastry,midday,1,2.1
2025-01-03,coffee_bun_sweet_bun,Coffee Bun / Sweet Bun,Pastry,morning,1,2.1
2025-01-03,country_sourdough,Country Sourdough,Bread,evening,3,1.6333333333333335
2025-01-03,country_sourdough,Country Sourdough,Bread,midday,13,1.7791666666666666
2025-01-03,country_sourdough,Country Sourdough,Bread,morning,20,1.6593749999999998
2025-01-03,fruit_tart,Fruit Tart,Dessert,evening,2,2.0
2025-01-03,fruit_tart,Fruit Tart,Dessert,midday,6,2.0
2025-01-03,fruit_tart,Fruit Tart,Dessert,morning,3,2.5
2025-01-03,ham_cheese_sandwich,Ham & Cheese Sandwich,Savory,midday,36,5.58
2025-01-03,ham_cheese_sandwich,Ham & Cheese Sandwich,Savory,morning,4,5.25
2025-01-03,pain_au_chocolat,Pain au Chocolat,Pastry,evening,7,1.2
2025-01-03,pain_au_chocolat,Pain au Chocolat,Pastry,midday,6,1.2
2025-01-03,pain_au_chocolat,Pain au Chocolat,Pastry,morning,29,1.2
2025-01-03,traditional_baguette,Traditional Baguette,Bread,evening,40,1.1689655172413793
2025-01-03,traditional_baguette,Traditional Baguette,Bread,midday,92,1.1612244897959183
2025-01-03,traditional_baguette,Traditional Baguette,Bread,morning,66,1.086734693877551
2025-01-04,brioche,Brioche,Pastry,midday,1,5.0
2025-01-04,butter_croissant,Butter Croissant,Pastry,evening,2,1.4
2025-01-04,butter_croissant,Butter Croissant,Pastry,morning,81,1.16
2025-01-04,chocolate_cookie,Chocolate Cookie,Dessert,midday,3,1.0
2025-01-04,chocolate_cookie,Chocolate Cookie,Dessert,morning,2,1.0
2025-01-04,coffee_bun_sweet_bun,Coffee Bun / Sweet Bun,Pastry,evening,1,2.1
2025-01-04,coffee_bun_sweet_bun,Coffee Bun / Sweet Bun,Pastry,morning,4,3.9
2025-01-04,country_sourdough,Country Sourdough,Bread,evening,10,1.4
2025-01-04,country_sourdough,Country Sourdough,Bread,midday,14,2.027272727272727
2025-01-04,country_sourdough,Country Sourdough,Bread,morning,21,1.6921052631578946
2025-01-04,fruit_tart,Fruit Tart,Dessert,evening,6,2.0
2025-01-04,fruit_tart,Fruit Tart,Dessert,midday,9,4.428571428571429
2025-01-04,fruit_tart,Fruit Tart,Dessert,morning,6,9.0
2025-01-04,ham_cheese_sandwich,Ham & Cheese Sandwich,Savory,midday,8,5.0
2025-01-04,ham_cheese_sandwich,Ham & Cheese Sandwich,Savory,morning,5,6.5
2025-01-04,pain_au_chocolat,Pain au Chocolat,Pastry,morning,46,1.2
2025-01-04,traditional_baguette,Traditional Baguette,Bread,evening,33,1.0999999999999999
2025-01-04,traditional_baguette,Traditional Baguette,Bread,midday,80,1.125
2025-01-04,traditional_baguette,Traditional Baguette,Bread,morning,152,1.1166666666666667
2025-01-05,brioche,Brioche,Pastry,midday,2,5.0
2025-01-05,brioche,Brioche,Pastry,morning,1,5.0
2025-01-05,butter_croissant,Butter Croissant,Pastry,midday,2,1.1
2025-01-05,butter_croissant,Butter Croissant,Pastry,morning,111,1.1075000000000002
2025-01-05,chocolate_cookie,Chocolate Cookie,Dessert,midday,4,1.0
2025-01-05,chocolate_cookie,Chocolate Cookie,Dessert,morning,11,1.0
2025-01-05,coffee_bun_sweet_bun,Coffee Bun / Sweet Bun,Pastry,midday,2,4.8
2025-01-05,coffee_bun_sweet_bun,Coffee Bun / Sweet Bun,Pastry,morning,3,4.8
2025-01-05,country_sourdough,Country Sourdough,Bread,midday,14,2.05
2025-01-05,country_sourdough,Country Sourdough,Bread,morning,45,1.6013513513513513
2025-01-05,fruit_tart,Fruit Tart,Dessert,midday,8,6.5
2025-01-05,fruit_tart,Fruit Tart,Dessert,morning,22,3.5384615384615383
2025-01-05,ham_cheese_sandwich,Ham & Cheese Sandwich,Savory,midday,3,4.0
2025-01-05,ham_cheese_sandwich,Ham & Cheese Sandwich,Savory,morning,5,5.0
2025-01-05,pain_au_chocolat,Pain au Chocolat,Pastry,midday,9,1.2
2025-01-05,pain_au_chocolat,Pain au Chocolat,Pastry,morning,84,1.2
2025-01-05,traditional_baguette,Traditional Baguette,Bread,midday,151,1.1512195121951219
2025-01-05,traditional_baguette,Traditional Baguette,Bread,morning,288,1.1506493506493505
2025-01-06,brioche,Brioche,Pastry,evening,2,5.0
2025-01-06,brioche,Brioche,Pastry,midday,1,5.0
2025-01-06,butter_croissant,Butter Croissant,Pastry,evening,12,1.25
2025-01-06,butter_croissant,Butter Croissant,Pastry,midday,1,1.1
2025-01-06,butter_croissant,Butter Croissant,Pastry,morning,19,1.207142857142857
2025-01-06,chocolate_cookie,Chocolate Cookie,Dessert,morning,5,1.0
2025-01-06,coffee_bun_sweet_bun,Coffee Bun / Sweet Bun,Pastry,evening,2,2.1
2025-01-06,coffee_bun_sweet_bun,Coffee Bun / Sweet Bun,Pastry,midday,1,7.5
2025-01-06,coffee_bun_sweet_bun,Coffee Bun / Sweet Bun,Pastry,morning,1,2.1
2025-01-06,country_sourdough,Country Sourdough,Bread,evening,12,1.5555555555555556
2025-01-06,country_sourdough,Country Sourdough,Bread,midday,15,1.7266666666666666
2025-01-06,country_sourdough,Country Sourdough,Bread,morning,13,1.5545454545454545
2025-01-06,fruit_tart,Fruit Tart,Dessert,morning,2,5.5
2025-01-06,ham_cheese_sandwich,Ham & Cheese Sandwich,Savory,midday,22,5.857142857142857
2025-01-06,ham_cheese_sandwich,Ham & Cheese Sandwich,Savory,morning,10,5.833333333333333
2025-01-06,pain_au_chocolat,Pain au Chocolat,Pastry,evening,8,1.2
2025-01-06,pain_au_chocolat,Pain au Chocolat,Pastry,midday,4,1.2
2025-01-06,pain_au_chocolat,Pain au Chocolat,Pastry,morning,4,1.2
2025-01-06,traditional_baguette,Traditional Baguette,Bread,evening,53,1.1433333333333333
2025-01-06,traditional_baguette,Traditional Baguette,Bread,midday,49,1.164864864864865
2025-01-06,traditional_baguette,Traditional Baguette,Bread,morning,59,1.1153846153846154
2025-01-07,brioche,Brioche,Pastry,evening,1,5.0
2025-01-07,brioche,Brioche,Pastry,morning,1,5.0
2025-01-07,butter_croissant,Butter Croissant,Pastry,evening,6,1.2
2025-01-07,butter_croissant,Butter Croissant,Pastry,midday,4,1.25
2025-01-07,butter_croissant,Butter Croissant,Pastry,morning,34,1.146153846153846
2025-01-07,chocolate_cookie,Chocolate Cookie,Dessert,midday,3,1.0
2025-01-07,chocolate_cookie,Chocolate Cookie,Dessert,morning,6,1.0
2025-01-07,coffee_bun_sweet_bun,Coffee Bun / Sweet Bun,Pastry,evening,3,4.8
2025-01-07,coffee_bun_sweet_bun,Coffee Bun / Sweet Bun,Pastry,midday,1,7.5
2025-01-07,coffee_bun_sweet_bun,Coffee Bun / Sweet Bun,Pastry,morning,2,2.1
2025-01-07,country_sourdough,Country Sourdough,Bread,evening,6,1.8399999999999999
2025-01-07,country_sourdough,Country Sourdough,Bread,midday,11,1.6727272727272726
2025-01-07,country_sourdough,Country Sourdough,Bread,morning,26,1.636111111111111
2025-01-07,fruit_tart,Fruit Tart,Dessert,evening,3,2.0
2025-01-07,fruit_tart,Fruit Tart,Dessert,midday,2,2.0
2025-01-07,fruit_tart,Fruit Tart,Dessert,morning,2,2.0
2025-01-07,ham_cheese_sandwich,Ham & Cheese Sandwich,Savory,midday,32,5.7
2025-01-07,ham_cheese_sandwich,Ham & Cheese Sandwich,Savory,morning,6,4.666666666666667
2025-01-07,pain_au_chocolat,Pain au Chocolat,Pastry,evening,9,1.2
2025-01-07,pain_au_chocolat,Pain au Chocolat,Pastry,midday,3,1.2
2025-01-07,pain_au_chocolat,Pain au Chocolat,Pastry,morning,18,1.2
2025-01-07,traditional_baguette,Traditional Baguette,Bread,evening,34,1.1395833333333332
2025-01-07,traditional_baguette,Traditional Baguette,Bread,midday,69,1.143877551020408
2025-01-07,traditional_baguette,Traditional Baguette,Bread,morning,49,1.1302631578947369
2025-01-08,brioche,Brioche,Pastry,morning,1,5.0
2025-01-08,butter_croissant,Butter Croissant,Pastry,evening,4,1.3
2025-01-08,butter_croissant,Butter Croissant,Pastry,midday,1,1.4
2025-01-08,butter_croissant,Butter Croissant,Pastry,morning,29,1.123076923076923
2025-01-08,chocolate_cookie,Chocolate Cookie,Dessert,morning,1,1.0
2025-01-08,coffee_bun_sweet_bun,Coffee Bun / Sweet Bun,Pastry,midday,2,2.1
2025-01-08,coffee_bun_sweet_bun,Coffee Bun / Sweet Bun,Pastry,morning,5,4.8
2025-01-08,country_sourdough,Country Sourdough,Bread,evening,5,2.02
2025-01-08,country_sourdough,Country Sourdough,Bread,midday,11,1.465
2025-01-08,country_sourdough,Country Sourdough,Bread,morning,20,1.5352941176470587
2025-01-08,fruit_tart,Fruit Tart,Dessert,morning,3,2.0
2025-01-08,ham_cheese_sandwich,Ham & Cheese Sandwich,Savory,midday,26,5.4
2025-01-08,ham_cheese_sandwich,Ham & Cheese Sandwich,Savory,morning,3,4.166666666666667
2025-01-08,pain_au_chocolat,Pain au Chocolat,Pastry,evening,3,1.2
2025-01-08,pain_au_chocolat,Pain au Chocolat,Pastry,midday,3,1.2
2025-01-08,pain_au_chocolat,Pain au Chocolat,Pastry,morning,28,1.2
2025-01-08,traditional_baguette,Traditional Baguette,Bread,evening,24,1.138235294117647
2025-01-08,traditional_baguette,Traditional Baguette,Bread,midday,45,1.163235294117647
2025-01-08,traditional_baguette,Traditional Baguette,Bread,morning,76,1.1188888888888888
2025-01-09,brioche,Brioche,Pastry,morning,1,5.0
2025-01-09,butter_croissant,Butter Croissant,Pastry,evening,5,1.1
2025-01-09,butter_croissant,Butter Croissant,Pastry,morning,19,1.1375000000000002
2025-01-09,chocolate_cookie,Chocolate Cookie,Dessert,evening,1,1.0
2025-01-09,chocolate_cookie,Chocolate Cookie,Dessert,midday,2,1.0
2025-01-09,chocolate_cookie,Chocolate Cookie,Dessert,morning,4,1.0
2025-01-09,coffee_bun_sweet_bun,Coffee Bun / Sweet Bun,Pastry,midday,1,2.1
2025-01-09,country_sourdough,Country Sourdough,Bread,evening,4,1.3624999999999998
2025-01-09,country_sourdough,Country Sourdough,Bread,midday,8,1.84375
2025-01-09,country_sourdough,Country Sourdough,Bread,morning,18,1.7464285714285714
2025-01-09,fruit_tart,Fruit Tart,Dessert,evening,2,2.0
2025-01-09,fruit_tart,Fruit Tart,Dessert,morning,2,2.0
2025-01-09,ham_cheese_sandwich,Ham & Cheese Sandwich,Savory,midday,25,5.5625
2025-01-09,ham_cheese_sandwich,Ham & Cheese Sandwich,Savory,morning,3,5.166666666666667
2025-01-09,pain_au_chocolat,Pain au Chocolat,Pastry,evening,6,1.2
2025-01-09,pain_au_chocolat,Pain au Chocolat,Pastry,morning,30,1.2
2025-01-09,traditional_baguette,Traditional Baguette,Bread,evening,43,1.1592592592592592
2025-01-09,traditional_baguette,Traditional Baguette,Bread,midday,66,1.13125
2025-01-09,traditional_baguette,Traditional Baguette,Bread,morning,43,1.1142857142857143
2025-01-10,brioche,Brioche,Pastry,morning,1,5.0
2025-01-10,butter_croissant,Butter Croissant,Pastry,evening,5,1.2
2025-01-10,butter_croissant,Butter Croissant,Pastry,morning,37,1.1187500000000001
2025-01-10,chocolate_cookie,Chocolate Cookie,Dessert,midday,3,1.0
2025-01-10,country_sourdough,Country Sourdough,Bread,evening,8,1.7625
2025-01-10,country_sourdough,Country Sourdough,Bread,midday,12,1.9227272727272726
2025-01-10,country_sourdough,Country Sourdough,Bread,morning,18,1.52
2025-01-10,fruit_tart,Fruit Tart,Dessert,evening,1,2.0
2025-01-10,fruit_tart,Fruit Tart,Dessert,midday,7,2.4
2025-01-10,fruit_tart,Fruit Tart,Dessert,morning,9,5.0
2025-01-10,ham_cheese_sandwich,Ham & Cheese Sandwich,Savory,midday,38,5.078125
2025-01-10,ham_cheese_sandwich,Ham & Cheese Sandwich,Savory,morning,7,4.333333333333333
2025-01-10,pain_au_chocolat,Pain au Chocolat,Pastry,evening,1,1.2
2025-01-10,pain_au_chocolat,Pain au Chocolat,Pastry,midday,2,1.2
2025-01-10,pain_au_chocolat,Pain au Chocolat,Pastry,morning,29,1.2
2025-01-10,traditional_baguette,Traditional Baguette,Bread,evening,29,1.1078947368421053
2025-01-10,traditional_baguette,Traditional Baguette,Bread,midday,48,1.159375
2025-01-10,traditional_baguette,Traditional Baguette,Bread,morning,65,1.141304347826087
2025-01-11,brioche,Brioche,Pastry,midday,1,5.0
2025-01-11,brioche,Brioche,Pastry,morning,2,5.0
2025-01-11,butter_croissant,Butter Croissant,Pastry,midday,7,1.1
2025-01-11,butter_croissant,Butter Croissant,Pastry,morning,56,1.1136363636363635
2025-01-11,chocolate_cookie,Chocolate Cookie,Dessert,morning,2,1.0
2025-01-11,coffee_bun_sweet_bun,Coffee Bun / Sweet Bun,Pastry,midday,4,5.7
2025-01-11,coffee_bun_sweet_bun,Coffee Bun / Sweet Bun,Pastry,morning,4,2.1
2025-01-11,country_sourdough,Country Sourdough,Bread,midday,14,1.575
2025-01-11,country_sourdough,Country Sourdough,Bread,morning,35,1.7956521739130433
2025-01-11,fruit_tart,Fruit Tart,Dessert,midday,1,2.0
2025-01-11,fruit_tart,Fruit Tart,Dessert,morning,6,10.2
2025-01-11,ham_cheese_sandwich,Ham & Cheese Sandwich,Savory,midday,5,6.0
2025-01-11,ham_cheese_sandwich,Ham & Cheese Sandwich,Savory,morning,7,5.25
2025-01-11,pain_au_chocolat,Pain au Chocolat,Pastry,midday,14,1.2
2025-01-11,pain_au_chocolat,Pain au Chocolat,Pastry,morning,53,1.2
2025-01-11,traditional_baguette,Traditional Baguette,Bread,midday,117,1.1471830985915494
2025-01-11,traditional_baguette,Traditional Baguette,Bread,morning,161,1.1402439024390243
2025-01-12,brioche,Brioche,Pastry,morning,5,5.0
2025-01-12,butter_croissant,Butter Croissant,Pastry,midday,1,1.1
2025-01-12,butter_croissant,Butter Croissant,Pastry,morning,113,1.1272727272727274
2025-01-12,chocolate_cookie,Chocolate Cookie,Dessert,midday,2,1.0
2025-01-12,chocolate_cookie,Chocolate Cookie,Dessert,morning,9,1.0
2025-01-12,coffee_bun_sweet_bun,Coffee Bun / Sweet Bun,Pastry,midday,3,7.5
2025-01-12,coffee_bun_sweet_bun,Coffee Bun / Sweet Bun,Pastry,morning,1,2.1
2025-01-12,country_sourdough,Country Sourdough,Bread,midday,11,2.04
2025-01-12,country_sourdough,Country Sourdough,Bread,morning,47,1.7410256410256408
2025-01-12,fruit_tart,Fruit Tart,Dessert,midday,11,2.2
2025-01-12,fruit_tart,Fruit Tart,Dessert,morning,17,7.916666666666667
2025-01-12,ham_cheese_sandwich,Ham & Cheese Sandwich,Savory,midday,1,3.5
2025-01-12,pain_au_chocolat,Pain au Chocolat,Pastry,morning,112,1.2
2025-01-12,traditional_baguette,Traditional Baguette,Bread,midday,157,1.2392156862745096
2025-01-12,traditional_baguette,Traditional Baguette,Bread,morning,318,1.143063583815029
2025-01-13,butter_croissant,Butter Croissant,Pastry,evening,3,1.3
2025-01-13,butter_croissant,Butter Croissant,Pastry,midday,1,1.1
2025-01-13,butter_croissant,Butter Croissant,Pastry,morning,29,1.1692307692307693
2025-01-13,chocolate_cookie,Chocolate Cookie,Dessert,morning,2,1.0
2025-01-13,coffee_bun_sweet_bun,Coffee Bun / Sweet Bun,Pastry,midday,2,2.1
2025-01-13,country_sourdough,Country Sourdough,Bread,evening,10,1.41875
2025-01-13,country_sourdough,Country Sourdough,Bread,midday,12,2.0727272727272728
2025-01-13,country_sourdough,Country Sourdough,Bread,morning,22,1.544736842105263
2025-01-13,ham_cheese_sandwich,Ham & Cheese Sandwich,Savory,midday,23,5.1875
2025-01-13,ham_cheese_sandwich,Ham & Cheese Sandwich,Savory,morning,11,5.5
2025-01-13,pain_au_chocolat,Pain au Chocolat,Pastry,evening,5,1.2
2025-01-13,pain_au_chocolat,Pain au Chocolat,Pastry,morning,23,1.2
2025-01-13,traditional_baguette,Traditional Baguette,Bread,evening,29,1.0578947368421052
2025-01-13,traditional_baguette,Traditional Baguette,Bread,midday,70,1.1634615384615385
2025-01-13,traditional_baguette,Traditional Baguette,Bread,morning,96,1.118548387096774
2025-01-14,brioche,Brioche,Pastry,midday,1,5.0
2025-01-14,brioche,Brioche,Pastry,morning,2,5.0
2025-01-14,butter_croissant,Butter Croissant,Pastry,evening,4,1.3
2025-01-14,butter_croissant,Butter Croissant,Pastry,midday,3,1.1
2025-01-14,butter_croissant,Butter Croissant,Pastry,morning,29,1.1300000000000001
2025-01-14,chocolate_cookie,Chocolate Cookie,Dessert,evening,6,1.0
2025-01-14,chocolate_cookie,Chocolate Cookie,Dessert,midday,3,1.0
2025-01-14,chocolate_cookie,Chocolate Cookie,Dessert,morning,2,1.0
2025-01-14,coffee_bun_sweet_bun,Coffee Bun / Sweet Bun,Pastry,midday,2,2.1
2025-01-14,coffee_bun_sweet_bun,Coffee Bun / Sweet Bun,Pastry,morning,1,2.1
2025-01-14,country_sourdough,Country Sourdough,Bread,evening,4,2.1125
2025-01-14,country_sourdough,Country Sourdough,Bread,midday,15,1.6733333333333333
2025-01-14,country_sourdough,Country Sourdough,Bread,morning,12,1.6300000000000001
2025-01-14,fruit_tart,Fruit Tart,Dessert,morning,1,2.0
2025-01-14,ham_cheese_sandwich,Ham & Cheese Sandwich,Savory,midday,31,4.875
2025-01-14,ham_cheese_sandwich,Ham & Cheese Sandwich,Savory,morning,6,5.9
2025-01-14,pain_au_chocolat,Pain au Chocolat,Pastry,evening,6,1.2
2025-01-14,pain_au_chocolat,Pain au Chocolat,Pastry,midday,2,1.2
2025-01-14,pain_au_chocolat,Pain au Chocolat,Pastry,morning,24,1.2
2025-01-14,traditional_baguette,Traditional Baguette,Bread,evening,29,1.182608695652174
2025-01-14,traditional_baguette,Traditional Baguette,Bread,midday,45,1.103448275862069
2025-01-14,traditional_baguette,Traditional Baguette,Bread,morning,74,1.1235849056603773
2025-01-15,brioche,Brioche,Pastry,evening,1,5.0
2025-01-15,brioche,Brioche,Pastry,morning,1,5.0
2025-01-15,butter_croissant,Butter Croissant,Pastry,evening,3,1.4
2025-01-15,butter_croissant,Butter Croissant,Pastry,midday,5,1.25
2025-01-15,butter_croissant,Butter Croissant,Pastry,morning,36,1.12
2025-01-15,chocolate_cookie,Chocolate Cookie,Dessert,evening,1,1.0
2025-01-15,chocolate_cookie,Chocolate Cookie,Dessert,midday,4,1.0
2025-01-15,chocolate_cookie,Chocolate Cookie,Dessert,morning,5,1.0
2025-01-15,country_sourdough,Country Sourdough,Bread,evening,3,1.3666666666666665
2025-01-15,country_sourdough,Country Sourdough,Bread,midday,7,1.6357142857142857
2025-01-15,country_sourdough,Country Sourdough,Bread,morning,20,1.802941176470588
2025-01-15,fruit_tart,Fruit Tart,Dessert,evening,1,2.0
2025-01-15,fruit_tart,Fruit Tart,Dessert,morning,3,2.0
2025-01-15,ham_cheese_sandwich,Ham & Cheese Sandwich,Savory,midday,25,5.611111111111111
2025-01-15,ham_cheese_sandwich,Ham & Cheese Sandwich,Savory,morning,2,4.5
2025-01-15,pain_au_chocolat,Pain au Chocolat,Pastry,morning,21,1.2
2025-01-15,traditional_baguette,Traditional Baguette,Bread,evening,37,1.1761904761904762
2025-01-15,traditional_baguette,Traditional Baguette,Bread,midday,58,1.1345238095238095
2025-01-15,traditional_baguette,Traditional Baguette,Bread,morning,74,1.1105769230769231
2025-01-16,brioche,Brioche,Pastry,midday,1,5.0
2025-01-16,butter_croissant,Butter Croissant,Pastry,evening,9,1.28
2025-01-16,butter_croissant,Butter Croissant,Pastry,midday,2,1.4
2025-01-16,butter_croissant,Butter Croissant,Pastry,morning,15,1.1666666666666667
2025-01-16,chocolate_cookie,Chocolate Cookie,Dessert,midday,2,1.0
2025-01-16,chocolate_cookie,Chocolate Cookie,Dessert,morning,4,1.0
2025-01-16,coffee_bun_sweet_bun,Coffee Bun / Sweet Bun,Pastry,evening,2,2.1
2025-01-16,country_sourdough,Country Sourdough,Bread,evening,6,1.6124999999999998
2025-01-16,country_sourdough,Country Sourdough,Bread,midday,8,1.8714285714285714
2025-01-16,country_sourdough,Country Sourdough,Bread,morning,16,1.4166666666666667
2025-01-16,fruit_tart,Fruit Tart,Dessert,midday,2,2.0
2025-01-16,ham_cheese_sandwich,Ham & Cheese Sandwich,Savory,midday,20,5.681818181818182
2025-01-16,ham_cheese_sandwich,Ham & Cheese Sandwich,Savory,morning,3,5.166666666666667
2025-01-16,pain_au_chocolat,Pain au Chocolat,Pastry,evening,1,1.2
2025-01-16,pain_au_chocolat,Pain au Chocolat,Pastry,midday,5,1.2
2025-01-16,pain_au_chocolat,Pain au Chocolat,Pastry,morning,17,1.2
2025-01-16,traditional_baguette,Traditional Baguette,Bread,evening,29,1.1619047619047618
2025-01-16,traditional_baguette,Traditional Baguette,Bread,midday,62,1.1730769230769231
2025-01-16,traditional_baguette,Traditional Baguette,Bread,morning,62,1.0551020408163265
2025-01-17,butter_croissant,Butter Croissant,Pastry,evening,6,1.1
2025-01-17,butter_croissant,Butter Croissant,Pastry,midday,2,1.4
2025-01-17,butter_croissant,Butter Croissant,Pastry,morning,24,1.1545454545454545
2025-01-17,chocolate_cookie,Chocolate Cookie,Dessert,evening,9,1.0
2025-01-17,chocolate_cookie,Chocolate Cookie,Dessert,morning,2,1.0
2025-01-17,coffee_bun_sweet_bun,Coffee Bun / Sweet Bun,Pastry,evening,1,2.1
2025-01-17,coffee_bun_sweet_bun,Coffee Bun / Sweet Bun,Pastry,midday,3,2.1
2025-01-17,country_sourdough,Country Sourdough,Bread,evening,8,1.25
2025-01-17,country_sourdough,Country Sourdough,Bread,midday,13,1.9136363636363638
2025-01-17,country_sourdough,Country Sourdough,Bread,morning,16,1.5250000000000001
2025-01-17,fruit_tart,Fruit Tart,Dessert,evening,3,2.0
2025-01-17,fruit_tart,Fruit Tart,Dessert,midday,9,2.6
2025-01-17,ham_cheese_sandwich,Ham & Cheese Sandwich,Savory,evening,1,3.5
2025-01-17,ham_cheese_sandwich,Ham & Cheese Sandwich,Savory,midday,19,5.433333333333334
2025-01-17,ham_cheese_sandwich,Ham & Cheese Sandwich,Savory,morning,5,5.9
2025-01-17,pain_au_chocolat,Pain au Chocolat,Pastry,evening,6,1.2
2025-01-17,pain_au_chocolat,Pain au Chocolat,Pastry,morning,14,1.2
2025-01-17,traditional_baguette,Traditional Baguette,Bread,evening,42,1.18
2025-01-17,traditional_baguette,Traditional Baguette,Bread,midday,63,1.1433333333333333
2025-01-17,traditional_baguette,Traditional Baguette,Bread,morning,56,1.1069444444444445
2025-01-18,brioche,Brioche,Pastry,evening,2,5.0
2025-01-18,brioche,Brioche,Pastry,midday,1,5.0
2025-01-18,butter_croissant,Butter Croissant,Pastry,evening,2,1.4
2025-01-18,butter_croissant,Butter Croissant,Pastry,midday,1,1.4
2025-01-18,butter_croissant,Butter Croissant,Pastry,morning,54,1.172
2025-01-18,chocolate_cookie,Chocolate Cookie,Dessert,morning,2,1.0
2025-01-18,coffee_bun_sweet_bun,Coffee Bun / Sweet Bun,Pastry,evening,1,2.1
2025-01-18,coffee_bun_sweet_bun,Coffee Bun / Sweet Bun,Pastry,midday,2,2.1
2025-01-18,coffee_bun_sweet_bun,Coffee Bun / Sweet Bun,Pastry,morning,1,2.1
2025-01-18,country_sourdough,Country Sourdough,Bread,evening,3,1.5
2025-01-18,country_sourdough,Country Sourdough,Bread,midday,13,1.7363636363636366
2025-01-18,country_sourdough,Country Sourdough,Bread,morning,20,1.7531249999999998
2025-01-18,fruit_tart,Fruit Tart,Dessert,evening,3,14.0
2025-01-18,fruit_tart,Fruit Tart,Dessert,midday,4,7.666666666666667
2025-01-18,fruit_tart,Fruit Tart,Dessert,morning,3,5.5
2025-01-18,ham_cheese_sandwich,Ham & Cheese Sandwich,Savory,midday,3,3.8333333333333335
2025-01-18,ham_cheese_sandwich,Ham & Cheese Sandwich,Savory,morning,7,5.7
2025-01-18,pain_au_chocolat,Pain au Chocolat,Pastry,midday,5,1.2
2025-01-18,pain_au_chocolat,Pain au Chocolat,Pastry,morning,41,1.2
2025-01-18,traditional_baguette,Traditional Baguette,Bread,evening,46,1.1944444444444444
2025-01-18,traditional_baguette,Traditional Baguette,Bread,midday,92,1.1601851851851852
2025-01-18,traditional_baguette,Traditional Baguette,Bread,morning,152,1.1234177215189873
2025-01-19,brioche,Brioche,Pastry,morning,3,5.0
2025-01-19,butter_croissant,Butter Croissant,Pastry,midday,5,1.1
2025-01-19,butter_croissant,Butter Croissant,Pastry,morning,121,1.1219512195121952
2025-01-19,chocolate_cookie,Chocolate Cookie,Dessert,midday,6,1.0
2025-01-19,chocolate_cookie,Chocolate Cookie,Dessert,morning,3,1.0
2025-01-19,coffee_bun_sweet_bun,Coffee Bun / Sweet Bun,Pastry,midday,3,4.8
2025-01-19,coffee_bun_sweet_bun,Coffee Bun / Sweet Bun,Pastry,morning,9,3.45
2025-01-19,country_sourdough,Country Sourdough,Bread,midday,13,1.2333333333333334
2025-01-19,country_sourdough,Country Sourdough,Bread,morning,41,1.733783783783784
2025-01-19,fruit_tart,Fruit Tart,Dessert,midday,20,4.666666666666667
2025-01-19,fruit_tart,Fruit Tart,Dessert,morning,22,7.333333333333333
2025-01-19,pain_au_chocolat,Pain au Chocolat,Pastry,midday,4,1.2
2025-01-19,pain_au_chocolat,Pain au Chocolat,Pastry,morning,83,1.2
2025-01-19,traditional_baguette,Traditional Baguette,Bread,midday,200,1.1767543859649123
2025-01-19,traditional_baguette,Traditional Baguette,Bread,morning,225,1.1209302325581394
2025-01-20,butter_croissant,Butter Croissant,Pastry,evening,2,1.4
2025-01-20,butter_croissant,Butter Croissant,Pastry,midday,1,1.1
2025-01-20,butter_croissant,Butter Croissant,Pastry,morning,34,1.1214285714285714
2025-01-20,chocolate_cookie,Chocolate Cookie,Dessert,evening,5,1.0
2025-01-20,chocolate_cookie,Chocolate Cookie,Dessert,midday,3,1.0
2025-01-20,coffee_bun_sweet_bun,Coffee Bun / Sweet Bun,Pastry,evening,2,2.1
2025-01-20,coffee_bun_sweet_bun,Coffee Bun / Sweet Bun,Pastry,midday,1,2.1
2025-01-20,coffee_bun_sweet_bun,Coffee Bun / Sweet Bun,Pastry,morning,2,2.1
2025-01-20,country_sourdough,Country Sourdough,Bread,evening,11,1.5555555555555556
2025-01-20,country_sourdough,Country Sourdough,Bread,midday,13,1.6666666666666667
2025-01-20,country_sourdough,Country Sourdough,Bread,morning,14,1.7409090909090907
2025-01-20,fruit_tart,Fruit Tart,Dessert,evening,4,2.3333333333333335
2025-01-20,fruit_tart,Fruit Tart,Dessert,midday,2,3.0
2025-01-20,fruit_tart,Fruit Tart,Dessert,morning,1,3.0
2025-01-20,ham_cheese_sandwich,Ham & Cheese Sandwich,Savory,midday,19,6.033333333333333
2025-01-20,ham_cheese_sandwich,Ham & Cheese Sandwich,Savory,morning,2,5.5
2025-01-20,pain_au_chocolat,Pain au Chocolat,Pastry,midday,1,1.2
2025-01-20,pain_au_chocolat,Pain au Chocolat,Pastry,morning,9,1.2
2025-01-20,traditional_baguette,Traditional Baguette,Bread,evening,54,1.137142857142857
2025-01-20,traditional_baguette,Traditional Baguette,Bread,midday,91,1.1634615384615385
2025-01-20,traditional_baguette,Traditional Baguette,Bread,morning,84,1.1789473684210527
2025-01-21,brioche,Brioche,Pastry,evening,3,5.0
2025-01-21,butter_croissant,Butter Croissant,Pastry,evening,12,1.3624999999999998
2025-01-21,butter_croissant,Butter Croissant,Pastry,midday,4,1.1
2025-01-21,butter_croissant,Butter Croissant,Pastry,morning,9,1.2125
2025-01-21,chocolate_cookie,Chocolate Cookie,Dessert,evening,4,1.0
2025-01-21,chocolate_cookie,Chocolate Cookie,Dessert,midday,3,1.0
2025-01-21,chocolate_cookie,Chocolate Cookie,Dessert,morning,3,1.0
2025-01-21,country_sourdough,Country Sourdough,Bread,evening,5,1.69
2025-01-21,country_sourdough,Country Sourdough,Bread,midday,14,1.7142857142857142
2025-01-21,country_sourdough,Country Sourdough,Bread,morning,14,1.3454545454545455
2025-01-21,fruit_tart,Fruit Tart,Dessert,evening,4,2.0
2025-01-21,fruit_tart,Fruit Tart,Dessert,midday,5,2.0
2025-01-21,ham_cheese_sandwich,Ham & Cheese Sandwich,Savory,midday,21,4.9
2025-01-21,ham_cheese_sandwich,Ham & Cheese Sandwich,Savory,morning,2,6.5
2025-01-21,pain_au_chocolat,Pain au Chocolat,Pastry,evening,8,1.2
2025-01-21,pain_au_chocolat,Pain au Chocolat,Pastry,midday,2,1.2
2025-01-21,pain_au_chocolat,Pain au Chocolat,Pastry,morning,20,1.2
2025-01-21,traditional_baguette,Traditional Baguette,Bread,evening,66,1.1188888888888888
2025-01-21,traditional_baguette,Traditional Baguette,Bread,midday,63,1.1300000000000001
2025-01-21,traditional_baguette,Traditional Baguette,Bread,morning,49,1.1124999999999998
2025-01-22,butter_croissant,Butter Croissant,Pastry,evening,5,1.1
2025-01-22,butter_croissant,Butter Croissant,Pastry,midday,2,1.1
2025-01-22,butter_croissant,Butter Croissant,Pastry,morning,17,1.25
2025-01-22,chocolate_cookie,Chocolate Cookie,Dessert,evening,3,1.0
2025-01-22,chocolate_cookie,Chocolate Cookie,Dessert,morning,5,1.0
2025-01-22,coffee_bun_sweet_bun,Coffee Bun / Sweet Bun,Pastry,evening,1,2.1
2025-01-22,coffee_bun_sweet_bun,Coffee Bun / Sweet Bun,Pastry,morning,1,2.1
2025-01-22,country_sourdough,Country Sourdough,Bread,evening,6,1.9333333333333333
2025-01-22,country_sourdough,Country Sourdough,Bread,midday,17,1.5999999999999999
2025-01-22,country_sourdough,Country Sourdough,Bread,morning,11,1.4722222222222223
2025-01-22,fruit_tart,Fruit Tart,Dessert,evening,4,2.0
2025-01-22,fruit_tart,Fruit Tart,Dessert,midday,3,2.0
2025-01-22,ham_cheese_sandwich,Ham & Cheese Sandwich,Savory,midday,20,5.25
2025-01-22,ham_cheese_sandwich,Ham & Cheese Sandwich,Savory,morning,4,6.5
2025-01-22,pain_au_chocolat,Pain au Chocolat,Pastry,evening,1,1.2
2025-01-22,pain_au_chocolat,Pain au Chocolat,Pastry,midday,1,1.2
2025-01-22,pain_au_chocolat,Pain au Chocolat,Pastry,morning,7,1.2
2025-01-22,traditional_baguette,Traditional Baguette,Bread,evening,45,1.15625
2025-01-22,traditional_baguette,Traditional Baguette,Bread,midday,63,1.1234042553191488
2025-01-22,traditional_baguette,Traditional Baguette,Bread,morning,55,1.1182926829268294
2025-01-23,brioche,Brioche,Pastry,midday,1,5.0
2025-01-23,brioche,Brioche,Pastry,morning,1,5.0
2025-01-23,butter_croissant,Butter Croissant,Pastry,evening,9,1.25
2025-01-23,butter_croissant,Butter Croissant,Pastry,midday,13,1.1600000000000001
2025-01-23,butter_croissant,Butter Croissant,Pastry,morning,19,1.1545454545454545
2025-01-23,chocolate_cookie,Chocolate Cookie,Dessert,midday,5,1.0
2025-01-23,chocolate_cookie,Chocolate Cookie,Dessert,morning,4,1.0
2025-01-23,coffee_bun_sweet_bun,Coffee Bun / Sweet Bun,Pastry,evening,1,2.1
2025-01-23,coffee_bun_sweet_bun,Coffee Bun / Sweet Bun,Pastry,midday,3,4.8
2025-01-23,coffee_bun_sweet_bun,Coffee Bun / Sweet Bun,Pastry,morning,3,4.8
2025-01-23,country_sourdough,Country Sourdough,Bread,evening,12,1.7550000000000001
2025-01-23,country_sourdough,Country Sourdough,Bread,midday,8,1.825
2025-01-23,country_sourdough,Country Sourdough,Bread,morning,17,1.45
2025-01-23,fruit_tart,Fruit Tart,Dessert,midday,4,2.0
2025-01-23,fruit_tart,Fruit Tart,Dessert,morning,3,2.0
2025-01-23,ham_cheese_sandwich,Ham & Cheese Sandwich,Savory,midday,31,5.309523809523809
2025-01-23,ham_cheese_sandwich,Ham & Cheese Sandwich,Savory,morning,2,6.5
2025-01-23,pain_au_chocolat,Pain au Chocolat,Pastry,morning,22,1.2
2025-01-23,traditional_baguette,Traditional Baguette,Bread,evening,55,1.1796296296296296
2025-01-23,traditional_baguette,Traditional Baguette,Bread,midday,65,1.1456521739130434
2025-01-23,traditional_baguette,Traditional Baguette,Bread,morning,77,1.1366666666666667
2025-01-24,brioche,Brioche,Pastry,evening,1,5.0
2025-01-24,brioche,Brioche,Pastry,morning,1,5.0
2025-01-24,butter_croissant,Butter Croissant,Pastry,evening,4,1.3
2025-01-24,butter_croissant,Butter Croissant,Pastry,midday,13,1.2
2025-01-24,butter_croissant,Butter Croissant,Pastry,morning,21,1.1
2025-01-24,chocolate_cookie,Chocolate Cookie,Dessert,evening,1,1.0
2025-01-24,chocolate_cookie,Chocolate Cookie,Dessert,midday,1,1.0
2025-01-24,chocolate_cookie,Chocolate Cookie,Dessert,morning,3,1.0
2025-01-24,coffee_bun_sweet_bun,Coffee Bun / Sweet Bun,Pastry,evening,2,2.1
2025-01-24,coffee_bun_sweet_bun,Coffee Bun / Sweet Bun,Pastry,midday,2,4.8
2025-01-24,country_sourdough,Country Sourdough,Bread,evening,8,1.73125
2025-01-24,country_sourdough,Country Sourdough,Bread,midday,18,1.5142857142857142
2025-01-24,country_sourdough,Country Sourdough,Bread,morning,16,1.6785714285714286
2025-01-24,fruit_tart,Fruit Tart,Dessert,evening,3,3.0
2025-01-24,fruit_tart,Fruit Tart,Dessert,midday,10,2.25
2025-01-24,fruit_tart,Fruit Tart,Dessert,morning,1,3.0
2025-01-24,ham_cheese_sandwich,Ham & Cheese Sandwich,Savory,midday,22,5.323529411764706
2025-01-24,ham_cheese_sandwich,Ham & Cheese Sandwich,Savory,morning,4,5.0
2025-01-24,pain_au_chocolat,Pain au Chocolat,Pastry,midday,8,1.2
2025-01-24,pain_au_chocolat,Pain au Chocolat,Pastry,morning,25,1.2
2025-01-24,traditional_baguette,Traditional Baguette,Bread,evening,38,1.1199999999999999
2025-01-24,traditional_baguette,Traditional Baguette,Bread,midday,83,1.2197916666666666
2025-01-24,traditional_baguette,Traditional Baguette,Bread,morning,57,1.1276315789473685
2025-01-25,brioche,Brioche,Pastry,morning,2,5.0
2025-01-25,butter_croissant,Butter Croissant,Pastry,evening,3,1.1
2025-01-25,butter_croissant,Butter Croissant,Pastry,midday,7,1.2
2025-01-25,butter_croissant,Butter Croissant,Pastry,morning,59,1.1115384615384616
2025-01-25,chocolate_cookie,Chocolate Cookie,Dessert,evening,2,1.0
2025-01-25,chocolate_cookie,Chocolate Cookie,Dessert,midday,2,1.0
2025-01-25,chocolate_cookie,Chocolate Cookie,Dessert,morning,3,1.0
2025-01-25,coffee_bun_sweet_bun,Coffee Bun / Sweet Bun,Pastry,evening,2,7.5
2025-01-25,coffee_bun_sweet_bun,Coffee Bun / Sweet Bun,Pastry,midday,2,4.8
2025-01-25,coffee_bun_sweet_bun,Coffee Bun / Sweet Bun,Pastry,morning,1,2.1
2025-01-25,country_sourdough,Country Sourdough,Bread,evening,10,1.4055555555555557
2025-01-25,country_sourdough,Country Sourdough,Bread,midday,20,1.7555555555555555
2025-01-25,country_sourdough,Country Sourdough,Bread,morning,25,1.5068181818181818
2025-01-25,fruit_tart,Fruit Tart,Dessert,evening,1,18.0
2025-01-25,fruit_tart,Fruit Tart,Dessert,midday,2,15.0
2025-01-25,fruit_tart,Fruit Tart,Dessert,morning,3,5.666666666666667
2025-01-25,ham_cheese_sandwich,Ham & Cheese Sandwich,Savory,midday,3,5.0
2025-01-25,ham_cheese_sandwich,Ham & Cheese Sandwich,Savory,morning,1,6.5
2025-01-25,pain_au_chocolat,Pain au Chocolat,Pastry,evening,6,1.2
2025-01-25,pain_au_chocolat,Pain au Chocolat,Pastry,midday,3,1.2
2025-01-25,pain_au_chocolat,Pain au Chocolat,Pastry,morning,39,1.2
2025-01-25,traditional_baguette,Traditional Baguette,Bread,evening,36,1.2047619047619047
2025-01-25,traditional_baguette,Traditional Baguette,Bread,midday,114,1.1637096774193547
2025-01-25,traditional_baguette,Traditional Baguette,Bread,morning,148,1.1268292682926828
2025-01-26,brioche,Brioche,Pastry,midday,2,5.0
2025-01-26,brioche,Brioche,Pastry,morning,3,5.0
2025-01-26,butter_croissant,Butter Croissant,Pastry,midday,17,1.175
2025-01-26,butter_croissant,Butter Croissant,Pastry,morning,114,1.1226415094339623
2025-01-26,chocolate_cookie,Chocolate Cookie,Dessert,midday,7,1.0
2025-01-26,chocolate_cookie,Chocolate Cookie,Dessert,morning,4,1.0
2025-01-26,coffee_bun_sweet_bun,Coffee Bun / Sweet Bun,Pastry,midday,5,3.9
2025-01-26,coffee_bun_sweet_bun,Coffee Bun / Sweet Bun,Pastry,morning,4,2.1
2025-01-26,country_sourdough,Country Sourdough,Bread,midday,13,1.4727272727272727
2025-01-26,country_sourdough,Country Sourdough,Bread,morning,57,1.6669999999999998
2025-01-26,fruit_tart,Fruit Tart,Dessert,midday,10,8.5
2025-01-26,fruit_tart,Fruit Tart,Dessert,morning,27,5.052631578947368
2025-01-26,ham_cheese_sandwich,Ham & Cheese Sandwich,Savory,midday,3,5.0
2025-01-26,ham_cheese_sandwich,Ham & Cheese Sandwich,Savory,morning,5,5.5
2025-01-26,pain_au_chocolat,Pain au Chocolat,Pastry,midday,6,1.2
2025-01-26,pain_au_chocolat,Pain au Chocolat,Pastry,morning,78,1.2
2025-01-26,traditional_baguette,Traditional Baguette,Bread,midday,226,1.1821167883211678
2025-01-26,traditional_baguette,Traditional Baguette,Bread,morning,236,1.1529605263157894
2025-01-27,brioche,Brioche,Pastry,evening,1,5.0
2025-01-27,brioche,Brioche,Pastry,morning,1,5.0
2025-01-27,butter_croissant,Butter Croissant,Pastry,evening,2,1.4
2025-01-27,butter_croissant,Butter Croissant,Pastry,midday,4,1.4
2025-01-27,butter_croissant,Butter Croissant,Pastry,morning,30,1.123076923076923
2025-01-27,chocolate_cookie,Chocolate Cookie,Dessert,morning,1,1.0
2025-01-27,coffee_bun_sweet_bun,Coffee Bun / Sweet Bun,Pastry,midday,4,2.1
2025-01-27,country_sourdough,Country Sourdough,Bread,evening,10,1.64
2025-01-27,country_sourdough,Country Sourdough,Bread,midday,9,1.475
2025-01-27,country_sourdough,Country Sourdough,Bread,morning,15,1.8772727272727272
2025-01-27,fruit_tart,Fruit Tart,Dessert,midday,1,18.0
2025-01-27,ham_cheese_sandwich,Ham & Cheese Sandwich,Savory,evening,1,4.5
2025-01-27,ham_cheese_sandwich,Ham & Cheese Sandwich,Savory,midday,18,5.5
2025-01-27,ham_cheese_sandwich,Ham & Cheese Sandwich,Savory,morning,7,6.1
2025-01-27,pain_au_chocolat,Pain au Chocolat,Pastry,morning,23,1.2
2025-01-27,traditional_baguette,Traditional Baguette,Bread,evening,56,1.1692307692307693
2025-01-27,traditional_baguette,Traditional Baguette,Bread,midday,55,1.1448717948717948
2025-01-27,traditional_baguette,Traditional Baguette,Bread,morning,78,1.1702127659574468
2025-01-28,brioche,Brioche,Pastry,evening,1,5.0
2025-01-28,brioche,Brioche,Pastry,midday,1,5.0
2025-01-28,brioche,Brioche,Pastry,morning,1,5.0
2025-01-28,butter_croissant,Butter Croissant,Pastry,evening,4,1.25
2025-01-28,butter_croissant,Butter Croissant,Pastry,morning,20,1.1272727272727272
2025-01-28,chocolate_cookie,Chocolate Cookie,Dessert,midday,2,1.0
2025-01-28,chocolate_cookie,Chocolate Cookie,Dessert,morning,2,1.0
2025-01-28,coffee_bun_sweet_bun,Coffee Bun / Sweet Bun,Pastry,midday,4,2.1
2025-01-28,country_sourdough,Country Sourdough,Bread,evening,6,1.8166666666666667
2025-01-28,country_sourdough,Country Sourdough,Bread,midday,10,1.53
2025-01-28,country_sourdough,Country Sourdough,Bread,morning,17,1.5785714285714285
2025-01-28,fruit_tart,Fruit Tart,Dessert,evening,1,2.0
2025-01-28,fruit_tart,Fruit Tart,Dessert,midday,3,2.5
2025-01-28,fruit_tart,Fruit Tart,Dessert,morning,2,2.0
2025-01-28,ham_cheese_sandwich,Ham & Cheese Sandwich,Savory,evening,2,3.5
2025-01-28,ham_cheese_sandwich,Ham & Cheese Sandwich,Savory,midday,27,5.735294117647059
2025-01-28,ham_cheese_sandwich,Ham & Cheese Sandwich,Savory,morning,2,6.5
2025-01-28,pain_au_chocolat,Pain au Chocolat,Pastry,evening,1,1.2
2025-01-28,pain_au_chocolat,Pain au Chocolat,Pastry,morning,15,1.2
2025-01-28,traditional_baguette,Traditional Baguette,Bread,evening,37,1.1886363636363635
2025-01-28,traditional_baguette,Traditional Baguette,Bread,midday,61,1.145
2025-01-28,traditional_baguette,Traditional Baguette,Bread,morning,66,1.0988372093023255
2025-01-29,brioche,Brioche,Pastry,morning,2,5.0
2025-01-29,butter_croissant,Butter Croissant,Pastry,evening,1,1.4
2025-01-29,butter_croissant,Butter Croissant,Pastry,midday,5,1.25
2025-01-29,butter_croissant,Butter Croissant,Pastry,morning,17,1.1375000000000002
2025-01-29,chocolate_cookie,Chocolate Cookie,Dessert,morning,2,1.0
2025-01-29,country_sourdough,Country Sourdough,Bread,evening,10,2.0571428571428574
2025-01-29,country_sourdough,Country Sourdough,Bread,midday,9,1.7388888888888887
2025-01-29,country_sourdough,Country Sourdough,Bread,morning,14,1.575
2025-01-29,ham_cheese_sandwich,Ham & Cheese Sandwich,Savory,evening,1,6.5
2025-01-29,ham_cheese_sandwich,Ham & Cheese Sandwich,Savory,midday,24,5.318181818181818
2025-01-29,ham_cheese_sandwich,Ham & Cheese Sandwich,Savory,morning,5,4.7
2025-01-29,pain_au_chocolat,Pain au Chocolat,Pastry,evening,2,1.2
2025-01-29,pain_au_chocolat,Pain au Chocolat,Pastry,midday,8,1.2
2025-01-29,pain_au_chocolat,Pain au Chocolat,Pastry,morning,3,1.2
2025-01-29,traditional_baguette,Traditional Baguette,Bread,evening,51,1.1589285714285713
2025-01-29,traditional_baguette,Traditional Baguette,Bread,midday,85,1.1527777777777777
2025-01-29,traditional_baguette,Traditional Baguette,Bread,morning,55,1.1473684210526316
2025-01-30,brioche,Brioche,Pastry,midday,1,5.0
2025-01-30,butter_croissant,Butter Croissant,Pastry,morning,34,1.1705882352941177
2025-01-30,chocolate_cookie,Chocolate Cookie,Dessert,morning,6,1.0
2025-01-30,coffee_bun_sweet_bun,Coffee Bun / Sweet Bun,Pastry,morning,2,2.1
2025-01-30,country_sourdough,Country Sourdough,Bread,evening,2,1.3
2025-01-30,country_sourdough,Country Sourdough,Bread,midday,12,2.0375
2025-01-30,country_sourdough,Country Sourdough,Bread,morning,23,1.6235294117647057
2025-01-30,fruit_tart,Fruit Tart,Dessert,evening,1,2.0
2025-01-30,fruit_tart,Fruit Tart,Dessert,midday,3,2.0
2025-01-30,fruit_tart,Fruit Tart,Dessert,morning,5,2.0
2025-01-30,ham_cheese_sandwich,Ham & Cheese Sandwich,Savory,midday,18,5.7
2025-01-30,ham_cheese_sandwich,Ham & Cheese Sandwich,Savory,morning,7,4.75
2025-01-30,pain_au_chocolat,Pain au Chocolat,Pastry,morning,34,1.2
2025-01-30,traditional_baguette,Traditional Baguette,Bread,evening,36,1.1727272727272726
2025-01-30,traditional_baguette,Traditional Baguette,Bread,midday,69,1.1395833333333334
2025-01-30,traditional_baguette,Traditional Baguette,Bread,morning,78,1.0952830188679246
2025-01-31,brioche,Brioche,Pastry,midday,1,5.0
2025-01-31,butter_croissant,Butter Croissant,Pastry,evening,3,1.25
2025-01-31,butter_croissant,Butter Croissant,Pastry,morning,26,1.1
2025-01-31,chocolate_cookie,Chocolate Cookie,Dessert,evening,1,1.0
2025-01-31,chocolate_cookie,Chocolate Cookie,Dessert,midday,2,1.0
2025-01-31,coffee_bun_sweet_bun,Coffee Bun / Sweet Bun,Pastry,evening,3,4.8
2025-01-31,country_sourdough,Country Sourdough,Bread,evening,11,1.94
2025-01-31,country_sourdough,Country Sourdough,Bread,midday,12,1.8
2025-01-31,country_sourdough,Country Sourdough,Bread,morning,19,1.5285714285714285
2025-01-31,fruit_tart,Fruit Tart,Dessert,midday,2,7.0
2025-01-31,fruit_tart,Fruit Tart,Dessert,morning,5,7.0
2025-01-31,ham_cheese_sandwich,Ham & Cheese Sandwich,Savory,midday,16,5.785714285714286
2025-01-31,ham_cheese_sandwich,Ham & Cheese Sandwich,Savory,morning,11,5.5
2025-01-31,pain_au_chocolat,Pain au Chocolat,Pastry,evening,2,1.2
2025-01-31,pain_au_chocolat,Pain au Chocolat,Pastry,midday,2,1.2
2025-01-31,pain_au_chocolat,Pain au Chocolat,Pastry,morning,37,1.2
2025-01-31,traditional_baguette,Traditional Baguette,Bread,evening,44,1.1722222222222223
2025-01-31,traditional_baguette,Traditional Baguette,Bread,midday,72,1.1551020408163266
2025-01-31,traditional_baguette,Traditional Baguette,Bread,morning,52,1.154054054054054
2025-02-01,brioche,Brioche,Pastry,midday,2,5.0
2025-02-01,brioche,Brioche,Pastry,morning,4,5.0
2025-02-01,butter_croissant,Butter Croissant,Pastry,evening,7,1.25
2025-02-01,butter_croissant,Butter Croissant,Pastry,midday,9,1.1
2025-02-01,butter_croissant,Butter Croissant,Pastry,morning,49,1.1142857142857143
2025-02-01,chocolate_cookie,Chocolate Cookie,Dessert,midday,4,1.0
2025-02-01,chocolate_cookie,Chocolate Cookie,Dessert,morning,5,1.0
2025-02-01,coffee_bun_sweet_bun,Coffee Bun / Sweet Bun,Pastry,evening,1,7.5
2025-02-01,coffee_bun_sweet_bun,Coffee Bun / Sweet Bun,Pastry,morning,4,7.5
2025-02-01,country_sourdough,Country Sourdough,Bread,evening,13,1.8545454545454545
2025-02-01,country_sourdough,Country Sourdough,Bread,midday,15,1.8821428571428573
2025-02-01,country_sourdough,Country Sourdough,Bread,morning,21,1.526470588235294
2025-02-01,fruit_tart,Fruit Tart,Dessert,evening,2,10.5
2025-02-01,fruit_tart,Fruit Tart,Dessert,midday,4,5.333333333333333
2025-02-01,fruit_tart,Fruit Tart,Dessert,morning,6,5.4
2025-02-01,ham_cheese_sandwich,Ham & Cheese Sandwich,Savory,midday,1,3.5
2025-02-01,ham_cheese_sandwich,Ham & Cheese Sandwich,Savory,morning,2,4.5
2025-02-01,pain_au_chocolat,Pain au Chocolat,Pastry,midday,4,1.2
2025-02-01,pain_au_chocolat,Pain au Chocolat,Pastry,morning,42,1.2
2025-02-01,traditional_baguette,Traditional Baguette,Bread,evening,52,1.1821428571428572
2025-02-01,traditional_baguette,Traditional Baguette,Bread,midday,94,1.161206896551724
2025-02-01,traditional_baguette,Traditional Baguette,Bread,morning,181,1.1567415730337078
2025-02-02,brioche,Brioche,Pastry,midday,2,5.0
2025-02-02,brioche,Brioche,Pastry,morning,2,5.0
2025-02-02,butter_croissant,Butter Croissant,Pastry,midday,12,1.1
2025-02-02,butter_croissant,Butter Croissant,Pastry,morning,92,1.1187500000000001
2025-02-02,chocolate_cookie,Chocolate Cookie,Dessert,midday,1,1.0
2025-02-02,chocolate_cookie,Chocolate Cookie,Dessert,morning,6,1.0
2025-02-02,coffee_bun_sweet_bun,Coffee Bun / Sweet Bun,Pastry,midday,7,4.26
2025-02-02,coffee_bun_sweet_bun,Coffee Bun / Sweet Bun,Pastry,morning,2,7.5
2025-02-02,country_sourdough,Country Sourdough,Bread,midday,17,1.714705882352941
2025-02-02,country_sourdough,Country Sourdough,Bread,morning,34,1.4741379310344827
2025-02-02,fruit_tart,Fruit Tart,Dessert,midday,23,5.333333333333333
2025-02-02,fruit_tart,Fruit Tart,Dessert,morning,16,7.090909090909091
2025-02-02,ham_cheese_sandwich,Ham & Cheese Sandwich,Savory,midday,2,4.5
2025-02-02,ham_cheese_sandwich,Ham & Cheese Sandwich,Savory,morning,2,6.5
2025-02-02,pain_au_chocolat,Pain au Chocolat,Pastry,midday,17,1.2
2025-02-02,pain_au_chocolat,Pain au Chocolat,Pastry,morning,62,1.2
2025-02-02,traditional_baguette,Traditional Baguette,Bread,midday,206,1.1896551724137931
2025-02-02,traditional_baguette,Traditional Baguette,Bread,morning,207,1.11875
2025-02-03,brioche,Brioche,Pastry,evening,2,5.0
2025-02-03,brioche,Brioche,Pastry,morning,3,5.0
2025-02-03,butter_croissant,Butter Croissant,Pastry,evening,6,1.25
2025-02-03,butter_croissant,Butter Croissant,Pastry,midday,2,1.25
2025-02-03,butter_croissant,Butter Croissant,Pastry,morning,34,1.123076923076923
2025-02-03,chocolate_cookie,Chocolate Cookie,Dessert,midday,3,1.0
2025-02-03,chocolate_cookie,Chocolate Cookie,Dessert,morning,7,1.0
2025-02-03,coffee_bun_sweet_bun,Coffee Bun / Sweet Bun,Pastry,midday,4,2.1
2025-02-03,country_sourdough,Country Sourdough,Bread,evening,4,1.5
2025-02-03,country_sourdough,Country Sourdough,Bread,midday,18,1.8423076923076922
2025-02-03,country_sourdough,Country Sourdough,Bread,morning,24,1.675
2025-02-03,fruit_tart,Fruit Tart,Dessert,evening,3,7.0
2025-02-03,fruit_tart,Fruit Tart,Dessert,midday,9,2.0
2025-02-03,fruit_tart,Fruit Tart,Dessert,morning,3,5.333333333333333
2025-02-03,ham_cheese_sandwich,Ham & Cheese Sandwich,Savory,evening,1,9.1
2025-02-03,ham_cheese_sandwich,Ham & Cheese Sandwich,Savory,midday,16,6.153846153846154
2025-02-03,ham_cheese_sandwich,Ham & Cheese Sandwich,Savory,morning,6,6.0
2025-02-03,pain_au_chocolat,Pain au Chocolat,Pastry,midday,1,1.2
2025-02-03,pain_au_chocolat,Pain au Chocolat,Pastry,morning,21,1.2
2025-02-03,traditional_baguette,Traditional Baguette,Bread,evening,55,1.1676470588235293
2025-02-03,traditional_baguette,Traditional Baguette,Bread,midday,89,1.2201754385964911
2025-02-03,traditional_baguette,Traditional Baguette,Bread,morning,110,1.1379032258064516
2025-02-04,brioche,Brioche,Pastry,evening,1,5.0
2025-02-04,brioche,Brioche,Pastry,midday,1,5.0
2025-02-04,butter_croissant,Butter Croissant,Pastry,evening,3,1.25
2025-02-04,butter_croissant,Butter Croissant,Pastry,midday,4,1.2
2025-02-04,butter_croissant,Butter Croissant,Pastry,morning,42,1.1
2025-02-04,chocolate_cookie,Chocolate Cookie,Dessert,evening,1,1.0
2025-02-04,chocolate_cookie,Chocolate Cookie,Dessert,midday,5,1.0
2025-02-04,chocolate_cookie,Chocolate Cookie,Dessert,morning,5,1.0
2025-02-04,coffee_bun_sweet_bun,Coffee Bun / Sweet Bun,Pastry,evening,2,2.1
2025-02-04,coffee_bun_sweet_bun,Coffee Bun / Sweet Bun,Pastry,midday,3,2.1
2025-02-04,country_sourdough,Country Sourdough,Bread,evening,7,1.6285714285714286
2025-02-04,country_sourdough,Country Sourdough,Bread,midday,25,1.46875
2025-02-04,country_sourdough,Country Sourdough,Bread,morning,14,1.7416666666666665
2025-02-04,fruit_tart,Fruit Tart,Dessert,midday,7,4.5
2025-02-04,ham_cheese_sandwich,Ham & Cheese Sandwich,Savory,midday,30,6.5625
2025-02-04,ham_cheese_sandwich,Ham & Cheese Sandwich,Savory,morning,6,6.083333333333333
2025-02-04,pain_au_chocolat,Pain au Chocolat,Pastry,evening,2,1.2
2025-02-04,pain_au_chocolat,Pain au Chocolat,Pastry,midday,9,1.2
2025-02-04,pain_au_chocolat,Pain au Chocolat,Pastry,morning,19,1.2
2025-02-04,traditional_baguette,Traditional Baguette,Bread,evening,53,1.1328125
2025-02-04,traditional_baguette,Traditional Baguette,Bread,midday,92,1.1651785714285714
2025-02-04,traditional_baguette,Traditional Baguette,Bread,morning,81,1.128125
2025-02-05,butter_croissant,Butter Croissant,Pastry,evening,6,1.3399999999999999
2025-02-05,butter_croissant,Butter Croissant,Pastry,morning,31,1.1428571428571428
2025-02-05,chocolate_cookie,Chocolate Cookie,Dessert,evening,1,1.0
2025-02-05,chocolate_cookie,Chocolate Cookie,Dessert,midday,3,1.0
2025-02-05,coffee_bun_sweet_bun,Coffee Bun / Sweet Bun,Pastry,midday,5,6.15
2025-02-05,country_sourdough,Country Sourdough,Bread,evening,8,1.6125
2025-02-05,country_sourdough,Country Sourdough,Bread,midday,8,1.6500000000000001
2025-02-05,country_sourdough,Country Sourdough,Bread,morning,19,1.5875
2025-02-05,fruit_tart,Fruit Tart,Dessert,evening,1,2.0
2025-02-05,fruit_tart,Fruit Tart,Dessert,morning,8,2.0
2025-02-05,ham_cheese_sandwich,Ham & Cheese Sandwich,Savory,midday,28,5.239130434782608
2025-02-05,ham_cheese_sandwich,Ham & Cheese Sandwich,Savory,morning,8,6.142857142857143
2025-02-05,pain_au_chocolat,Pain au Chocolat,Pastry,midday,2,1.2
2025-02-05,pain_au_chocolat,Pain au Chocolat,Pastry,morning,34,1.2
2025-02-05,traditional_baguette,Traditional Baguette,Bread,evening,50,1.1500000000000001
2025-02-05,traditional_baguette,Traditional Baguette,Bread,midday,86,1.1673076923076922
2025-02-05,traditional_baguette,Traditional Baguette,Bread,morning,115,1.1328125
2025-02-06,brioche,Brioche,Pastry,midday,1,5.0
2025-02-06,brioche,Brioche,Pastry,morning,1,5.0
2025-02-06,butter_croissant,Butter Croissant,Pastry,evening,2,1.4
2025-02-06,butter_croissant,Butter Croissant,Pastry,midday,19,1.1857142857142857
2025-02-06,butter_croissant,Butter Croissant,Pastry,morning,26,1.123076923076923
2025-02-06,chocolate_cookie,Chocolate Cookie,Dessert,evening,4,1.0
2025-02-06,chocolate_cookie,Chocolate Cookie,Dessert,midday,2,1.0
2025-02-06,chocolate_cookie,Chocolate Cookie,Dessert,morning,4,1.0
2025-02-06,coffee_bun_sweet_bun,Coffee Bun / Sweet Bun,Pastry,evening,2,2.1
2025-02-06,coffee_bun_sweet_bun,Coffee Bun / Sweet Bun,Pastry,midday,3,2.1
2025-02-06,coffee_bun_sweet_bun,Coffee Bun / Sweet Bun,Pastry,morning,1,2.1
2025-02-06,country_sourdough,Country Sourdough,Bread,evening,7,1.8
2025-02-06,country_sourdough,Country Sourdough,Bread,midday,17,1.68125
2025-02-06,country_sourdough,Country Sourdough,Bread,morning,21,1.5735294117647058
2025-02-06,fruit_tart,Fruit Tart,Dessert,evening,1,2.0
2025-02-06,fruit_tart,Fruit Tart,Dessert,midday,1,2.0
2025-02-06,fruit_tart,Fruit Tart,Dessert,morning,3,2.0
2025-02-06,ham_cheese_sandwich,Ham & Cheese Sandwich,Savory,midday,20,5.5
2025-02-06,ham_cheese_sandwich,Ham & Cheese Sandwich,Savory,morning,3,4.166666666666667
2025-02-06,pain_au_chocolat,Pain au Chocolat,Pastry,evening,1,1.2
2025-02-06,pain_au_chocolat,Pain au Chocolat,Pastry,midday,6,1.2
2025-02-06,pain_au_chocolat,Pain au Chocolat,Pastry,morning,18,1.2
2025-02-06,traditional_baguette,Traditional Baguette,Bread,evening,51,1.196774193548387
2025-02-06,traditional_baguette,Traditional Baguette,Bread,midday,101,1.1471014492753622
2025-02-06,traditional_baguette,Traditional Baguette,Bread,morning,106,1.1508474576271186
2025-02-07,brioche,Brioche,Pastry,midday,1,5.0
2025-02-07,brioche,Brioche,Pastry,morning,3,5.0
2025-02-07,butter_croissant,Butter Croissant,Pastry,evening,6,1.1
2025-02-07,butter_croissant,Butter Croissant,Pastry,midday,14,1.1
2025-02-07,butter_croissant,Butter Croissant,Pastry,morning,30,1.1
2025-02-07,chocolate_cookie,Chocolate Cookie,Dessert,midday,5,1.0
2025-02-07,chocolate_cookie,Chocolate Cookie,Dessert,morning,3,1.0
2025-02-07,coffee_bun_sweet_bun,Coffee Bun / Sweet Bun,Pastry,evening,1,7.5
2025-02-07,coffee_bun_sweet_bun,Coffee Bun / Sweet Bun,Pastry,midday,7,3.18
2025-02-07,country_sourdough,Country Sourdough,Bread,evening,13,1.72
2025-02-07,country_sourdough,Country Sourdough,Bread,midday,21,1.7555555555555555
2025-02-07,country_sourdough,Country Sourdough,Bread,morning,28,1.660869565217391
2025-02-07,fruit_tart,Fruit Tart,Dessert,midday,10,2.4285714285714284
2025-02-07,fruit_tart,Fruit Tart,Dessert,morning,4,2.3333333333333335
2025-02-07,ham_cheese_sandwich,Ham & Cheese Sandwich,Savory,midday,12,5.6
2025-02-07,ham_cheese_sandwich,Ham & Cheese Sandwich,Savory,morning,3,4.833333333333333
2025-02-07,pain_au_chocolat,Pain au Chocolat,Pastry,midday,3,1.2
2025-02-07,pain_au_chocolat,Pain au Chocolat,Pastry,morning,34,1.2
2025-02-07,traditional_baguette,Traditional Baguette,Bread,evening,49,1.1803571428571427
2025-02-07,traditional_baguette,Traditional Baguette,Bread,midday,107,1.1523076923076923
2025-02-07,traditional_baguette,Traditional Baguette,Bread,morning,108,1.132258064516129
2025-02-08,brioche,Brioche,Pastry,evening,2,5.0
2025-02-08,brioche,Brioche,Pastry,midday,1,5.0
2025-02-08,brioche,Brioche,Pastry,morning,4,5.0
2025-02-08,butter_croissant,Butter Croissant,Pastry,evening,7,1.325
2025-02-08,butter_croissant,Butter Croissant,Pastry,midday,16,1.1600000000000001
2025-02-08,butter_croissant,Butter Croissant,Pastry,morning,66,1.16
2025-02-08,chocolate_cookie,Chocolate Cookie,Dessert,evening,1,1.0
2025-02-08,chocolate_cookie,Chocolate Cookie,Dessert,midday,3,1.0
2025-02-08,chocolate_cookie,Chocolate Cookie,Dessert,morning,3,1.0
2025-02-08,coffee_bun_sweet_bun,Coffee Bun / Sweet Bun,Pastry,evening,1,2.1
2025-02-08,coffee_bun_sweet_bun,Coffee Bun / Sweet Bun,Pastry,midday,8,3.9
2025-02-08,coffee_bun_sweet_bun,Coffee Bun / Sweet Bun,Pastry,morning,4,7.5
2025-02-08,country_sourdough,Country Sourdough,Bread,evening,8,2.125
2025-02-08,country_sourdough,Country Sourdough,Bread,midday,21,1.659375
2025-02-08,country_sourdough,Country Sourdough,Bread,morning,23,1.5947368421052632
2025-02-08,fruit_tart,Fruit Tart,Dessert,evening,4,2.5
2025-02-08,fruit_tart,Fruit Tart,Dessert,midday,1,9.0
2025-02-08,fruit_tart,Fruit Tart,Dessert,morning,3,12.0
2025-02-08,ham_cheese_sandwich,Ham & Cheese Sandwich,Savory,midday,10,4.928571428571429
2025-02-08,ham_cheese_sandwich,Ham & Cheese Sandwich,Savory,morning,3,4.5
2025-02-08,pain_au_chocolat,Pain au Chocolat,Pastry,evening,5,1.2
2025-02-08,pain_au_chocolat,Pain au Chocolat,Pastry,midday,6,1.2
2025-02-08,pain_au_chocolat,Pain au Chocolat,Pastry,morning,55,1.2
2025-02-08,traditional_baguette,Traditional Baguette,Bread,evening,53,1.1453125
2025-02-08,traditional_baguette,Traditional Baguette,Bread,midday,205,1.1754545454545453
2025-02-08,traditional_baguette,Traditional Baguette,Bread,morning,170,1.1730337078651685
2025-02-09,brioche,Brioche,Pastry,midday,5,5.0
2025-02-09,brioche,Brioche,Pastry,morning,8,3.8000000000000003
2025-02-09,butter_croissant,Butter Croissant,Pastry,midday,25,1.1
2025-02-09,butter_croissant,Butter Croissant,Pastry,morning,109,1.1081081081081081
2025-02-09,chocolate_cookie,Chocolate Cookie,Dessert,midday,2,1.0
2025-02-09,chocolate_cookie,Chocolate Cookie,Dessert,morning,3,1.0
2025-02-09,coffee_bun_sweet_bun,Coffee Bun / Sweet Bun,Pastry,midday,4,6.15
2025-02-09,coffee_bun_sweet_bun,Coffee Bun / Sweet Bun,Pastry,morning,11,4.8
2025-02-09,country_sourdough,Country Sourdough,Bread,midday,27,1.8312499999999998
2025-02-09,country_sourdough,Country Sourdough,Bread,morning,62,1.6173469387755102
2025-02-09,fruit_tart,Fruit Tart,Dessert,midday,24,4.555555555555555
2025-02-09,fruit_tart,Fruit Tart,Dessert,morning,22,4.928571428571429
2025-02-09,ham_cheese_sandwich,Ham & Cheese Sandwich,Savory,morning,4,4.0
2025-02-09,pain_au_chocolat,Pain au Chocolat,Pastry,midday,11,1.2
2025-02-09,pain_au_chocolat,Pain au Chocolat,Pastry,morning,82,1.2
2025-02-09,traditional_baguette,Traditional Baguette,Bread,midday,263,1.1567375886524822
2025-02-09,traditional_baguette,Traditional Baguette,Bread,morning,290,1.1379629629629628
2025-02-10,brioche,Brioche,Pastry,evening,1,5.0
2025-02-10,brioche,Brioche,Pastry,midday,2,5.0
2025-02-10,brioche,Brioche,Pastry,morning,3,3.6
2025-02-10,brownie,Brownie,Dessert,midday,1,2.5
2025-02-10,butter_croissant,Butter Croissant,Pastry,evening,12,1.1857142857142857
2025-02-10,butter_croissant,Butter Croissant,Pastry,midday,8,1.2
2025-02-10,butter_croissant,Butter Croissant,Pastry,morning,48,1.1166666666666667
2025-02-10,chocolate_cookie,Chocolate Cookie,Dessert,evening,7,1.0
2025-02-10,chocolate_cookie,Chocolate Cookie,Dessert,midday,8,1.0
2025-02-10,coffee_bun_sweet_bun,Coffee Bun / Sweet Bun,Pastry,evening,1,2.1
2025-02-10,coffee_bun_sweet_bun,Coffee Bun / Sweet Bun,Pastry,midday,1,7.5
2025-02-10,coffee_bun_sweet_bun,Coffee Bun / Sweet Bun,Pastry,morning,6,2.1
2025-02-10,country_sourdough,Country Sourdough,Bread,evening,9,1.35
2025-02-10,country_sourdough,Country Sourdough,Bread,midday,24,1.64
2025-02-10,country_sourdough,Country Sourdough,Bread,morning,35,1.7016666666666667
2025-02-10,fruit_tart,Fruit Tart,Dessert,evening,1,2.0
2025-02-10,fruit_tart,Fruit Tart,Dessert,midday,4,2.0
2025-02-10,ham_cheese_sandwich,Ham & Cheese Sandwich,Savory,evening,1,2.5
2025-02-10,ham_cheese_sandwich,Ham & Cheese Sandwich,Savory,midday,18,5.5
2025-02-10,ham_cheese_sandwich,Ham & Cheese Sandwich,Savory,morning,7,5.642857142857143
2025-02-10,pain_au_chocolat,Pain au Chocolat,Pastry,evening,5,1.2
2025-02-10,pain_au_chocolat,Pain au Chocolat,Pastry,midday,5,1.2
2025-02-10,pain_au_chocolat,Pain au Chocolat,Pastry,morning,49,1.2
2025-02-10,traditional_baguette,Traditional Baguette,Bread,evening,97,1.1661016949152543
2025-02-10,traditional_baguette,Traditional Baguette,Bread,midday,177,1.1628571428571428
2025-02-10,traditional_baguette,Traditional Baguette,Bread,morning,160,1.1344086021505377
2025-02-11,brioche,Brioche,Pastry,evening,2,5.0
2025-02-11,brioche,Brioche,Pastry,midday,2,5.0
2025-02-11,brioche,Brioche,Pastry,morning,2,5.0
2025-02-11,brownie,Brownie,Dessert,evening,1,2.5
2025-02-11,butter_croissant,Butter Croissant,Pastry,evening,1,1.1
2025-02-11,butter_croissant,Butter Croissant,Pastry,midday,6,1.325
2025-02-11,butter_croissant,Butter Croissant,Pastry,morning,54,1.1157894736842107
2025-02-11,chocolate_cookie,Chocolate Cookie,Dessert,evening,1,1.0
2025-02-11,chocolate_cookie,Chocolate Cookie,Dessert,midday,6,1.0
2025-02-11,chocolate_cookie,Chocolate Cookie,Dessert,morning,4,1.0
2025-02-11,coffee_bun_sweet_bun,Coffee Bun / Sweet Bun,Pastry,evening,3,3.9
2025-02-11,coffee_bun_sweet_bun,Coffee Bun / Sweet Bun,Pastry,midday,4,5.7
2025-02-11,coffee_bun_sweet_bun,Coffee Bun / Sweet Bun,Pastry,morning,4,3.9
2025-02-11,country_sourdough,Country Sourdough,Bread,evening,11,1.94
2025-02-11,country_sourdough,Country Sourdough,Bread,midday,11,1.365
2025-02-11,country_sourdough,Country Sourdough,Bread,morning,28,1.726
2025-02-11,fruit_tart,Fruit Tart,Dessert,evening,2,2.0
2025-02-11,fruit_tart,Fruit Tart,Dessert,midday,8,7.0
2025-02-11,fruit_tart,Fruit Tart,Dessert,morning,1,3.0
2025-02-11,ham_cheese_sandwich,Ham & Cheese Sandwich,Savory,midday,14,5.2272727272727275
2025-02-11,ham_cheese_sandwich,Ham & Cheese Sandwich,Savory,morning,7,5.785714285714286
2025-02-11,pain_au_chocolat,Pain au Chocolat,Pastry,evening,4,1.2
2025-02-11,pain_au_chocolat,Pain au Chocolat,Pastry,midday,5,1.2
2025-02-11,pain_au_chocolat,Pain au Chocolat,Pastry,morning,33,1.2
2025-02-11,traditional_baguette,Traditional Baguette,Bread,evening,66,1.1875
2025-02-11,traditional_baguette,Traditional Baguette,Bread,midday,153,1.1333333333333333
2025-02-11,traditional_baguette,Traditional Baguette,Bread,morning,164,1.1357142857142857
2025-02-12,brioche,Brioche,Pastry,midday,2,5.0
2025-02-12,brioche,Brioche,Pastry,morning,4,5.0
2025-02-12,butter_croissant,Butter Croissant,Pastry,midday,4,1.25
2025-02-12,butter_croissant,Butter Croissant,Pastry,morning,94,1.1363636363636365
2025-02-12,chocolate_cookie,Chocolate Cookie,Dessert,morning,5,1.0
2025-02-12,coffee_bun_sweet_bun,Coffee Bun / Sweet Bun,Pastry,midday,7,6.728571428571429
2025-02-12,coffee_bun_sweet_bun,Coffee Bun / Sweet Bun,Pastry,morning,3,7.5
2025-02-12,country_sourdough,Country Sourdough,Bread,midday,29,2.0
2025-02-12,country_sourdough,Country Sourdough,Bread,morning,34,1.7451612903225806
2025-02-12,fruit_tart,Fruit Tart,Dessert,midday,20,4.46875
2025-02-12,fruit_tart,Fruit Tart,Dessert,morning,10,10.75
2025-02-12,ham_cheese_sandwich,Ham & Cheese Sandwich,Savory,midday,6,5.1
2025-02-12,ham_cheese_sandwich,Ham & Cheese Sandwich,Savory,morning,1,6.5
2025-02-12,pain_au_chocolat,Pain au Chocolat,Pastry,midday,8,1.2
2025-02-12,pain_au_chocolat,Pain au Chocolat,Pastry,morning,62,1.2
2025-02-12,traditional_baguette,Traditional Baguette,Bread,midday,184,1.1538461538461537
2025-02-12,traditional_baguette,Traditional Baguette,Bread,morning,329,1.1591194968553458
2025-02-13,brioche,Brioche,Pastry,morning,7,5.0
2025-02-13,brownie,Brownie,Dessert,evening,1,2.5
2025-02-13,butter_croissant,Butter Croissant,Pastry,evening,12,1.1
2025-02-13,butter_croissant,Butter Croissant,Pastry,midday,10,1.175
2025-02-13,butter_croissant,Butter Croissant,Pastry,morning,64,1.1285714285714288
2025-02-13,chocolate_cookie,Chocolate Cookie,Dessert,evening,1,1.0
2025-02-13,chocolate_cookie,Chocolate Cookie,Dessert,midday,2,1.0
2025-02-13,chocolate_cookie,Chocolate Cookie,Dessert,morning,10,1.0
2025-02-13,coffee_bun_sweet_bun,Coffee Bun / Sweet Bun,Pastry,evening,2,4.8
2025-02-13,coffee_bun_sweet_bun,Coffee Bun / Sweet Bun,Pastry,midday,7,5.7
2025-02-13,coffee_bun_sweet_bun,Coffee Bun / Sweet Bun,Pastry,morning,4,5.7
2025-02-13,country_sourdough,Country Sourdough,Bread,evening,9,1.55
2025-02-13,country_sourdough,Country Sourdough,Bread,midday,24,1.7684210526315791
2025-02-13,country_sourdough,Country Sourdough,Bread,morning,34,1.5499999999999998
2025-02-13,fruit_tart,Fruit Tart,Dessert,evening,2,2.5
2025-02-13,fruit_tart,Fruit Tart,Dessert,midday,1,2.5
2025-02-13,fruit_tart,Fruit Tart,Dessert,morning,8,4.333333333333333
2025-02-13,ham_cheese_sandwich,Ham & Cheese Sandwich,Savory,midday,26,5.0625
2025-02-13,ham_cheese_sandwich,Ham & Cheese Sandwich,Savory,morning,13,5.5
2025-02-13,pain_au_chocolat,Pain au Chocolat,Pastry,evening,4,1.2
2025-02-13,pain_au_chocolat,Pain au Chocolat,Pastry,midday,14,1.2
2025-02-13,pain_au_chocolat,Pain au Chocolat,Pastry,morning,41,1.2
2025-02-13,traditional_baguette,Traditional Baguette,Bread,evening,77,1.1962264150943396
2025-02-13,traditional_baguette,Traditional Baguette,Bread,midday,180,1.1519607843137254
2025-02-13,traditional_baguette,Traditional Baguette,Bread,morning,172,1.1354368932038834
2025-02-14,brioche,Brioche,Pastry,evening,1,5.0
2025-02-14,brioche,Brioche,Pastry,midday,2,5.0
2025-02-14,brioche,Brioche,Pastry,morning,4,3.95
2025-02-14,brownie,Brownie,Dessert,midday,3,2.5
2025-02-14,brownie,Brownie,Dessert,morning,1,2.5
2025-02-14,butter_croissant,Butter Croissant,Pastry,evening,4,1.1
2025-02-14,butter_croissant,Butter Croissant,Pastry,midday,6,1.325
2025-02-14,butter_croissant,Butter Croissant,Pastry,morning,60,1.1176470588235294
2025-02-14,chocolate_cookie,Chocolate Cookie,Dessert,midday,2,1.0
2025-02-14,chocolate_cookie,Chocolate Cookie,Dessert,morning,1,1.0
2025-02-14,coffee_bun_sweet_bun,Coffee Bun / Sweet Bun,Pastry,midday,1,2.1
2025-02-14,coffee_bun_sweet_bun,Coffee Bun / Sweet Bun,Pastry,morning,3,4.8
2025-02-14,country_sourdough,Country Sourdough,Bread,evening,11,1.9000000000000001
2025-02-14,country_sourdough,Country Sourdough,Bread,midday,35,1.8365384615384615
2025-02-14,country_sourdough,Country Sourdough,Bread,morning,24,1.5473684210526315
2025-02-14,fruit_tart,Fruit Tart,Dessert,evening,7,2.5
2025-02-14,fruit_tart,Fruit Tart,Dessert,midday,8,2.125
2025-02-14,fruit_tart,Fruit Tart,Dessert,morning,2,2.0
2025-02-14,ham_cheese_sandwich,Ham & Cheese Sandwich,Savory,midday,17,5.433333333333334
2025-02-14,ham_cheese_sandwich,Ham & Cheese Sandwich,Savory,morning,14,5.071428571428571
2025-02-14,pain_au_chocolat,Pain au Chocolat,Pastry,midday,6,1.2
2025-02-14,pain_au_chocolat,Pain au Chocolat,Pastry,morning,59,1.2
2025-02-14,traditional_baguette,Traditional Baguette,Bread,evening,51,1.2
2025-02-14,traditional_baguette,Traditional Baguette,Bread,midday,131,1.1826923076923077
2025-02-14,traditional_baguette,Traditional Baguette,Bread,morning,182,1.1146226415094338
2025-02-15,brioche,Brioche,Pastry,evening,1,5.0
2025-02-15,brioche,Brioche,Pastry,midday,4,5.0
2025-02-15,brioche,Brioche,Pastry,morning,6,5.0
2025-02-15,brownie,Brownie,Dessert,midday,2,2.5
2025-02-15,brownie,Brownie,Dessert,morning,2,2.5
2025-02-15,butter_croissant,Butter Croissant,Pastry,evening,2,1.4
2025-02-15,butter_croissant,Butter Croissant,Pastry,midday,7,1.2
2025-02-15,butter_croissant,Butter Croissant,Pastry,morning,141,1.1162162162162164
2025-02-15,chocolate_cookie,Chocolate Cookie,Dessert,evening,5,1.0
2025-02-15,chocolate_cookie,Chocolate Cookie,Dessert,midday,1,1.0
2025-02-15,chocolate_cookie,Chocolate Cookie,Dessert,morning,1,1.0
2025-02-15,coffee_bun_sweet_bun,Coffee Bun / Sweet Bun,Pastry,evening,1,7.5
2025-02-15,coffee_bun_sweet_bun,Coffee Bun / Sweet Bun,Pastry,midday,8,6.15
2025-02-15,coffee_bun_sweet_bun,Coffee Bun / Sweet Bun,Pastry,morning,10,5.7
2025-02-15,country_sourdough,Country Sourdough,Bread,evening,16,1.6727272727272726
2025-02-15,country_sourdough,Country Sourdough,Bread,midday,20,1.594736842105263
2025-02-15,country_sourdough,Country Sourdough,Bread,morning,27,1.682
2025-02-15,fruit_tart,Fruit Tart,Dessert,evening,3,7.666666666666667
2025-02-15,fruit_tart,Fruit Tart,Dessert,midday,8,4.666666666666667
2025-02-15,fruit_tart,Fruit Tart,Dessert,morning,4,2.6666666666666665
2025-02-15,ham_cheese_sandwich,Ham & Cheese Sandwich,Savory,midday,5,5.166666666666667
2025-02-15,ham_cheese_sandwich,Ham & Cheese Sandwich,Savory,morning,11,4.875
2025-02-15,pain_au_chocolat,Pain au Chocolat,Pastry,evening,1,1.2
2025-02-15,pain_au_chocolat,Pain au Chocolat,Pastry,midday,12,1.2
2025-02-15,pain_au_chocolat,Pain au Chocolat,Pastry,morning,90,1.2
2025-02-15,traditional_baguette,Traditional Baguette,Bread,evening,90,1.207142857142857
2025-02-15,traditional_baguette,Traditional Baguette,Bread,midday,202,1.1708333333333334
2025-02-15,traditional_baguette,Traditional Baguette,Bread,morning,272,1.155639097744361
2025-02-16,brioche,Brioche,Pastry,morning,7,5.0
2025-02-16,butter_croissant,Butter Croissant,Pastry,midday,8,1.2
2025-02-16,butter_croissant,Butter Croissant,Pastry,morning,185,1.1210526315789475
2025-02-16,chocolate_cookie,Chocolate Cookie,Dessert,midday,1,1.0
2025-02-16,coffee_bun_sweet_bun,Coffee Bun / Sweet Bun,Pastry,midday,8,6.15
2025-02-16,coffee_bun_sweet_bun,Coffee Bun / Sweet Bun,Pastry,morning,6,5.34
2025-02-16,country_sourdough,Country Sourdough,Bread,midday,15,1.5192307692307692
2025-02-16,country_sourdough,Country Sourdough,Bread,morning,87,1.7342465753424656
2025-02-16,fruit_tart,Fruit Tart,Dessert,midday,12,4.714285714285714
2025-02-16,fruit_tart,Fruit Tart,Dessert,morning,17,7.166666666666667
2025-02-16,ham_cheese_sandwich,Ham & Cheese Sandwich,Savory,morning,2,6.5
2025-02-16,pain_au_chocolat,Pain au Chocolat,Pastry,morning,120,1.2
2025-02-16,traditional_baguette,Traditional Baguette,Bread,midday,160,1.1265822784810127
2025-02-16,traditional_baguette,Traditional Baguette,Bread,morning,233,1.0955645161290322
2025-02-17,brioche,Brioche,Pastry,midday,2,5.0
2025-02-17,brioche,Brioche,Pastry,morning,3,5.0
2025-02-17,butter_croissant,Butter Croissant,Pastry,evening,3,1.1
2025-02-17,butter_croissant,Butter Croissant,Pastry,midday,13,1.2
2025-02-17,butter_croissant,Butter Croissant,Pastry,morning,106,1.1176470588235294
2025-02-17,chocolate_cookie,Chocolate Cookie,Dessert,midday,1,1.0
2025-02-17,coffee_bun_sweet_bun,Coffee Bun / Sweet Bun,Pastry,evening,2,2.1
2025-02-17,coffee_bun_sweet_bun,Coffee Bun / Sweet Bun,Pastry,midday,2,7.5
2025-02-17,country_sourdough,Country Sourdough,Bread,evening,14,1.6821428571428572
2025-02-17,country_sourdough,Country Sourdough,Bread,midday,26,1.7788461538461537
2025-02-17,country_sourdough,Country Sourdough,Bread,morning,42,1.5926470588235293
2025-02-17,fruit_tart,Fruit Tart,Dessert,evening,1,2.0
2025-02-17,fruit_tart,Fruit Tart,Dessert,midday,5,2.3333333333333335
2025-02-17,fruit_tart,Fruit Tart,Dessert,morning,5,2.0
2025-02-17,ham_cheese_sandwich,Ham & Cheese Sandwich,Savory,evening,1,4.5
2025-02-17,ham_cheese_sandwich,Ham & Cheese Sandwich,Savory,midday,12,5.722222222222222
2025-02-17,ham_cheese_sandwich,Ham & Cheese Sandwich,Savory,morning,2,6.5
2025-02-17,pain_au_chocolat,Pain au Chocolat,Pastry,evening,4,1.2
2025-02-17,pain_au_chocolat,Pain au Chocolat,Pastry,midday,6,1.2
2025-02-17,pain_au_chocolat,Pain au Chocolat,Pastry,morning,33,1.2
2025-02-17,traditional_baguette,Traditional Baguette,Bread,evening,38,1.1760869565217391
2025-02-17,traditional_baguette,Traditional Baguette,Bread,midday,164,1.2084210526315788
2025-02-17,traditional_baguette,Traditional Baguette,Bread,morning,231,1.1266666666666665
2025-02-18,brioche,Brioche,Pastry,midday,1,5.0
2025-02-18,brioche,Brioche,Pastry,morning,2,5.0
2025-02-18,butter_croissant,Butter Croissant,Pastry,midday,3,1.1
2025-02-18,butter_croissant,Butter Croissant,Pastry,morning,85,1.1333333333333333
2025-02-18,chocolate_cookie,Chocolate Cookie,Dessert,evening,5,1.0
2025-02-18,chocolate_cookie,Chocolate Cookie,Dessert,midday,3,1.0
2025-02-18,chocolate_cookie,Chocolate Cookie,Dessert,morning,3,1.0
2025-02-18,coffee_bun_sweet_bun,Coffee Bun / Sweet Bun,Pastry,evening,1,2.1
2025-02-18,coffee_bun_sweet_bun,Coffee Bun / Sweet Bun,Pastry,midday,7,6.42
2025-02-18,coffee_bun_sweet_bun,Coffee Bun / Sweet Bun,Pastry,morning,3,2.1
2025-02-18,country_sourdough,Country Sourdough,Bread,evening,8,1.8312499999999998
2025-02-18,country_sourdough,Country Sourdough,Bread,midday,14,1.7730769230769232
2025-02-18,country_sourdough,Country Sourdough,Bread,morning,29,1.65
2025-02-18,fruit_tart,Fruit Tart,Dessert,evening,1,2.0
2025-02-18,fruit_tart,Fruit Tart,Dessert,midday,5,2.25
2025-02-18,fruit_tart,Fruit Tart,Dessert,morning,1,2.0
2025-02-18,ham_cheese_sandwich,Ham & Cheese Sandwich,Savory,midday,18,5.1
2025-02-18,ham_cheese_sandwich,Ham & Cheese Sandwich,Savory,morning,7,5.166666666666667
2025-02-18,pain_au_chocolat,Pain au Chocolat,Pastry,midday,6,1.2
2025-02-18,pain_au_chocolat,Pain au Chocolat,Pastry,morning,59,1.2
2025-02-18,traditional_baguette,Traditional Baguette,Bread,evening,48,1.1661290322580644
2025-02-18,traditional_baguette,Traditional Baguette,Bread,midday,136,1.1722972972972974
2025-02-18,traditional_baguette,Traditional Baguette,Bread,morning,218,1.1239669421487604
2025-02-19,brioche,Brioche,Pastry,evening,3,5.0
2025-02-19,brioche,Brioche,Pastry,midday,1,5.0
2025-02-19,brioche,Brioche,Pastry,morning,2,5.0
2025-02-19,brownie,Brownie,Dessert,morning,1,2.5
2025-02-19,butter_croissant,Butter Croissant,Pastry,evening,1,1.1
2025-02-19,butter_croissant,Butter Croissant,Pastry,midday,21,1.175
2025-02-19,butter_croissant,Butter Croissant,Pastry,morning,46,1.1
2025-02-19,chocolate_cookie,Chocolate Cookie,Dessert,midday,1,1.0
2025-02-19,chocolate_cookie,Chocolate Cookie,Dessert,morning,7,1.0
2025-02-19,coffee_bun_sweet_bun,Coffee Bun / Sweet Bun,Pastry,evening,1,2.1
2025-02-19,coffee_bun_sweet_bun,Coffee Bun / Sweet Bun,Pastry,midday,5,2.1
2025-02-19,coffee_bun_sweet_bun,Coffee Bun / Sweet Bun,Pastry,morning,2,7.5
2025-02-19,country_sourdough,Country Sourdough,Bread,evening,8,2.0
2025-02-19,country_sourdough,Country Sourdough,Bread,midday,12,2.025
2025-02-19,country_sourdough,Country Sourdough,Bread,morning,26,1.8
2025-02-19,fruit_tart,Fruit Tart,Dessert,midday,4,2.0
2025-02-19,fruit_tart,Fruit Tart,Dessert,morning,3,2.0
2025-02-19,ham_cheese_sandwich,Ham & Cheese Sandwich,Savory,midday,21,5.6875
2025-02-19,ham_cheese_sandwich,Ham & Cheese Sandwich,Savory,morning,13,5.0
2025-02-19,pain_au_chocolat,Pain au Chocolat,Pastry,midday,7,1.2
2025-02-19,pain_au_chocolat,Pain au Chocolat,Pastry,morning,25,1.2
2025-02-19,traditional_baguette,Traditional Baguette,Bread,evening,49,1.1863636363636363
2025-02-19,traditional_baguette,Traditional Baguette,Bread,midday,138,1.154320987654321
2025-02-19,traditional_baguette,Traditional Baguette,Bread,morning,199,1.1321100917431193
2025-02-20,brioche,Brioche,Pastry,morning,3,5.0
2025-02-20,butter_croissant,Butter Croissant,Pastry,evening,4,1.1
2025-02-20,butter_croissant,Butter Croissant,Pastry,midday,5,1.2
2025-02-20,butter_croissant,Butter Croissant,Pastry,morning,52,1.115
2025-02-20,chocolate_cookie,Chocolate Cookie,Dessert,midday,6,1.0
2025-02-20,chocolate_cookie,Chocolate Cookie,Dessert,morning,7,1.0
2025-02-20,coffee_bun_sweet_bun,Coffee Bun / Sweet Bun,Pastry,midday,1,2.1
2025-02-20,coffee_bun_sweet_bun,Coffee Bun / Sweet Bun,Pastry,morning,1,2.1
2025-02-20,country_sourdough,Country Sourdough,Bread,evening,36,1.6078124999999999
2025-02-20,country_sourdough,Country Sourdough,Bread,midday,14,1.825
2025-02-20,country_sourdough,Country Sourdough,Bread,morning,35,1.5903846153846155
2025-02-20,fruit_tart,Fruit Tart,Dessert,evening,8,2.125
2025-02-20,fruit_tart,Fruit Tart,Dessert,midday,2,2.0
2025-02-20,ham_cheese_sandwich,Ham & Cheese Sandwich,Savory,midday,21,5.366666666666666
2025-02-20,ham_cheese_sandwich,Ham & Cheese Sandwich,Savory,morning,10,5.166666666666667
2025-02-20,pain_au_chocolat,Pain au Chocolat,Pastry,evening,3,1.2
2025-02-20,pain_au_chocolat,Pain au Chocolat,Pastry,midday,5,1.2
2025-02-20,pain_au_chocolat,Pain au Chocolat,Pastry,morning,60,1.2
2025-02-20,traditional_baguette,Traditional Baguette,Bread,evening,14,1.1333333333333333
2025-02-20,traditional_baguette,Traditional Baguette,Bread,midday,141,1.1547619047619047
2025-02-20,traditional_baguette,Traditional Baguette,Bread,morning,175,1.1054455445544553
2025-02-21,brioche,Brioche,Pastry,midday,4,5.0
2025-02-21,brioche,Brioche,Pastry,morning,6,4.3
2025-02-21,butter_croissant,Butter Croissant,Pastry,evening,4,1.1
2025-02-21,butter_croissant,Butter Croissant,Pastry,midday,2,1.1
2025-02-21,butter_croissant,Butter Croissant,Pastry,morning,68,1.1111111111111112
2025-02-21,chocolate_cookie,Chocolate Cookie,Dessert,evening,3,1.0
2025-02-21,chocolate_cookie,Chocolate Cookie,Dessert,midday,4,1.0
2025-02-21,chocolate_cookie,Chocolate Cookie,Dessert,morning,3,1.0
2025-02-21,coffee_bun_sweet_bun,Coffee Bun / Sweet Bun,Pastry,evening,1,7.5
2025-02-21,coffee_bun_sweet_bun,Coffee Bun / Sweet Bun,Pastry,midday,5,5.7
2025-02-21,coffee_bun_sweet_bun,Coffee Bun / Sweet Bun,Pastry,morning,3,2.1
2025-02-21,country_sourdough,Country Sourdough,Bread,evening,10,2.5875
2025-02-21,country_sourdough,Country Sourdough,Bread,midday,27,1.7111111111111112
2025-02-21,country_sourdough,Country Sourdough,Bread,morning,33,1.4807692307692308
2025-02-21,fruit_tart,Fruit Tart,Dessert,evening,5,12.666666666666666
2025-02-21,fruit_tart,Fruit Tart,Dessert,midday,30,5.4
2025-02-21,fruit_tart,Fruit Tart,Dessert,morning,1,2.0
2025-02-21,ham_cheese_sandwich,Ham & Cheese Sandwich,Savory,midday,28,4.815789473684211
2025-02-21,ham_cheese_sandwich,Ham & Cheese Sandwich,Savory,morning,8,4.5
2025-02-21,pain_au_chocolat,Pain au Chocolat,Pastry,evening,4,1.2
2025-02-21,pain_au_chocolat,Pain au Chocolat,Pastry,midday,3,1.2
2025-02-21,pain_au_chocolat,Pain au Chocolat,Pastry,morning,67,1.2
2025-02-21,traditional_baguette,Traditional Baguette,Bread,evening,60,1.1614285714285715
2025-02-21,traditional_baguette,Traditional Baguette,Bread,midday,110,1.147142857142857
2025-02-21,traditional_baguette,Traditional Baguette,Bread,morning,170,1.1357843137254902
2025-02-22,brioche,Brioche,Pastry,evening,3,2.9
2025-02-22,brioche,Brioche,Pastry,midday,6,3.6
2025-02-22,brioche,Brioche,Pastry,morning,10,5.0
2025-02-22,butter_croissant,Butter Croissant,Pastry,evening,1,1.4
2025-02-22,butter_croissant,Butter Croissant,Pastry,morning,119,1.1088235294117648
2025-02-22,chocolate_cookie,Chocolate Cookie,Dessert,evening,3,1.0
2025-02-22,chocolate_cookie,Chocolate Cookie,Dessert,midday,8,1.0
2025-02-22,chocolate_cookie,Chocolate Cookie,Dessert,morning,1,1.0
2025-02-22,coffee_bun_sweet_bun,Coffee Bun / Sweet Bun,Pastry,evening,1,2.1
2025-02-22,coffee_bun_sweet_bun,Coffee Bun / Sweet Bun,Pastry,midday,6,7.5
2025-02-22,coffee_bun_sweet_bun,Coffee Bun / Sweet Bun,Pastry,morning,11,3.45
2025-02-22,country_sourdough,Country Sourdough,Bread,evening,11,1.9090909090909092
2025-02-22,country_sourdough,Country Sourdough,Bread,midday,23,1.7184210526315788
2025-02-22,country_sourdough,Country Sourdough,Bread,morning,34,1.5739130434782609
2025-02-22,fruit_tart,Fruit Tart,Dessert,evening,1,2.5
2025-02-22,fruit_tart,Fruit Tart,Dessert,midday,7,4.333333333333333
2025-02-22,fruit_tart,Fruit Tart,Dessert,morning,3,7.0
2025-02-22,ham_cheese_sandwich,Ham & Cheese Sandwich,Savory,midday,3,3.8333333333333335
2025-02-22,ham_cheese_sandwich,Ham & Cheese Sandwich,Savory,morning,5,5.833333333333333
2025-02-22,pain_au_chocolat,Pain au Chocolat,Pastry,evening,13,1.2
2025-02-22,pain_au_chocolat,Pain au Chocolat,Pastry,midday,11,1.2
2025-02-22,pain_au_chocolat,Pain au Chocolat,Pastry,morning,88,1.2
2025-02-22,traditional_baguette,Traditional Baguette,Bread,evening,74,1.1749999999999998
2025-02-22,traditional_baguette,Traditional Baguette,Bread,midday,172,1.1742268041237112
2025-02-22,traditional_baguette,Traditional Baguette,Bread,morning,236,1.1304878048780487
2025-02-23,brioche,Brioche,Pastry,midday,23,3.95
2025-02-23,brioche,Brioche,Pastry,morning,5,5.0
2025-02-23,butter_croissant,Butter Croissant,Pastry,midday,14,1.1375000000000002
2025-02-23,butter_croissant,Butter Croissant,Pastry,morning,142,1.132608695652174
2025-02-23,chocolate_cookie,Chocolate Cookie,Dessert,midday,6,1.0
2025-02-23,chocolate_cookie,Chocolate Cookie,Dessert,morning,1,1.0
2025-02-23,coffee_bun_sweet_bun,Coffee Bun / Sweet Bun,Pastry,midday,8,4.8
2025-02-23,coffee_bun_sweet_bun,Coffee Bun / Sweet Bun,Pastry,morning,8,5.34
2025-02-23,country_sourdough,Country Sourdough,Bread,midday,25,1.8523809523809522
2025-02-23,country_sourdough,Country Sourdough,Bread,morning,57,1.6901960784313725
2025-02-23,fruit_tart,Fruit Tart,Dessert,midday,16,2.0
2025-02-23,fruit_tart,Fruit Tart,Dessert,morning,20,3.4545454545454546
2025-02-23,ham_cheese_sandwich,Ham & Cheese Sandwich,Savory,midday,4,5.833333333333333
2025-02-23,ham_cheese_sandwich,Ham & Cheese Sandwich,Savory,morning,3,4.5
2025-02-23,pain_au_chocolat,Pain au Chocolat,Pastry,midday,11,1.2
2025-02-23,pain_au_chocolat,Pain au Chocolat,Pastry,morning,101,1.2
2025-02-23,traditional_baguette,Traditional Baguette,Bread,midday,218,1.1584745762711863
2025-02-23,traditional_baguette,Traditional Baguette,Bread,morning,349,1.1401785714285713
2025-02-24,brioche,Brioche,Pastry,midday,2,5.0
2025-02-24,brioche,Brioche,Pastry,morning,5,5.0
2025-02-24,butter_croissant,Butter Croissant,Pastry,evening,5,1.25
2025-02-24,butter_croissant,Butter Croissant,Pastry,midday,7,1.2
2025-02-24,butter_croissant,Butter Croissant,Pastry,morning,69,1.128125
2025-02-24,chocolate_cookie,Chocolate Cookie,Dessert,evening,2,1.0
2025-02-24,chocolate_cookie,Chocolate Cookie,Dessert,midday,1,1.0
2025-02-24,chocolate_cookie,Chocolate Cookie,Dessert,morning,5,1.0
2025-02-24,coffee_bun_sweet_bun,Coffee Bun / Sweet Bun,Pastry,evening,3,3.9
2025-02-24,coffee_bun_sweet_bun,Coffee Bun / Sweet Bun,Pastry,midday,3,7.5
2025-02-24,country_sourdough,Country Sourdough,Bread,evening,20,1.905
2025-02-24,country_sourdough,Country Sourdough,Bread,midday,17,1.9352941176470588
2025-02-24,country_sourdough,Country Sourdough,Bread,morning,33,1.6500000000000001
2025-02-24,fruit_tart,Fruit Tart,Dessert,evening,11,3.8333333333333335
2025-02-24,fruit_tart,Fruit Tart,Dessert,midday,4,2.0
2025-02-24,fruit_tart,Fruit Tart,Dessert,morning,4,5.666666666666667
2025-02-24,ham_cheese_sandwich,Ham & Cheese Sandwich,Savory,midday,20,5.318181818181818
2025-02-24,ham_cheese_sandwich,Ham & Cheese Sandwich,Savory,morning,5,5.75
2025-02-24,pain_au_chocolat,Pain au Chocolat,Pastry,evening,7,1.2
2025-02-24,pain_au_chocolat,Pain au Chocolat,Pastry,midday,3,1.2
2025-02-24,pain_au_chocolat,Pain au Chocolat,Pastry,morning,34,1.2
2025-02-24,traditional_baguette,Traditional Baguette,Bread,evening,110,1.1707692307692308
2025-02-24,traditional_baguette,Traditional Baguette,Bread,midday,149,1.1566666666666665
2025-02-24,traditional_baguette,Traditional Baguette,Bread,morning,200,1.1388888888888888
2025-02-25,brioche,Brioche,Pastry,evening,2,5.0
2025-02-25,brioche,Brioche,Pastry,midday,1,5.0
2025-02-25,brioche,Brioche,Pastry,morning,6,5.0
2025-02-25,butter_croissant,Butter Croissant,Pastry,evening,8,1.175
2025-02-25,butter_croissant,Butter Croissant,Pastry,midday,6,1.1
2025-02-25,butter_croissant,Butter Croissant,Pastry,morning,50,1.145
2025-02-25,chocolate_cookie,Chocolate Cookie,Dessert,evening,1,1.0
2025-02-25,chocolate_cookie,Chocolate Cookie,Dessert,morning,9,1.0
2025-02-25,coffee_bun_sweet_bun,Coffee Bun / Sweet Bun,Pastry,morning,6,6.42
2025-02-25,country_sourdough,Country Sourdough,Bread,evening,10,1.3777777777777778
2025-02-25,country_sourdough,Country Sourdough,Bread,midday,29,1.798148148148148
2025-02-25,country_sourdough,Country Sourdough,Bread,morning,36,1.7951612903225806
2025-02-25,fruit_tart,Fruit Tart,Dessert,midday,3,2.5
2025-02-25,fruit_tart,Fruit Tart,Dessert,morning,1,12.0
2025-02-25,ham_cheese_sandwich,Ham & Cheese Sandwich,Savory,midday,10,5.277777777777778
2025-02-25,ham_cheese_sandwich,Ham & Cheese Sandwich,Savory,morning,6,5.5
2025-02-25,pain_au_chocolat,Pain au Chocolat,Pastry,midday,4,1.2
2025-02-25,pain_au_chocolat,Pain au Chocolat,Pastry,morning,31,1.2
2025-02-25,traditional_baguette,Traditional Baguette,Bread,evening,49,1.1983333333333335
2025-02-25,traditional_baguette,Traditional Baguette,Bread,midday,179,1.137037037037037
2025-02-25,traditional_baguette,Traditional Baguette,Bread,morning,141,1.175974025974026
2025-02-26,brioche,Brioche,Pastry,evening,1,5.0
2025-02-26,brioche,Brioche,Pastry,morning,3,5.0
2025-02-26,butter_croissant,Butter Croissant,Pastry,midday,11,1.1428571428571428
2025-02-26,butter_croissant,Butter Croissant,Pastry,morning,87,1.1125
2025-02-26,chocolate_cookie,Chocolate Cookie,Dessert,evening,9,1.0
2025-02-26,chocolate_cookie,Chocolate Cookie,Dessert,morning,4,1.0
2025-02-26,coffee_bun_sweet_bun,Coffee Bun / Sweet Bun,Pastry,evening,8,4.26
2025-02-26,coffee_bun_sweet_bun,Coffee Bun / Sweet Bun,Pastry,midday,3,5.7
2025-02-26,coffee_bun_sweet_bun,Coffee Bun / Sweet Bun,Pastry,morning,2,7.5
2025-02-26,country_sourdough,Country Sourdough,Bread,evening,9,1.8166666666666669
2025-02-26,country_sourdough,Country Sourdough,Bread,midday,13,2.358333333333333
2025-02-26,country_sourdough,Country Sourdough,Bread,morning,24,1.5174999999999998
2025-02-26,fruit_tart,Fruit Tart,Dessert,evening,3,2.0
2025-02-26,fruit_tart,Fruit Tart,Dessert,midday,1,2.0
2025-02-26,fruit_tart,Fruit Tart,Dessert,morning,2,3.0
2025-02-26,ham_cheese_sandwich,Ham & Cheese Sandwich,Savory,midday,15,5.409090909090909
2025-02-26,ham_cheese_sandwich,Ham & Cheese Sandwich,Savory,morning,5,6.5
2025-02-26,pain_au_chocolat,Pain au Chocolat,Pastry,evening,5,1.2
2025-02-26,pain_au_chocolat,Pain au Chocolat,Pastry,midday,2,1.2
2025-02-26,pain_au_chocolat,Pain au Chocolat,Pastry,morning,57,1.2
2025-02-26,traditional_baguette,Traditional Baguette,Bread,evening,70,1.1705128205128206
2025-02-26,traditional_baguette,Traditional Baguette,Bread,midday,153,1.1747191011235956
2025-02-26,traditional_baguette,Traditional Baguette,Bread,morning,183,1.1212264150943396
2025-02-27,brioche,Brioche,Pastry,evening,2,5.0
2025-02-27,brioche,Brioche,Pastry,midday,3,5.0
2025-02-27,brioche,Brioche,Pastry,morning,2,5.0
2025-02-27,butter_croissant,Butter Croissant,Pastry,evening,3,1.3
2025-02-27,butter_croissant,Butter Croissant,Pastry,morning,54,1.115
2025-02-27,chocolate_cookie,Chocolate Cookie,Dessert,midday,7,1.0
2025-02-27,chocolate_cookie,Chocolate Cookie,Dessert,morning,2,1.0
2025-02-27,coffee_bun_sweet_bun,Coffee Bun / Sweet Bun,Pastry,evening,9,4.8
2025-02-27,coffee_bun_sweet_bun,Coffee Bun / Sweet Bun,Pastry,midday,2,4.8
2025-02-27,coffee_bun_sweet_bun,Coffee Bun / Sweet Bun,Pastry,morning,4,6.15
2025-02-27,country_sourdough,Country Sourdough,Bread,evening,10,1.4625
2025-02-27,country_sourdough,Country Sourdough,Bread,midday,20,1.688235294117647
2025-02-27,country_sourdough,Country Sourdough,Bread,morning,20,1.773684210526316
2025-02-27,fruit_tart,Fruit Tart,Dessert,midday,14,2.4285714285714284
2025-02-27,fruit_tart,Fruit Tart,Dessert,morning,1,3.0
2025-02-27,ham_cheese_sandwich,Ham & Cheese Sandwich,Savory,evening,1,4.5
2025-02-27,ham_cheese_sandwich,Ham & Cheese Sandwich,Savory,midday,15,5.666666666666667
2025-02-27,ham_cheese_sandwich,Ham & Cheese Sandwich,Savory,morning,6,4.7
2025-02-27,pain_au_chocolat,Pain au Chocolat,Pastry,evening,3,1.2
2025-02-27,pain_au_chocolat,Pain au Chocolat,Pastry,midday,5,1.2
2025-02-27,pain_au_chocolat,Pain au Chocolat,Pastry,morning,32,1.2
2025-02-27,traditional_baguette,Traditional Baguette,Bread,evening,81,1.1778846153846154
2025-02-27,traditional_baguette,Traditional Baguette,Bread,midday,149,1.154375
2025-02-27,traditional_baguette,Traditional Baguette,Bread,morning,178,1.1586021505376345
2025-02-28,brioche,Brioche,Pastry,evening,2,5.0
2025-02-28,brioche,Brioche,Pastry,midday,2,5.0
2025-02-28,brioche,Brioche,Pastry,morning,2,5.0
2025-02-28,butter_croissant,Butter Croissant,Pastry,evening,2,1.25
2025-02-28,butter_croissant,Butter Croissant,Pastry,midday,9,1.25
2025-02-28,butter_croissant,Butter Croissant,Pastry,morning,49,1.1157894736842107
2025-02-28,chocolate_cookie,Chocolate Cookie,Dessert,evening,2,1.0
2025-02-28,chocolate_cookie,Chocolate Cookie,Dessert,midday,3,1.0
2025-02-28,coffee_bun_sweet_bun,Coffee Bun / Sweet Bun,Pastry,evening,9,5.7
2025-02-28,coffee_bun_sweet_bun,Coffee Bun / Sweet Bun,Pastry,midday,2,2.1
2025-02-28,coffee_bun_sweet_bun,Coffee Bun / Sweet Bun,Pastry,morning,8,5.7
2025-02-28,country_sourdough,Country Sourdough,Bread,evening,10,1.675
2025-02-28,country_sourdough,Country Sourdough,Bread,midday,27,1.5630434782608693
2025-02-28,country_sourdough,Country Sourdough,Bread,morning,20,1.5861111111111112
2025-02-28,fruit_tart,Fruit Tart,Dessert,midday,7,2.6666666666666665
2025-02-28,fruit_tart,Fruit Tart,Dessert,morning,4,2.0
2025-02-28,ham_cheese_sandwich,Ham & Cheese Sandwich,Savory,midday,9,5.388888888888889
2025-02-28,ham_cheese_sandwich,Ham & Cheese Sandwich,Savory,morning,7,4.5
2025-02-28,pain_au_chocolat,Pain au Chocolat,Pastry,evening,2,1.2
2025-02-28,pain_au_chocolat,Pain au Chocolat,Pastry,midday,2,1.2
2025-02-28,pain_au_chocolat,Pain au Chocolat,Pastry,morning,57,1.2
2025-02-28,traditional_baguette,Traditional Baguette,Bread,evening,73,1.2028571428571428
2025-02-28,traditional_baguette,Traditional Baguette,Bread,midday,160,1.1191011235955055
2025-02-28,traditional_baguette,Traditional Baguette,Bread,morning,172,1.1407608695652174
2025-03-01,brioche,Brioche,Pastry,evening,3,5.0
2025-03-01,brioche,Brioche,Pastry,midday,7,5.0
2025-03-01,brioche,Brioche,Pastry,morning,4,5.0
2025-03-01,butter_croissant,Butter Croissant,Pastry,evening,5,1.3
2025-03-01,butter_croissant,Butter Croissant,Pastry,midday,16,1.1
2025-03-01,butter_croissant,Butter Croissant,Pastry,morning,71,1.1346153846153846
2025-03-01,chocolate_cookie,Chocolate Cookie,Dessert,midday,6,1.0
2025-03-01,chocolate_cookie,Chocolate Cookie,Dessert,morning,4,1.0
2025-03-01,coffee_bun_sweet_bun,Coffee Bun / Sweet Bun,Pastry,evening,2,7.5
2025-03-01,coffee_bun_sweet_bun,Coffee Bun / Sweet Bun,Pastry,midday,14,5.34
2025-03-01,coffee_bun_sweet_bun,Coffee Bun / Sweet Bun,Pastry,morning,5,4.8
2025-03-01,country_sourdough,Country Sourdough,Bread,evening,7,1.5714285714285714
2025-03-01,country_sourdough,Country Sourdough,Bread,midday,16,1.8533333333333333
2025-03-01,country_sourdough,Country Sourdough,Bread,morning,29,1.8788461538461538
2025-03-01,fruit_tart,Fruit Tart,Dessert,evening,8,3.8333333333333335
2025-03-01,fruit_tart,Fruit Tart,Dessert,midday,7,2.0
2025-03-01,fruit_tart,Fruit Tart,Dessert,morning,4,6.5
2025-03-01,ham_cheese_sandwich,Ham & Cheese Sandwich,Savory,midday,5,6.5
2025-03-01,ham_cheese_sandwich,Ham & Cheese Sandwich,Savory,morning,3,4.833333333333333
2025-03-01,pain_au_chocolat,Pain au Chocolat,Pastry,evening,3,1.2
2025-03-01,pain_au_chocolat,Pain au Chocolat,Pastry,midday,15,1.2
2025-03-01,pain_au_chocolat,Pain au Chocolat,Pastry,morning,70,1.2
2025-03-01,traditional_baguette,Traditional Baguette,Bread,evening,74,1.1922222222222223
2025-03-01,traditional_baguette,Traditional Baguette,Bread,midday,177,1.172872340425532
2025-03-01,traditional_baguette,Traditional Baguette,Bread,morning,231,1.1540983606557376
2025-03-02,brioche,Brioche,Pastry,morning,8,5.0
2025-03-02,butter_croissant,Butter Croissant,Pastry,midday,15,1.1
2025-03-02,butter_croissant,Butter Croissant,Pastry,morning,124,1.1127659574468085
2025-03-02,chocolate_cookie,Chocolate Cookie,Dessert,morning,6,1.0
2025-03-02,coffee_bun_sweet_bun,Coffee Bun / Sweet Bun,Pastry,midday,11,2.1
2025-03-02,coffee_bun_sweet_bun,Coffee Bun / Sweet Bun,Pastry,morning,20,5.25
2025-03-02,country_sourdough,Country Sourdough,Bread,midday,30,1.9346153846153844
2025-03-02,country_sourdough,Country Sourdough,Bread,morning,51,1.651219512195122
2025-03-02,fruit_tart,Fruit Tart,Dessert,midday,14,4.6
2025-03-02,fruit_tart,Fruit Tart,Dessert,morning,21,3.6666666666666665
2025-03-02,ham_cheese_sandwich,Ham & Cheese Sandwich,Savory,midday,4,4.833333333333333
2025-03-02,pain_au_chocolat,Pain au Chocolat,Pastry,midday,5,1.2
2025-03-02,pain_au_chocolat,Pain au Chocolat,Pastry,morning,99,1.2
2025-03-02,traditional_baguette,Traditional Baguette,Bread,midday,257,1.1667857142857143
2025-03-02,traditional_baguette,Traditional Baguette,Bread,morning,343,1.135151515151515
2025-03-03,brioche,Brioche,Pastry,midday,3,5.0
2025-03-03,brioche,Brioche,Pastry,morning,3,5.0
2025-03-03,butter_croissant,Butter Croissant,Pastry,midday,12,1.1
2025-03-03,butter_croissant,Butter Croissant,Pastry,morning,106,1.1236842105263158
2025-03-03,chocolate_cookie,Chocolate Cookie,Dessert,morning,3,1.0
2025-03-03,coffee_bun_sweet_bun,Coffee Bun / Sweet Bun,Pastry,midday,3,7.5
2025-03-03,coffee_bun_sweet_bun,Coffee Bun / Sweet Bun,Pastry,morning,3,3.9
2025-03-03,country_sourdough,Country Sourdough,Bread,midday,29,1.9000000000000001
2025-03-03,country_sourdough,Country Sourdough,Bread,morning,28,1.7634615384615384
2025-03-03,fruit_tart,Fruit Tart,Dessert,midday,5,2.0
2025-03-03,fruit_tart,Fruit Tart,Dessert,morning,7,2.25
2025-03-03,ham_cheese_sandwich,Ham & Cheese Sandwich,Savory,midday,10,5.5
2025-03-03,ham_cheese_sandwich,Ham & Cheese Sandwich,Savory,morning,4,5.833333333333333
2025-03-03,pain_au_chocolat,Pain au Chocolat,Pastry,midday,10,1.2
2025-03-03,pain_au_chocolat,Pain au Chocolat,Pastry,morning,99,1.2
2025-03-03,traditional_baguette,Traditional Baguette,Bread,midday,202,1.1495762711864408
2025-03-03,traditional_baguette,Traditional Baguette,Bread,morning,262,1.1163333333333332
2025-03-04,brioche,Brioche,Pastry,midday,3,5.0
2025-03-04,brioche,Brioche,Pastry,morning,5,5.0
2025-03-04,butter_croissant,Butter Croissant,Pastry,evening,6,1.1600000000000001
2025-03-04,butter_croissant,Butter Croissant,Pastry,midday,14,1.1857142857142857
2025-03-04,butter_croissant,Butter Croissant,Pastry,morning,87,1.1115384615384616
2025-03-04,chocolate_cookie,Chocolate Cookie,Dessert,morning,11,1.0
2025-03-04,coffee_bun_sweet_bun,Coffee Bun / Sweet Bun,Pastry,evening,1,2.1
2025-03-04,coffee_bun_sweet_bun,Coffee Bun / Sweet Bun,Pastry,midday,3,3.9
2025-03-04,coffee_bun_sweet_bun,Coffee Bun / Sweet Bun,Pastry,morning,5,6.42
2025-03-04,country_sourdough,Country Sourdough,Bread,evening,34,1.806896551724138
2025-03-04,country_sourdough,Country Sourdough,Bread,midday,23,1.8050000000000002
2025-03-04,country_sourdough,Country Sourdough,Bread,morning,30,1.593181818181818
2025-03-04,fruit_tart,Fruit Tart,Dessert,evening,9,4.5
2025-03-04,fruit_tart,Fruit Tart,Dessert,midday,8,4.0
2025-03-04,fruit_tart,Fruit Tart,Dessert,morning,5,6.25
2025-03-04,ham_cheese_sandwich,Ham & Cheese Sandwich,Savory,midday,8,5.375
2025-03-04,ham_cheese_sandwich,Ham & Cheese Sandwich,Savory,morning,7,4.7
2025-03-04,pain_au_chocolat,Pain au Chocolat,Pastry,evening,9,1.2
2025-03-04,pain_au_chocolat,Pain au Chocolat,Pastry,midday,4,1.2
2025-03-04,pain_au_chocolat,Pain au Chocolat,Pastry,morning,83,1.2
2025-03-04,traditional_baguette,Traditional Baguette,Bread,evening,36,1.0479166666666666
2025-03-04,traditional_baguette,Traditional Baguette,Bread,midday,212,1.1650862068965517
2025-03-04,traditional_baguette,Traditional Baguette,Bread,morning,220,1.1264705882352941
2025-03-05,brioche,Brioche,Pastry,evening,1,5.0
2025-03-05,brioche,Brioche,Pastry,morning,3,5.0
2025-03-05,butter_croissant,Butter Croissant,Pastry,evening,1,1.1
2025-03-05,butter_croissant,Butter Croissant,Pastry,midday,5,1.175
2025-03-05,butter_croissant,Butter Croissant,Pastry,morning,58,1.1625
2025-03-05,chocolate_cookie,Chocolate Cookie,Dessert,evening,6,1.0
2025-03-05,chocolate_cookie,Chocolate Cookie,Dessert,morning,10,1.0
2025-03-05,coffee_bun_sweet_bun,Coffee Bun / Sweet Bun,Pastry,evening,9,2.1
2025-03-05,coffee_bun_sweet_bun,Coffee Bun / Sweet Bun,Pastry,midday,8,5.34
2025-03-05,coffee_bun_sweet_bun,Coffee Bun / Sweet Bun,Pastry,morning,3,4.8
2025-03-05,country_sourdough,Country Sourdough,Bread,evening,10,1.9749999999999999
2025-03-05,country_sourdough,Country Sourdough,Bread,midday,20,1.8666666666666667
2025-03-05,country_sourdough,Country Sourdough,Bread,morning,26,1.7026315789473685
2025-03-05,fruit_tart,Fruit Tart,Dessert,midday,5,2.125
2025-03-05,ham_cheese_sandwich,Ham & Cheese Sandwich,Savory,midday,7,5.357142857142857
2025-03-05,ham_cheese_sandwich,Ham & Cheese Sandwich,Savory,morning,4,4.5
2025-03-05,pain_au_chocolat,Pain au Chocolat,Pastry,evening,4,1.2
2025-03-05,pain_au_chocolat,Pain au Chocolat,Pastry,midday,9,1.2
2025-03-05,pain_au_chocolat,Pain au Chocolat,Pastry,morning,61,1.2
2025-03-05,traditional_baguette,Traditional Baguette,Bread,evening,51,1.1581081081081082
2025-03-05,traditional_baguette,Traditional Baguette,Bread,midday,210,1.1629310344827586
2025-03-05,traditional_baguette,Traditional Baguette,Bread,morning,173,1.1295698924731183
2025-03-06,brioche,Brioche,Pastry,evening,4,5.0
2025-03-06,brioche,Brioche,Pastry,midday,4,5.0
2025-03-06,brioche,Brioche,Pastry,morning,1,5.0
2025-03-06,butter_croissant,Butter Croissant,Pastry,midday,17,1.1500000000000001
2025-03-06,butter_croissant,Butter Croissant,Pastry,morning,47,1.12
2025-03-06,chocolate_cookie,Chocolate Cookie,Dessert,midday,10,1.0
2025-03-06,coffee_bun_sweet_bun,Coffee Bun / Sweet Bun,Pastry,evening,5,2.1
2025-03-06,coffee_bun_sweet_bun,Coffee Bun / Sweet Bun,Pastry,midday,6,4.26
2025-03-06,coffee_bun_sweet_bun,Coffee Bun / Sweet Bun,Pastry,morning,5,6.15
2025-03-06,country_sourdough,Country Sourdough,Bread,evening,18,1.8333333333333333
2025-03-06,country_sourdough,Country Sourdough,Bread,midday,23,1.7921052631578946
2025-03-06,country_sourdough,Country Sourdough,Bread,morning,20,1.6472222222222221
2025-03-06,fruit_tart,Fruit Tart,Dessert,evening,2,2.0
2025-03-06,fruit_tart,Fruit Tart,Dessert,midday,8,2.0
2025-03-06,fruit_tart,Fruit Tart,Dessert,morning,2,2.0
2025-03-06,ham_cheese_sandwich,Ham & Cheese Sandwich,Savory,midday,17,5.681818181818182
2025-03-06,ham_cheese_sandwich,Ham & Cheese Sandwich,Savory,morning,3,4.833333333333333
2025-03-06,pain_au_chocolat,Pain au Chocolat,Pastry,evening,2,1.2
2025-03-06,pain_au_chocolat,Pain au Chocolat,Pastry,midday,16,1.2
2025-03-06,pain_au_chocolat,Pain au Chocolat,Pastry,morning,37,1.2
2025-03-06,traditional_baguette,Traditional Baguette,Bread,evening,73,1.1760416666666667
2025-03-06,traditional_baguette,Traditional Baguette,Bread,midday,202,1.1596153846153845
2025-03-06,traditional_baguette,Traditional Baguette,Bread,morning,186,1.1430693069306932
2025-03-07,brioche,Brioche,Pastry,midday,2,5.0
2025-03-07,butter_croissant,Butter Croissant,Pastry,evening,9,1.22
2025-03-07,butter_croissant,Butter Croissant,Pastry,midday,10,1.1
2025-03-07,butter_croissant,Butter Croissant,Pastry,morning,59,1.1428571428571428
2025-03-07,chocolate_cookie,Chocolate Cookie,Dessert,evening,4,1.0
2025-03-07,chocolate_cookie,Chocolate Cookie,Dessert,midday,7,1.0
2025-03-07,chocolate_cookie,Chocolate Cookie,Dessert,morning,10,1.0
2025-03-07,coffee_bun_sweet_bun,Coffee Bun / Sweet Bun,Pastry,evening,3,5.7
2025-03-07,coffee_bun_sweet_bun,Coffee Bun / Sweet Bun,Pastry,midday,6,2.1
2025-03-07,coffee_bun_sweet_bun,Coffee Bun / Sweet Bun,Pastry,morning,3,4.8
2025-03-07,country_sourdough,Country Sourdough,Bread,evening,9,1.3625
2025-03-07,country_sourdough,Country Sourdough,Bread,midday,18,1.9852941176470589
2025-03-07,country_sourdough,Country Sourdough,Bread,morning,29,2.034782608695652
2025-03-07,fruit_tart,Fruit Tart,Dessert,evening,4,2.0
2025-03-07,fruit_tart,Fruit Tart,Dessert,midday,2,2.0
2025-03-07,fruit_tart,Fruit Tart,Dessert,morning,1,9.0
2025-03-07,ham_cheese_sandwich,Ham & Cheese Sandwich,Savory,midday,9,5.5
2025-03-07,ham_cheese_sandwich,Ham & Cheese Sandwich,Savory,morning,6,4.3
2025-03-07,pain_au_chocolat,Pain au Chocolat,Pastry,evening,11,1.2
2025-03-07,pain_au_chocolat,Pain au Chocolat,Pastry,midday,11,1.2
2025-03-07,pain_au_chocolat,Pain au Chocolat,Pastry,morning,52,1.2
2025-03-07,traditional_baguette,Traditional Baguette,Bread,evening,78,1.1568181818181817
2025-03-07,traditional_baguette,Traditional Baguette,Bread,midday,171,1.175531914893617
2025-03-07,traditional_baguette,Traditional Baguette,Bread,morning,148,1.1313953488372093
2025-03-08,brioche,Brioche,Pastry,evening,5,5.0
2025-03-08,brioche,Brioche,Pastry,midday,2,5.0
2025-03-08,brioche,Brioche,Pastry,morning,6,5.0
2025-03-08,butter_croissant,Butter Croissant,Pastry,evening,5,1.25
2025-03-08,butter_croissant,Butter Croissant,Pastry,midday,13,1.1
2025-03-08,butter_croissant,Butter Croissant,Pastry,morning,63,1.1111111111111112
2025-03-08,chocolate_cookie,Chocolate Cookie,Dessert,evening,2,1.0
2025-03-08,chocolate_cookie,Chocolate Cookie,Dessert,midday,6,1.0
2025-03-08,chocolate_cookie,Chocolate Cookie,Dessert,morning,3,1.0
2025-03-08,coffee_bun_sweet_bun,Coffee Bun / Sweet Bun,Pastry,evening,7,3.18
2025-03-08,coffee_bun_sweet_bun,Coffee Bun / Sweet Bun,Pastry,midday,4,7.5
2025-03-08,coffee_bun_sweet_bun,Coffee Bun / Sweet Bun,Pastry,morning,3,5.7
2025-03-08,country_sourdough,Country Sourdough,Bread,evening,7,1.3833333333333335
2025-03-08,country_sourdough,Country Sourdough,Bread,midday,18,2.203125
2025-03-08,country_sourdough,Country Sourdough,Bread,morning,43,1.8078947368421054
2025-03-08,fruit_tart,Fruit Tart,Dessert,evening,4,3.0
2025-03-08,fruit_tart,Fruit Tart,Dessert,midday,16,6.25
2025-03-08,fruit_tart,Fruit Tart,Dessert,morning,2,2.0
2025-03-08,ham_cheese_sandwich,Ham & Cheese Sandwich,Savory,midday,16,5.5
2025-03-08,ham_cheese_sandwich,Ham & Cheese Sandwich,Savory,morning,13,4.357142857142857
2025-03-08,pain_au_chocolat,Pain au Chocolat,Pastry,evening,1,1.2
2025-03-08,pain_au_chocolat,Pain au Chocolat,Pastry,midday,2,1.2
2025-03-08,pain_au_chocolat,Pain au Chocolat,Pastry,morning,51,1.2
2025-03-08,traditional_baguette,Traditional Baguette,Bread,evening,97,1.1806451612903226
2025-03-08,traditional_baguette,Traditional Baguette,Bread,midday,229,1.1475
2025-03-08,traditional_baguette,Traditional Baguette,Bread,morning,223,1.1278688524590164
2025-03-09,brioche,Brioche,Pastry,midday,3,5.0
2025-03-09,brioche,Brioche,Pastry,morning,9,5.0
2025-03-09,butter_croissant,Butter Croissant,Pastry,midday,14,1.1
2025-03-09,butter_croissant,Butter Croissant,Pastry,morning,155,1.131578947368421
2025-03-09,chocolate_cookie,Chocolate Cookie,Dessert,midday,2,1.0
2025-03-09,chocolate_cookie,Chocolate Cookie,Dessert,morning,5,1.0
2025-03-09,coffee_bun_sweet_bun,Coffee Bun / Sweet Bun,Pastry,midday,6,4.8
2025-03-09,coffee_bun_sweet_bun,Coffee Bun / Sweet Bun,Pastry,morning,13,5.475
2025-03-09,country_sourdough,Country Sourdough,Bread,midday,26,1.5136363636363634
2025-03-09,country_sourdough,Country Sourdough,Bread,morning,59,1.8394230769230768
2025-03-09,fruit_tart,Fruit Tart,Dessert,midday,31,4.8
2025-03-09,fruit_tart,Fruit Tart,Dessert,morning,17,5.181818181818182
2025-03-09,ham_cheese_sandwich,Ham & Cheese Sandwich,Savory,midday,10,6.5
2025-03-09,pain_au_chocolat,Pain au Chocolat,Pastry,midday,14,1.2
2025-03-09,pain_au_chocolat,Pain au Chocolat,Pastry,morning,103,1.2
2025-03-09,traditional_baguette,Traditional Baguette,Bread,midday,274,1.1429032258064515
2025-03-09,traditional_baguette,Traditional Baguette,Bread,morning,384,1.1513966480446927
2025-03-10,brioche,Brioche,Pastry,midday,2,5.0
2025-03-10,brioche,Brioche,Pastry,morning,7,5.0
2025-03-10,butter_croissant,Butter Croissant,Pastry,evening,9,1.22
2025-03-10,butter_croissant,Butter Croissant,Pastry,midday,4,1.1
2025-03-10,butter_croissant,Butter Croissant,Pastry,morning,106,1.1162162162162164
2025-03-10,chocolate_cookie,Chocolate Cookie,Dessert,evening,3,1.0
2025-03-10,chocolate_cookie,Chocolate Cookie,Dessert,morning,10,1.0
2025-03-10,coffee_bun_sweet_bun,Coffee Bun / Sweet Bun,Pastry,evening,5,2.1
2025-03-10,coffee_bun_sweet_bun,Coffee Bun / Sweet Bun,Pastry,midday,9,6.42
2025-03-10,coffee_bun_sweet_bun,Coffee Bun / Sweet Bun,Pastry,morning,7,5.7
2025-03-10,country_sourdough,Country Sourdough,Bread,evening,6,1.3166666666666667
2025-03-10,country_sourdough,Country Sourdough,Bread,midday,29,2.039285714285714
2025-03-10,country_sourdough,Country Sourdough,Bread,morning,38,1.536206896551724
2025-03-10,fruit_tart,Fruit Tart,Dessert,evening,2,2.25
2025-03-10,fruit_tart,Fruit Tart,Dessert,midday,16,2.3333333333333335
2025-03-10,fruit_tart,Fruit Tart,Dessert,morning,5,7.0
2025-03-10,ham_cheese_sandwich,Ham & Cheese Sandwich,Savory,evening,2,5.0
2025-03-10,ham_cheese_sandwich,Ham & Cheese Sandwich,Savory,midday,16,5.785714285714286
2025-03-10,ham_cheese_sandwich,Ham & Cheese Sandwich,Savory,morning,2,5.5
2025-03-10,pain_au_chocolat,Pain au Chocolat,Pastry,evening,5,1.2
2025-03-10,pain_au_chocolat,Pain au Chocolat,Pastry,midday,2,1.2
2025-03-10,pain_au_chocolat,Pain au Chocolat,Pastry,morning,90,1.2
2025-03-10,traditional_baguette,Traditional Baguette,Bread,evening,66,1.115
2025-03-10,traditional_baguette,Traditional Baguette,Bread,midday,240,1.151145038167939
2025-03-10,traditional_baguette,Traditional Baguette,Bread,morning,255,1.1554744525547445
2025-03-11,brioche,Brioche,Pastry,evening,2,5.0
2025-03-11,brioche,Brioche,Pastry,midday,1,5.0
2025-03-11,brioche,Brioche,Pastry,morning,3,5.0
2025-03-11,butter_croissant,Butter Croissant,Pastry,evening,6,1.1600000000000001
2025-03-11,butter_croissant,Butter Croissant,Pastry,midday,5,1.25
2025-03-11,butter_croissant,Butter Croissant,Pastry,morning,63,1.1
2025-03-11,chocolate_cookie,Chocolate Cookie,Dessert,evening,3,1.0
2025-03-11,chocolate_cookie,Chocolate Cookie,Dessert,midday,4,1.0
2025-03-11,chocolate_cookie,Chocolate Cookie,Dessert,morning,8,1.0
2025-03-11,coffee_bun_sweet_bun,Coffee Bun / Sweet Bun,Pastry,evening,2,7.5
2025-03-11,coffee_bun_sweet_bun,Coffee Bun / Sweet Bun,Pastry,midday,3,7.5
2025-03-11,coffee_bun_sweet_bun,Coffee Bun / Sweet Bun,Pastry,morning,3,3.9
2025-03-11,country_sourdough,Country Sourdough,Bread,evening,12,1.7454545454545454
2025-03-11,country_sourdough,Country Sourdough,Bread,midday,25,1.8526315789473686
2025-03-11,country_sourdough,Country Sourdough,Bread,morning,28,1.7409090909090907
2025-03-11,fruit_tart,Fruit Tart,Dessert,evening,1,2.0
2025-03-11,fruit_tart,Fruit Tart,Dessert,midday,6,2.1
2025-03-11,fruit_tart,Fruit Tart,Dessert,morning,6,2.4
2025-03-11,ham_cheese_sandwich,Ham & Cheese Sandwich,Savory,evening,2,4.5
2025-03-11,ham_cheese_sandwich,Ham & Cheese Sandwich,Savory,midday,18,5.1923076923076925
2025-03-11,ham_cheese_sandwich,Ham & Cheese Sandwich,Savory,morning,13,5.375
2025-03-11,pain_au_chocolat,Pain au Chocolat,Pastry,evening,3,1.2
2025-03-11,pain_au_chocolat,Pain au Chocolat,Pastry,midday,4,1.2
2025-03-11,pain_au_chocolat,Pain au Chocolat,Pastry,morning,52,1.2
2025-03-11,traditional_baguette,Traditional Baguette,Bread,evening,67,1.163953488372093
2025-03-11,traditional_baguette,Traditional Baguette,Bread,midday,181,1.1706521739130435
2025-03-11,traditional_baguette,Traditional Baguette,Bread,morning,229,1.1190677966101696
2025-03-12,brioche,Brioche,Pastry,morning,6,5.0
2025-03-12,butter_croissant,Butter Croissant,Pastry,evening,4,1.3
2025-03-12,butter_croissant,Butter Croissant,Pastry,midday,5,1.2
2025-03-12,butter_croissant,Butter Croissant,Pastry,morning,105,1.1088235294117648
2025-03-12,chocolate_cookie,Chocolate Cookie,Dessert,evening,12,1.0
2025-03-12,chocolate_cookie,Chocolate Cookie,Dessert,morning,1,1.0
2025-03-12,coffee_bun_sweet_bun,Coffee Bun / Sweet Bun,Pastry,evening,1,2.1
2025-03-12,coffee_bun_sweet_bun,Coffee Bun / Sweet Bun,Pastry,midday,5,4.8
2025-03-12,coffee_bun_sweet_bun,Coffee Bun / Sweet Bun,Pastry,morning,11,4.26
2025-03-12,country_sourdough,Country Sourdough,Bread,evening,15,2.1928571428571426
2025-03-12,country_sourdough,Country Sourdough,Bread,midday,18,1.546875
2025-03-12,country_sourdough,Country Sourdough,Bread,morning,14,1.5538461538461539
2025-03-12,fruit_tart,Fruit Tart,Dessert,evening,5,8.0
2025-03-12,fruit_tart,Fruit Tart,Dessert,midday,8,2.0
2025-03-12,fruit_tart,Fruit Tart,Dessert,morning,3,2.0
2025-03-12,ham_cheese_sandwich,Ham & Cheese Sandwich,Savory,midday,31,4.875
2025-03-12,ham_cheese_sandwich,Ham & Cheese Sandwich,Savory,morning,9,5.25
2025-03-12,pain_au_chocolat,Pain au Chocolat,Pastry,evening,14,1.2
2025-03-12,pain_au_chocolat,Pain au Chocolat,Pastry,midday,4,1.2
2025-03-12,pain_au_chocolat,Pain au Chocolat,Pastry,morning,50,1.2
2025-03-12,traditional_baguette,Traditional Baguette,Bread,evening,116,1.1491228070175439
2025-03-12,traditional_baguette,Traditional Baguette,Bread,midday,173,1.156111111111111
2025-03-12,traditional_baguette,Traditional Baguette,Bread,morning,266,1.1514084507042253
2025-03-13,brioche,Brioche,Pastry,evening,2,5.0
2025-03-13,brioche,Brioche,Pastry,midday,2,5.0
2025-03-13,brioche,Brioche,Pastry,morning,2,5.0
2025-03-13,butter_croissant,Butter Croissant,Pastry,evening,8,1.22
2025-03-13,butter_croissant,Butter Croissant,Pastry,midday,10,1.2
2025-03-13,butter_croissant,Butter Croissant,Pastry,morning,101,1.1176470588235294
2025-03-13,chocolate_cookie,Chocolate Cookie,Dessert,midday,2,1.0
2025-03-13,chocolate_cookie,Chocolate Cookie,Dessert,morning,16,1.0
2025-03-13,coffee_bun_sweet_bun,Coffee Bun / Sweet Bun,Pastry,evening,3,4.8
2025-03-13,coffee_bun_sweet_bun,Coffee Bun / Sweet Bun,Pastry,midday,7,4.8
2025-03-13,coffee_bun_sweet_bun,Coffee Bun / Sweet Bun,Pastry,morning,5,7.5
2025-03-13,country_sourdough,Country Sourdough,Bread,evening,21,1.5676470588235294
2025-03-13,country_sourdough,Country Sourdough,Bread,midday,21,1.8352941176470587
2025-03-13,country_sourdough,Country Sourdough,Bread,morning,27,1.875
2025-03-13,fruit_tart,Fruit Tart,Dessert,evening,1,2.0
2025-03-13,fruit_tart,Fruit Tart,Dessert,midday,12,2.0
2025-03-13,fruit_tart,Fruit Tart,Dessert,morning,12,3.857142857142857
2025-03-13,ham_cheese_sandwich,Ham & Cheese Sandwich,Savory,midday,22,5.166666666666667
2025-03-13,ham_cheese_sandwich,Ham & Cheese Sandwich,Savory,morning,8,4.0
2025-03-13,pain_au_chocolat,Pain au Chocolat,Pastry,evening,1,1.2
2025-03-13,pain_au_chocolat,Pain au Chocolat,Pastry,midday,3,1.2
2025-03-13,pain_au_chocolat,Pain au Chocolat,Pastry,morning,87,1.2
2025-03-13,traditional_baguette,Traditional Baguette,Bread,evening,114,1.146268656716418
2025-03-13,traditional_baguette,Traditional Baguette,Bread,midday,187,1.1855670103092784
2025-03-13,traditional_baguette,Traditional Baguette,Bread,morning,286,1.1287234042553191
2025-03-14,brioche,Brioche,Pastry,evening,1,5.0
2025-03-14,brioche,Brioche,Pastry,midday,3,5.0
2025-03-14,brioche,Brioche,Pastry,morning,1,5.0
2025-03-14,butter_croissant,Butter Croissant,Pastry,evening,10,1.1
2025-03-14,butter_croissant,Butter Croissant,Pastry,midday,18,1.2
2025-03-14,butter_croissant,Butter Croissant,Pastry,morning,69,1.1111111111111112
2025-03-14,chocolate_cookie,Chocolate Cookie,Dessert,evening,7,1.0
2025-03-14,chocolate_cookie,Chocolate Cookie,Dessert,midday,1,1.0
2025-03-14,chocolate_cookie,Chocolate Cookie,Dessert,morning,9,1.0
2025-03-14,coffee_bun_sweet_bun,Coffee Bun / Sweet Bun,Pastry,midday,6,3.45
2025-03-14,coffee_bun_sweet_bun,Coffee Bun / Sweet Bun,Pastry,morning,1,2.1
2025-03-14,country_sourdough,Country Sourdough,Bread,evening,3,1.4666666666666668
2025-03-14,country_sourdough,Country Sourdough,Bread,midday,16,1.7966666666666666
2025-03-14,country_sourdough,Country Sourdough,Bread,morning,35,1.4225806451612903
2025-03-14,fruit_tart,Fruit Tart,Dessert,evening,1,2.5
2025-03-14,fruit_tart,Fruit Tart,Dessert,midday,5,7.0
2025-03-14,fruit_tart,Fruit Tart,Dessert,morning,6,7.4
2025-03-14,ham_cheese_sandwich,Ham & Cheese Sandwich,Savory,midday,25,5.131578947368421
2025-03-14,ham_cheese_sandwich,Ham & Cheese Sandwich,Savory,morning,3,3.5
2025-03-14,pain_au_chocolat,Pain au Chocolat,Pastry,midday,10,1.2
2025-03-14,pain_au_chocolat,Pain au Chocolat,Pastry,morning,84,1.2
2025-03-14,traditional_baguette,Traditional Baguette,Bread,evening,75,1.1634146341463414
2025-03-14,traditional_baguette,Traditional Baguette,Bread,midday,163,1.1693548387096775
2025-03-14,traditional_baguette,Traditional Baguette,Bread,morning,225,1.1392
2025-03-15,brioche,Brioche,Pastry,evening,2,5.0
2025-03-15,brioche,Brioche,Pastry,midday,1,5.0
2025-03-15,brioche,Brioche,Pastry,morning,9,5.0
2025-03-15,butter_croissant,Butter Croissant,Pastry,evening,6,1.28
2025-03-15,butter_croissant,Butter Croissant,Pastry,midday,3,1.1
2025-03-15,butter_croissant,Butter Croissant,Pastry,morning,102,1.1133333333333333
2025-03-15,chocolate_cookie,Chocolate Cookie,Dessert,evening,2,1.0
2025-03-15,chocolate_cookie,Chocolate Cookie,Dessert,midday,5,1.0
2025-03-15,chocolate_cookie,Chocolate Cookie,Dessert,morning,17,1.0
2025-03-15,coffee_bun_sweet_bun,Coffee Bun / Sweet Bun,Pastry,evening,5,3.45
2025-03-15,coffee_bun_sweet_bun,Coffee Bun / Sweet Bun,Pastry,midday,2,4.8
2025-03-15,coffee_bun_sweet_bun,Coffee Bun / Sweet Bun,Pastry,morning,7,3.45
2025-03-15,country_sourdough,Country Sourdough,Bread,evening,10,1.2444444444444445
2025-03-15,country_sourdough,Country Sourdough,Bread,midday,22,1.8649999999999998
2025-03-15,country_sourdough,Country Sourdough,Bread,morning,39,1.7397058823529412
2025-03-15,fruit_tart,Fruit Tart,Dessert,evening,3,10.0
2025-03-15,fruit_tart,Fruit Tart,Dessert,midday,12,5.6
2025-03-15,fruit_tart,Fruit Tart,Dessert,morning,10,5.6
2025-03-15,ham_cheese_sandwich,Ham & Cheese Sandwich,Savory,evening,1,4.5
2025-03-15,ham_cheese_sandwich,Ham & Cheese Sandwich,Savory,midday,6,5.25
2025-03-15,ham_cheese_sandwich,Ham & Cheese Sandwich,Savory,morning,10,4.333333333333333
2025-03-15,pain_au_chocolat,Pain au Chocolat,Pastry,midday,4,1.2
2025-03-15,pain_au_chocolat,Pain au Chocolat,Pastry,morning,94,1.2
2025-03-15,traditional_baguette,Traditional Baguette,Bread,evening,97,1.1466101694915254
2025-03-15,traditional_baguette,Traditional Baguette,Bread,midday,219,1.1681818181818182
2025-03-15,traditional_baguette,Traditional Baguette,Bread,morning,326,1.14874213836478
2025-03-16,brioche,Brioche,Pastry,midday,2,5.0
2025-03-16,brioche,Brioche,Pastry,morning,9,5.0
2025-03-16,butter_croissant,Butter Croissant,Pastry,midday,31,1.1500000000000001
2025-03-16,butter_croissant,Butter Croissant,Pastry,morning,168,1.1157894736842104
2025-03-16,chocolate_cookie,Chocolate Cookie,Dessert,midday,11,1.0
2025-03-16,chocolate_cookie,Chocolate Cookie,Dessert,morning,8,1.0
2025-03-16,coffee_bun_sweet_bun,Coffee Bun / Sweet Bun,Pastry,midday,15,4.5
2025-03-16,coffee_bun_sweet_bun,Coffee Bun / Sweet Bun,Pastry,morning,10,5.34
2025-03-16,country_sourdough,Country Sourdough,Bread,midday,17,1.8
2025-03-16,country_sourdough,Country Sourdough,Bread,morning,75,1.6714285714285713
2025-03-16,fruit_tart,Fruit Tart,Dessert,midday,31,4.53125
2025-03-16,fruit_tart,Fruit Tart,Dessert,morning,27,5.725
2025-03-16,ham_cheese_sandwich,Ham & Cheese Sandwich,Savory,midday,4,4.0
2025-03-16,ham_cheese_sandwich,Ham & Cheese Sandwich,Savory,morning,11,6.5
2025-03-16,pain_au_chocolat,Pain au Chocolat,Pastry,midday,10,1.2
2025-03-16,pain_au_chocolat,Pain au Chocolat,Pastry,morning,179,1.2
2025-03-16,traditional_baguette,Traditional Baguette,Bread,midday,248,1.1753521126760564
2025-03-16,traditional_baguette,Traditional Baguette,Bread,morning,439,1.1319444444444444
2025-03-17,brioche,Brioche,Pastry,midday,1,5.0
2025-03-17,brioche,Brioche,Pastry,morning,4,5.0
2025-03-17,butter_croissant,Butter Croissant,Pastry,evening,11,1.175
2025-03-17,butter_croissant,Butter Croissant,Pastry,midday,2,1.1
2025-03-17,butter_croissant,Butter Croissant,Pastry,morning,64,1.1130434782608696
2025-03-17,chocolate_cookie,Chocolate Cookie,Dessert,evening,8,1.0
2025-03-17,chocolate_cookie,Chocolate Cookie,Dessert,midday,4,1.0
2025-03-17,chocolate_cookie,Chocolate Cookie,Dessert,morning,5,1.0
2025-03-17,coffee_bun_sweet_bun,Coffee Bun / Sweet Bun,Pastry,evening,1,2.1
2025-03-17,coffee_bun_sweet_bun,Coffee Bun / Sweet Bun,Pastry,midday,3,4.8
2025-03-17,coffee_bun_sweet_bun,Coffee Bun / Sweet Bun,Pastry,morning,6,4.8
2025-03-17,country_sourdough,Country Sourdough,Bread,evening,14,1.7035714285714287
2025-03-17,country_sourdough,Country Sourdough,Bread,midday,23,1.9636363636363634
2025-03-17,country_sourdough,Country Sourdough,Bread,morning,34,1.5865384615384615
2025-03-17,fruit_tart,Fruit Tart,Dessert,evening,7,2.5
2025-03-17,fruit_tart,Fruit Tart,Dessert,midday,11,2.125
2025-03-17,fruit_tart,Fruit Tart,Dessert,morning,1,18.0
2025-03-17,ham_cheese_sandwich,Ham & Cheese Sandwich,Savory,midday,19,5.833333333333333
2025-03-17,ham_cheese_sandwich,Ham & Cheese Sandwich,Savory,morning,6,5.1
2025-03-17,pain_au_chocolat,Pain au Chocolat,Pastry,evening,3,1.2
2025-03-17,pain_au_chocolat,Pain au Chocolat,Pastry,morning,51,1.2
2025-03-17,traditional_baguette,Traditional Baguette,Bread,evening,123,1.1837837837837837
2025-03-17,traditional_baguette,Traditional Baguette,Bread,midday,208,1.147265625
2025-03-17,traditional_baguette,Traditional Baguette,Bread,morning,243,1.1375
2025-03-18,brioche,Brioche,Pastry,evening,1,5.0
2025-03-18,brioche,Brioche,Pastry,midday,3,5.0
2025-03-18,brioche,Brioche,Pastry,morning,3,5.0
2025-03-18,butter_croissant,Butter Croissant,Pastry,evening,5,1.25
2025-03-18,butter_croissant,Butter Croissant,Pastry,midday,5,1.25
2025-03-18,butter_croissant,Butter Croissant,Pastry,morning,76,1.1620689655172414
2025-03-18,chocolate_cookie,Chocolate Cookie,Dessert,evening,3,1.0
2025-03-18,chocolate_cookie,Chocolate Cookie,Dessert,midday,3,1.0
2025-03-18,chocolate_cookie,Chocolate Cookie,Dessert,morning,5,1.0
2025-03-18,coffee_bun_sweet_bun,Coffee Bun / Sweet Bun,Pastry,evening,2,2.1
2025-03-18,coffee_bun_sweet_bun,Coffee Bun / Sweet Bun,Pastry,midday,3,7.5
2025-03-18,country_sourdough,Country Sourdough,Bread,evening,10,1.6444444444444446
2025-03-18,country_sourdough,Country Sourdough,Bread,midday,14,1.5846153846153845
2025-03-18,country_sourdough,Country Sourdough,Bread,morning,23,1.55
2025-03-18,fruit_tart,Fruit Tart,Dessert,evening,3,3.0
2025-03-18,fruit_tart,Fruit Tart,Dessert,midday,9,2.3
2025-03-18,fruit_tart,Fruit Tart,Dessert,morning,3,2.25
2025-03-18,ham_cheese_sandwich,Ham & Cheese Sandwich,Savory,midday,11,4.5
2025-03-18,ham_cheese_sandwich,Ham & Cheese Sandwich,Savory,morning,7,5.642857142857143
2025-03-18,pain_au_chocolat,Pain au Chocolat,Pastry,evening,8,1.2
2025-03-18,pain_au_chocolat,Pain au Chocolat,Pastry,midday,9,1.2
2025-03-18,pain_au_chocolat,Pain au Chocolat,Pastry,morning,46,1.2
2025-03-18,traditional_baguette,Traditional Baguette,Bread,evening,81,1.18125
2025-03-18,traditional_baguette,Traditional Baguette,Bread,midday,155,1.170618556701031
2025-03-18,traditional_baguette,Traditional Baguette,Bread,morning,193,1.1355855855855856
2025-03-19,brioche,Brioche,Pastry,evening,2,5.0
2025-03-19,brioche,Brioche,Pastry,midday,1,5.0
2025-03-19,brioche,Brioche,Pastry,morning,1,5.0
2025-03-19,butter_croissant,Butter Croissant,Pastry,evening,2,1.1
2025-03-19,butter_croissant,Butter Croissant,Pastry,midday,6,1.1
2025-03-19,butter_croissant,Butter Croissant,Pastry,morning,73,1.1409090909090909
2025-03-19,chocolate_cookie,Chocolate Cookie,Dessert,evening,6,1.0
2025-03-19,chocolate_cookie,Chocolate Cookie,Dessert,midday,1,1.0
2025-03-19,chocolate_cookie,Chocolate Cookie,Dessert,morning,7,1.0
2025-03-19,coffee_bun_sweet_bun,Coffee Bun / Sweet Bun,Pastry,evening,2,4.8
2025-03-19,coffee_bun_sweet_bun,Coffee Bun / Sweet Bun,Pastry,midday,6,3.9
2025-03-19,coffee_bun_sweet_bun,Coffee Bun / Sweet Bun,Pastry,morning,2,2.1
2025-03-19,country_sourdough,Country Sourdough,Bread,evening,10,1.795
2025-03-19,country_sourdough,Country Sourdough,Bread,midday,19,2.04375
2025-03-19,country_sourdough,Country Sourdough,Bread,morning,25,1.5282608695652173
2025-03-19,fruit_tart,Fruit Tart,Dessert,evening,7,6.375
2025-03-19,fruit_tart,Fruit Tart,Dessert,midday,2,2.0
2025-03-19,fruit_tart,Fruit Tart,Dessert,morning,8,2.0
2025-03-19,ham_cheese_sandwich,Ham & Cheese Sandwich,Savory,evening,1,3.5
2025-03-19,ham_cheese_sandwich,Ham & Cheese Sandwich,Savory,midday,17,4.8076923076923075
2025-03-19,ham_cheese_sandwich,Ham & Cheese Sandwich,Savory,morning,6,5.1
2025-03-19,pain_au_chocolat,Pain au Chocolat,Pastry,evening,4,1.2
2025-03-19,pain_au_chocolat,Pain au Chocolat,Pastry,midday,4,1.2
2025-03-19,pain_au_chocolat,Pain au Chocolat,Pastry,morning,48,1.2
2025-03-19,traditional_baguette,Traditional Baguette,Bread,evening,91,1.1975
2025-03-19,traditional_baguette,Traditional Baguette,Bread,midday,197,1.150943396226415
2025-03-19,traditional_baguette,Traditional Baguette,Bread,morning,239,1.1428030303030303
2025-03-20,brioche,Brioche,Pastry,midday,2,5.0
2025-03-20,brioche,Brioche,Pastry,morning,2,5.0
2025-03-20,butter_croissant,Butter Croissant,Pastry,evening,9,1.25
2025-03-20,butter_croissant,Butter Croissant,Pastry,midday,6,1.1
2025-03-20,butter_croissant,Butter Croissant,Pastry,morning,58,1.1391304347826088
2025-03-20,chocolate_cookie,Chocolate Cookie,Dessert,evening,2,1.0
2025-03-20,chocolate_cookie,Chocolate Cookie,Dessert,midday,5,1.0
2025-03-20,chocolate_cookie,Chocolate Cookie,Dessert,morning,1,1.0
2025-03-20,coffee_bun_sweet_bun,Coffee Bun / Sweet Bun,Pastry,midday,1,7.5
2025-03-20,coffee_bun_sweet_bun,Coffee Bun / Sweet Bun,Pastry,morning,4,2.1
2025-03-20,country_sourdough,Country Sourdough,Bread,evening,13,1.625
2025-03-20,country_sourdough,Country Sourdough,Bread,midday,21,1.60625
2025-03-20,country_sourdough,Country Sourdough,Bread,morning,44,1.7843749999999998
2025-03-20,fruit_tart,Fruit Tart,Dessert,evening,2,2.0
2025-03-20,fruit_tart,Fruit Tart,Dessert,midday,6,2.25
2025-03-20,fruit_tart,Fruit Tart,Dessert,morning,12,2.0
2025-03-20,ham_cheese_sandwich,Ham & Cheese Sandwich,Savory,midday,12,4.944444444444445
2025-03-20,ham_cheese_sandwich,Ham & Cheese Sandwich,Savory,morning,7,6.0
2025-03-20,pain_au_chocolat,Pain au Chocolat,Pastry,midday,4,1.2
2025-03-20,pain_au_chocolat,Pain au Chocolat,Pastry,morning,68,1.2
2025-03-20,traditional_baguette,Traditional Baguette,Bread,evening,85,1.1685185185185185
2025-03-20,traditional_baguette,Traditional Baguette,Bread,midday,219,1.191015625
2025-03-20,traditional_baguette,Traditional Baguette,Bread,morning,179,1.1674757281553398
2025-03-21,brioche,Brioche,Pastry,evening,3,5.0
2025-03-21,brioche,Brioche,Pastry,midday,1,5.0
2025-03-21,brioche,Brioche,Pastry,morning,1,5.0
2025-03-21,butter_croissant,Butter Croissant,Pastry,evening,2,1.25
2025-03-21,butter_croissant,Butter Croissant,Pastry,midday,11,1.2
2025-03-21,butter_croissant,Butter Croissant,Pastry,morning,77,1.128125
2025-03-21,chocolate_cookie,Chocolate Cookie,Dessert,evening,7,1.0
2025-03-21,chocolate_cookie,Chocolate Cookie,Dessert,midday,2,1.0
2025-03-21,chocolate_cookie,Chocolate Cookie,Dessert,morning,1,1.0
2025-03-21,coffee_bun_sweet_bun,Coffee Bun / Sweet Bun,Pastry,evening,3,2.1
2025-03-21,coffee_bun_sweet_bun,Coffee Bun / Sweet Bun,Pastry,midday,4,5.7
2025-03-21,coffee_bun_sweet_bun,Coffee Bun / Sweet Bun,Pastry,morning,2,2.1
2025-03-21,country_sourdough,Country Sourdough,Bread,evening,5,1.7
2025-03-21,country_sourdough,Country Sourdough,Bread,midday,10,2.3
2025-03-21,country_sourdough,Country Sourdough,Bread,morning,34,1.623913043478261
2025-03-21,fruit_tart,Fruit Tart,Dessert,midday,6,6.6
2025-03-21,fruit_tart,Fruit Tart,Dessert,morning,1,9.0
2025-03-21,ham_cheese_sandwich,Ham & Cheese Sandwich,Savory,evening,1,3.5
2025-03-21,ham_cheese_sandwich,Ham & Cheese Sandwich,Savory,midday,24,4.833333333333333
2025-03-21,ham_cheese_sandwich,Ham & Cheese Sandwich,Savory,morning,3,3.8333333333333335
2025-03-21,pain_au_chocolat,Pain au Chocolat,Pastry,evening,2,1.2
2025-03-21,pain_au_chocolat,Pain au Chocolat,Pastry,midday,13,1.2
2025-03-21,pain_au_chocolat,Pain au Chocolat,Pastry,morning,50,1.2
2025-03-21,traditional_baguette,Traditional Baguette,Bread,evening,73,1.1988372093023256
2025-03-21,traditional_baguette,Traditional Baguette,Bread,midday,160,1.1619318181818181
2025-03-21,traditional_baguette,Traditional Baguette,Bread,morning,163,1.1194736842105262
2025-03-22,brioche,Brioche,Pastry,evening,2,5.0
2025-03-22,brioche,Brioche,Pastry,midday,2,5.0
2025-03-22,brioche,Brioche,Pastry,morning,2,5.0
2025-03-22,butter_croissant,Butter Croissant,Pastry,evening,14,1.1
2025-03-22,butter_croissant,Butter Croissant,Pastry,midday,27,1.1600000000000001
2025-03-22,butter_croissant,Butter Croissant,Pastry,morning,101,1.1157894736842107
2025-03-22,chocolate_cookie,Chocolate Cookie,Dessert,morning,10,1.0
2025-03-22,coffee_bun_sweet_bun,Coffee Bun / Sweet Bun,Pastry,evening,1,2.1
2025-03-22,coffee_bun_sweet_bun,Coffee Bun / Sweet Bun,Pastry,midday,3,7.5
2025-03-22,coffee_bun_sweet_bun,Coffee Bun / Sweet Bun,Pastry,morning,11,4.414285714285714
2025-03-22,country_sourdough,Country Sourdough,Bread,evening,15,1.7785714285714285
2025-03-22,country_sourdough,Country Sourdough,Bread,midday,16,1.842857142857143
2025-03-22,country_sourdough,Country Sourdough,Bread,morning,30,1.7629629629629628
2025-03-22,fruit_tart,Fruit Tart,Dessert,midday,27,3.6666666666666665
2025-03-22,fruit_tart,Fruit Tart,Dessert,morning,6,6.75
2025-03-22,ham_cheese_sandwich,Ham & Cheese Sandwich,Savory,evening,5,6.5
2025-03-22,ham_cheese_sandwich,Ham & Cheese Sandwich,Savory,midday,2,6.5
2025-03-22,ham_cheese_sandwich,Ham & Cheese Sandwich,Savory,morning,4,4.0
2025-03-22,pain_au_chocolat,Pain au Chocolat,Pastry,evening,7,1.2
2025-03-22,pain_au_chocolat,Pain au Chocolat,Pastry,midday,21,1.2
2025-03-22,pain_au_chocolat,Pain au Chocolat,Pastry,morning,91,1.2
2025-03-22,traditional_baguette,Traditional Baguette,Bread,evening,71,1.17875
2025-03-22,traditional_baguette,Traditional Baguette,Bread,midday,222,1.1545112781954885
2025-03-22,traditional_baguette,Traditional Baguette,Bread,morning,235,1.1424242424242426
2025-03-23,brioche,Brioche,Pastry,midday,2,5.0
2025-03-23,brioche,Brioche,Pastry,morning,8,5.0
2025-03-23,butter_croissant,Butter Croissant,Pastry,midday,5,1.1
2025-03-23,butter_croissant,Butter Croissant,Pastry,morning,147,1.1365853658536587
2025-03-23,chocolate_cookie,Chocolate Cookie,Dessert,midday,4,1.0
2025-03-23,chocolate_cookie,Chocolate Cookie,Dessert,morning,6,1.0
2025-03-23,coffee_bun_sweet_bun,Coffee Bun / Sweet Bun,Pastry,midday,11,4.414285714285715
2025-03-23,coffee_bun_sweet_bun,Coffee Bun / Sweet Bun,Pastry,morning,9,3.18
2025-03-23,country_sourdough,Country Sourdough,Bread,midday,25,1.7434782608695654
2025-03-23,country_sourdough,Country Sourdough,Bread,morning,47,1.6108108108108108
2025-03-23,fruit_tart,Fruit Tart,Dessert,midday,19,3.5
2025-03-23,fruit_tart,Fruit Tart,Dessert,morning,12,6.777777777777778
2025-03-23,ham_cheese_sandwich,Ham & Cheese Sandwich,Savory,midday,4,6.5
2025-03-23,ham_cheese_sandwich,Ham & Cheese Sandwich,Savory,morning,2,6.5
2025-03-23,pain_au_chocolat,Pain au Chocolat,Pastry,midday,12,1.2
2025-03-23,pain_au_chocolat,Pain au Chocolat,Pastry,morning,142,1.2
2025-03-23,traditional_baguette,Traditional Baguette,Bread,midday,277,1.156774193548387
2025-03-23,traditional_baguette,Traditional Baguette,Bread,morning,313,1.1216374269005847
2025-03-24,brioche,Brioche,Pastry,morning,3,5.0
2025-03-24,butter_croissant,Butter Croissant,Pastry,evening,6,1.25
2025-03-24,butter_croissant,Butter Croissant,Pastry,midday,5,1.2
2025-03-24,butter_croissant,Butter Croissant,Pastry,morning,73,1.1400000000000001
2025-03-24,chocolate_cookie,Chocolate Cookie,Dessert,evening,1,1.0
2025-03-24,chocolate_cookie,Chocolate Cookie,Dessert,morning,4,1.0
2025-03-24,coffee_bun_sweet_bun,Coffee Bun / Sweet Bun,Pastry,evening,7,5.7
2025-03-24,coffee_bun_sweet_bun,Coffee Bun / Sweet Bun,Pastry,midday,2,4.8
2025-03-24,coffee_bun_sweet_bun,Coffee Bun / Sweet Bun,Pastry,morning,2,2.1
2025-03-24,country_sourdough,Country Sourdough,Bread,evening,17,1.4437499999999999
2025-03-24,country_sourdough,Country Sourdough,Bread,midday,16,1.9766666666666666
2025-03-24,country_sourdough,Country Sourdough,Bread,morning,21,1.7
2025-03-24,fruit_tart,Fruit Tart,Dessert,evening,3,3.0
2025-03-24,fruit_tart,Fruit Tart,Dessert,midday,8,7.333333333333333
2025-03-24,fruit_tart,Fruit Tart,Dessert,morning,8,2.625
2025-03-24,ham_cheese_sandwich,Ham & Cheese Sandwich,Savory,midday,19,5.166666666666667
2025-03-24,ham_cheese_sandwich,Ham & Cheese Sandwich,Savory,morning,7,4.5
2025-03-24,pain_au_chocolat,Pain au Chocolat,Pastry,evening,2,1.2
2025-03-24,pain_au_chocolat,Pain au Chocolat,Pastry,midday,2,1.2
2025-03-24,pain_au_chocolat,Pain au Chocolat,Pastry,morning,56,1.2
2025-03-24,traditional_baguette,Traditional Baguette,Bread,evening,61,1.1219512195121952
2025-03-24,traditional_baguette,Traditional Baguette,Bread,midday,151,1.155
2025-03-24,traditional_baguette,Traditional Baguette,Bread,morning,188,1.1043103448275862
2025-03-25,brioche,Brioche,Pastry,evening,2,5.0
2025-03-25,brioche,Brioche,Pastry,morning,2,5.0
2025-03-25,butter_croissant,Butter Croissant,Pastry,evening,2,1.1
2025-03-25,butter_croissant,Butter Croissant,Pastry,midday,5,1.25
2025-03-25,butter_croissant,Butter Croissant,Pastry,morning,75,1.1300000000000001
2025-03-25,chocolate_cookie,Chocolate Cookie,Dessert,evening,7,1.0
2025-03-25,chocolate_cookie,Chocolate Cookie,Dessert,midday,2,1.0
2025-03-25,chocolate_cookie,Chocolate Cookie,Dessert,morning,4,1.0
2025-03-25,coffee_bun_sweet_bun,Coffee Bun / Sweet Bun,Pastry,evening,4,4.8
2025-03-25,coffee_bun_sweet_bun,Coffee Bun / Sweet Bun,Pastry,midday,1,7.5
2025-03-25,coffee_bun_sweet_bun,Coffee Bun / Sweet Bun,Pastry,morning,3,7.5
2025-03-25,country_sourdough,Country Sourdough,Bread,evening,8,2.0714285714285716
2025-03-25,country_sourdough,Country Sourdough,Bread,midday,23,1.7595238095238097
2025-03-25,country_sourdough,Country Sourdough,Bread,morning,29,1.719642857142857
2025-03-25,fruit_tart,Fruit Tart,Dessert,midday,6,2.25
2025-03-25,fruit_tart,Fruit Tart,Dessert,morning,6,2.3333333333333335
2025-03-25,ham_cheese_sandwich,Ham & Cheese Sandwich,Savory,evening,1,4.5
2025-03-25,ham_cheese_sandwich,Ham & Cheese Sandwich,Savory,midday,13,5.2
2025-03-25,ham_cheese_sandwich,Ham & Cheese Sandwich,Savory,morning,12,4.5
2025-03-25,pain_au_chocolat,Pain au Chocolat,Pastry,midday,7,1.2
2025-03-25,pain_au_chocolat,Pain au Chocolat,Pastry,morning,36,1.2
2025-03-25,traditional_baguette,Traditional Baguette,Bread,evening,73,1.1538461538461537
2025-03-25,traditional_baguette,Traditional Baguette,Bread,midday,145,1.15
2025-03-25,traditional_baguette,Traditional Baguette,Bread,morning,173,1.1184466019417476
2025-03-26,brioche,Brioche,Pastry,evening,2,5.0
2025-03-26,brioche,Brioche,Pastry,midday,2,5.0
2025-03-26,brioche,Brioche,Pastry,morning,1,5.0
2025-03-26,butter_croissant,Butter Croissant,Pastry,evening,6,1.325
2025-03-26,butter_croissant,Butter Croissant,Pastry,midday,10,1.1
2025-03-26,butter_croissant,Butter Croissant,Pastry,morning,26,1.1
2025-03-26,chocolate_cookie,Chocolate Cookie,Dessert,evening,2,1.0
2025-03-26,chocolate_cookie,Chocolate Cookie,Dessert,morning,8,1.0
2025-03-26,coffee_bun_sweet_bun,Coffee Bun / Sweet Bun,Pastry,evening,1,2.1
2025-03-26,coffee_bun_sweet_bun,Coffee Bun / Sweet Bun,Pastry,midday,4,4.8
2025-03-26,coffee_bun_sweet_bun,Coffee Bun / Sweet Bun,Pastry,morning,4,4.8
2025-03-26,country_sourdough,Country Sourdough,Bread,evening,11,1.5550000000000002
2025-03-26,country_sourdough,Country Sourdough,Bread,midday,18,1.7222222222222223
2025-03-26,country_sourdough,Country Sourdough,Bread,morning,23,1.6894736842105265
2025-03-26,fruit_tart,Fruit Tart,Dessert,evening,7,2.25
2025-03-26,fruit_tart,Fruit Tart,Dessert,midday,2,2.5
2025-03-26,fruit_tart,Fruit Tart,Dessert,morning,3,2.0
2025-03-26,ham_cheese_sandwich,Ham & Cheese Sandwich,Savory,evening,2,5.0
2025-03-26,ham_cheese_sandwich,Ham & Cheese Sandwich,Savory,midday,12,5.055555555555555
2025-03-26,ham_cheese_sandwich,Ham & Cheese Sandwich,Savory,morning,5,5.25
2025-03-26,pain_au_chocolat,Pain au Chocolat,Pastry,evening,1,1.2
2025-03-26,pain_au_chocolat,Pain au Chocolat,Pastry,midday,4,1.2
2025-03-26,pain_au_chocolat,Pain au Chocolat,Pastry,morning,18,1.2
2025-03-26,traditional_baguette,Traditional Baguette,Bread,evening,61,1.1945945945945944
2025-03-26,traditional_baguette,Traditional Baguette,Bread,midday,164,1.1573684210526316
2025-03-26,traditional_baguette,Traditional Baguette,Bread,morning,155,1.1373684210526316
2025-03-27,brioche,Brioche,Pastry,evening,1,5.0
2025-03-27,brioche,Brioche,Pastry,midday,1,5.0
2025-03-27,brioche,Brioche,Pastry,morning,3,5.0
2025-03-27,butter_croissant,Butter Croissant,Pastry,evening,7,1.175
2025-03-27,butter_croissant,Butter Croissant,Pastry,midday,8,1.1
2025-03-27,butter_croissant,Butter Croissant,Pastry,morning,69,1.12
2025-03-27,chocolate_cookie,Chocolate Cookie,Dessert,evening,8,1.0
2025-03-27,chocolate_cookie,Chocolate Cookie,Dessert,morning,6,1.0
2025-03-27,coffee_bun_sweet_bun,Coffee Bun / Sweet Bun,Pastry,evening,3,4.8
2025-03-27,coffee_bun_sweet_bun,Coffee Bun / Sweet Bun,Pastry,midday,5,2.1
2025-03-27,coffee_bun_sweet_bun,Coffee Bun / Sweet Bun,Pastry,morning,4,4.8
2025-03-27,country_sourdough,Country Sourdough,Bread,evening,15,1.9636363636363638
2025-03-27,country_sourdough,Country Sourdough,Bread,midday,16,1.7566666666666666
2025-03-27,country_sourdough,Country Sourdough,Bread,morning,20,1.7699999999999998
2025-03-27,fruit_tart,Fruit Tart,Dessert,midday,5,2.0
2025-03-27,fruit_tart,Fruit Tart,Dessert,morning,4,2.0
2025-03-27,ham_cheese_sandwich,Ham & Cheese Sandwich,Savory,midday,9,5.5
2025-03-27,ham_cheese_sandwich,Ham & Cheese Sandwich,Savory,morning,14,4.318181818181818
2025-03-27,pain_au_chocolat,Pain au Chocolat,Pastry,evening,6,1.2
2025-03-27,pain_au_chocolat,Pain au Chocolat,Pastry,midday,9,1.2
2025-03-27,pain_au_chocolat,Pain au Chocolat,Pastry,morning,57,1.2
2025-03-27,traditional_baguette,Traditional Baguette,Bread,evening,71,1.165
2025-03-27,traditional_baguette,Traditional Baguette,Bread,midday,142,1.1775280898876404
2025-03-27,traditional_baguette,Traditional Baguette,Bread,morning,209,1.1412499999999999
2025-03-28,brioche,Brioche,Pastry,evening,1,5.0
2025-03-28,butter_croissant,Butter Croissant,Pastry,evening,5,1.1
2025-03-28,butter_croissant,Butter Croissant,Pastry,midday,5,1.1
2025-03-28,butter_croissant,Butter Croissant,Pastry,morning,33,1.1
2025-03-28,chocolate_cookie,Chocolate Cookie,Dessert,evening,2,1.0
2025-03-28,chocolate_cookie,Chocolate Cookie,Dessert,midday,2,1.0
2025-03-28,chocolate_cookie,Chocolate Cookie,Dessert,morning,8,1.0
2025-03-28,coffee_bun_sweet_bun,Coffee Bun / Sweet Bun,Pastry,evening,1,7.5
2025-03-28,coffee_bun_sweet_bun,Coffee Bun / Sweet Bun,Pastry,midday,4,6.15
2025-03-28,coffee_bun_sweet_bun,Coffee Bun / Sweet Bun,Pastry,morning,2,4.8
2025-03-28,country_sourdough,Country Sourdough,Bread,evening,9,1.3928571428571428
2025-03-28,country_sourdough,Country Sourdough,Bread,midday,16,1.6833333333333333
2025-03-28,country_sourdough,Country Sourdough,Bread,morning,26,1.4849999999999999
2025-03-28,fruit_tart,Fruit Tart,Dessert,evening,12,4.1
2025-03-28,fruit_tart,Fruit Tart,Dessert,midday,4,4.666666666666667
2025-03-28,fruit_tart,Fruit Tart,Dessert,morning,4,4.333333333333333
2025-03-28,ham_cheese_sandwich,Ham & Cheese Sandwich,Savory,evening,1,3.5
2025-03-28,ham_cheese_sandwich,Ham & Cheese Sandwich,Savory,midday,21,5.0
2025-03-28,ham_cheese_sandwich,Ham & Cheese Sandwich,Savory,morning,7,4.7
2025-03-28,pain_au_chocolat,Pain au Chocolat,Pastry,evening,2,1.2
2025-03-28,pain_au_chocolat,Pain au Chocolat,Pastry,midday,5,1.2
2025-03-28,pain_au_chocolat,Pain au Chocolat,Pastry,morning,27,1.2
2025-03-28,traditional_baguette,Traditional Baguette,Bread,evening,59,1.1875
2025-03-28,traditional_baguette,Traditional Baguette,Bread,midday,122,1.182278481012658
2025-03-28,traditional_baguette,Traditional Baguette,Bread,morning,134,1.1448717948717948
2025-03-29,brioche,Brioche,Pastry,evening,1,5.0
2025-03-29,brioche,Brioche,Pastry,midday,2,5.0
2025-03-29,brioche,Brioche,Pastry,morning,2,5.0
2025-03-29,butter_croissant,Butter Croissant,Pastry,evening,6,1.2
2025-03-29,butter_croissant,Butter Croissant,Pastry,midday,7,1.1
2025-03-29,butter_croissant,Butter Croissant,Pastry,morning,69,1.1222222222222222
2025-03-29,chocolate_cookie,Chocolate Cookie,Dessert,midday,9,1.0
2025-03-29,chocolate_cookie,Chocolate Cookie,Dessert,morning,10,1.0
2025-03-29,coffee_bun_sweet_bun,Coffee Bun / Sweet Bun,Pastry,evening,3,2.1
2025-03-29,coffee_bun_sweet_bun,Coffee Bun / Sweet Bun,Pastry,midday,13,3.9
2025-03-29,coffee_bun_sweet_bun,Coffee Bun / Sweet Bun,Pastry,morning,4,3.9
2025-03-29,country_sourdough,Country Sourdough,Bread,evening,23,1.5368421052631578
2025-03-29,country_sourdough,Country Sourdough,Bread,midday,20,1.9947368421052631
2025-03-29,country_sourdough,Country Sourdough,Bread,morning,31,1.4704545454545455
2025-03-29,fruit_tart,Fruit Tart,Dessert,evening,2,2.0
2025-03-29,fruit_tart,Fruit Tart,Dessert,midday,6,2.0
2025-03-29,fruit_tart,Fruit Tart,Dessert,morning,3,5.666666666666667
2025-03-29,ham_cheese_sandwich,Ham & Cheese Sandwich,Savory,midday,10,5.642857142857143
2025-03-29,ham_cheese_sandwich,Ham & Cheese Sandwich,Savory,morning,10,4.833333333333333
2025-03-29,pain_au_chocolat,Pain au Chocolat,Pastry,evening,7,1.2
2025-03-29,pain_au_chocolat,Pain au Chocolat,Pastry,midday,11,1.2
2025-03-29,pain_au_chocolat,Pain au Chocolat,Pastry,morning,49,1.2
2025-03-29,traditional_baguette,Traditional Baguette,Bread,evening,37,1.2181818181818183
2025-03-29,traditional_baguette,Traditional Baguette,Bread,midday,179,1.153211009174312
2025-03-29,traditional_baguette,Traditional Baguette,Bread,morning,178,1.1149484536082472
2025-03-30,brioche,Brioche,Pastry,midday,2,5.0
2025-03-30,brioche,Brioche,Pastry,morning,4,5.0
2025-03-30,butter_croissant,Butter Croissant,Pastry,midday,12,1.1500000000000001
2025-03-30,butter_croissant,Butter Croissant,Pastry,morning,94,1.125
2025-03-30,chocolate_cookie,Chocolate Cookie,Dessert,midday,4,1.0
2025-03-30,chocolate_cookie,Chocolate Cookie,Dessert,morning,8,1.0
2025-03-30,coffee_bun_sweet_bun,Coffee Bun / Sweet Bun,Pastry,midday,2,4.8
2025-03-30,coffee_bun_sweet_bun,Coffee Bun / Sweet Bun,Pastry,morning,4,2.1
2025-03-30,country_sourdough,Country Sourdough,Bread,midday,37,1.6903225806451612
2025-03-30,country_sourdough,Country Sourdough,Bread,morning,36,1.738709677419355
2025-03-30,fruit_tart,Fruit Tart,Dessert,midday,14,4.15
2025-03-30,fruit_tart,Fruit Tart,Dessert,morning,18,3.9444444444444446
2025-03-30,ham_cheese_sandwich,Ham & Cheese Sandwich,Savory,midday,14,5.166666666666667
2025-03-30,ham_cheese_sandwich,Ham & Cheese Sandwich,Savory,morning,5,4.0
2025-03-30,pain_au_chocolat,Pain au Chocolat,Pastry,midday,4,1.2
2025-03-30,pain_au_chocolat,Pain au Chocolat,Pastry,morning,70,1.2
2025-03-30,traditional_baguette,Traditional Baguette,Bread,midday,214,1.1588235294117648
2025-03-30,traditional_baguette,Traditional Baguette,Bread,morning,293,1.11437125748503
2025-03-31,brioche,Brioche,Pastry,morning,1,5.0
2025-03-31,butter_croissant,Butter Croissant,Pastry,evening,5,1.3999999999999997
2025-03-31,butter_croissant,Butter Croissant,Pastry,midday,1,1.1
2025-03-31,butter_croissant,Butter Croissant,Pastry,morning,61,1.123076923076923
2025-03-31,chocolate_cookie,Chocolate Cookie,Dessert,evening,3,1.0
2025-03-31,chocolate_cookie,Chocolate Cookie,Dessert,morning,6,1.0
2025-03-31,coffee_bun_sweet_bun,Coffee Bun / Sweet Bun,Pastry,midday,2,4.8
2025-03-31,coffee_bun_sweet_bun,Coffee Bun / Sweet Bun,Pastry,morning,3,3.9
2025-03-31,country_sourdough,Country Sourdough,Bread,evening,12,1.6909090909090911
2025-03-31,country_sourdough,Country Sourdough,Bread,midday,12,1.5875000000000001
2025-03-31,country_sourdough,Country Sourdough,Bread,morning,26,1.3782608695652174
2025-03-31,fruit_tart,Fruit Tart,Dessert,evening,2,2.0
2025-03-31,fruit_tart,Fruit Tart,Dessert,midday,4,2.0
2025-03-31,fruit_tart,Fruit Tart,Dessert,morning,2,2.0
2025-03-31,ham_cheese_sandwich,Ham & Cheese Sandwich,Savory,midday,15,4.916666666666667
2025-03-31,ham_cheese_sandwich,Ham & Cheese Sandwich,Savory,morning,6,5.5
2025-03-31,pain_au_chocolat,Pain au Chocolat,Pastry,evening,6,1.2
2025-03-31,pain_au_chocolat,Pain au Chocolat,Pastry,midday,2,1.2
2025-03-31,pain_au_chocolat,Pain au Chocolat,Pastry,morning,28,1.2
2025-03-31,traditional_baguette,Traditional Baguette,Bread,evening,31,1.209090909090909
2025-03-31,traditional_baguette,Traditional Baguette,Bread,midday,105,1.1666666666666667
2025-03-31,traditional_baguette,Traditional Baguette,Bread,morning,126,1.1244186046511628
2025-04-01,brioche,Brioche,Pastry,morning,1,5.0
2025-04-01,butter_croissant,Butter Croissant,Pastry,evening,1,1.4
2025-04-01,butter_croissant,Butter Croissant,Pastry,midday,2,1.25
2025-04-01,butter_croissant,Butter Croissant,Pastry,morning,48,1.115
2025-04-01,chocolate_cookie,Chocolate Cookie,Dessert,evening,1,1.0
2025-04-01,chocolate_cookie,Chocolate Cookie,Dessert,morning,5,1.0
2025-04-01,coffee_bun_sweet_bun,Coffee Bun / Sweet Bun,Pastry,evening,1,7.5
2025-04-01,coffee_bun_sweet_bun,Coffee Bun / Sweet Bun,Pastry,midday,1,2.1
2025-04-01,country_sourdough,Country Sourdough,Bread,evening,2,1.1
2025-04-01,country_sourdough,Country Sourdough,Bread,midday,15,1.8115384615384615
2025-04-01,country_sourdough,Country Sourdough,Bread,morning,14,1.4142857142857144
2025-04-01,fruit_tart,Fruit Tart,Dessert,evening,10,2.0
2025-04-01,fruit_tart,Fruit Tart,Dessert,midday,2,2.0
2025-04-01,ham_cheese_sandwich,Ham & Cheese Sandwich,Savory,midday,22,5.214285714285714
2025-04-01,ham_cheese_sandwich,Ham & Cheese Sandwich,Savory,morning,7,4.833333333333333
2025-04-01,pain_au_chocolat,Pain au Chocolat,Pastry,evening,3,1.2
2025-04-01,pain_au_chocolat,Pain au Chocolat,Pastry,morning,49,1.2
2025-04-01,traditional_baguette,Traditional Baguette,Bread,evening,38,1.209090909090909
2025-04-01,traditional_baguette,Traditional Baguette,Bread,midday,72,1.1717391304347826
2025-04-01,traditional_baguette,Traditional Baguette,Bread,morning,89,1.103225806451613
2025-04-02,brioche,Brioche,Pastry,evening,1,5.0
2025-04-02,brioche,Brioche,Pastry,morning,1,5.0
2025-04-02,butter_croissant,Butter Croissant,Pastry,evening,1,1.4
2025-04-02,butter_croissant,Butter Croissant,Pastry,morning,37,1.1
2025-04-02,chocolate_cookie,Chocolate Cookie,Dessert,evening,2,1.0
2025-04-02,chocolate_cookie,Chocolate Cookie,Dessert,midday,1,1.0
2025-04-02,country_sourdough,Country Sourdough,Bread,evening,9,1.7777777777777777
2025-04-02,country_sourdough,Country Sourdough,Bread,midday,13,1.8423076923076922
2025-04-02,country_sourdough,Country Sourdough,Bread,morning,20,1.3176470588235294
2025-04-02,fruit_tart,Fruit Tart,Dessert,evening,4,2.0
2025-04-02,fruit_tart,Fruit Tart,Dessert,midday,3,2.0
2025-04-02,fruit_tart,Fruit Tart,Dessert,morning,4,2.0
2025-04-02,ham_cheese_sandwich,Ham & Cheese Sandwich,Savory,evening,1,3.5
2025-04-02,ham_cheese_sandwich,Ham & Cheese Sandwich,Savory,midday,14,4.961538461538462
2025-04-02,ham_cheese_sandwich,Ham & Cheese Sandwich,Savory,morning,11,4.5
2025-04-02,pain_au_chocolat,Pain au Chocolat,Pastry,midday,2,1.2
2025-04-02,pain_au_chocolat,Pain au Chocolat,Pastry,morning,14,1.2
2025-04-02,traditional_baguette,Traditional Baguette,Bread,evening,46,1.1546874999999999
2025-04-02,traditional_baguette,Traditional Baguette,Bread,midday,90,1.1296610169491526
2025-04-02,traditional_baguette,Traditional Baguette,Bread,morning,84,1.1333333333333333
2025-04-03,brioche,Brioche,Pastry,morning,1,5.0
2025-04-03,butter_croissant,Butter Croissant,Pastry,evening,3,1.25
2025-04-03,butter_croissant,Butter Croissant,Pastry,midday,4,1.25
2025-04-03,butter_croissant,Butter Croissant,Pastry,morning,44,1.1157894736842107
2025-04-03,chocolate_cookie,Chocolate Cookie,Dessert,morning,4,1.0
2025-04-03,coffee_bun_sweet_bun,Coffee Bun / Sweet Bun,Pastry,midday,1,2.1
2025-04-03,coffee_bun_sweet_bun,Coffee Bun / Sweet Bun,Pastry,morning,1,2.1
2025-04-03,country_sourdough,Country Sourdough,Bread,evening,3,1.5333333333333332
2025-04-03,country_sourdough,Country Sourdough,Bread,midday,14,1.7863636363636362
2025-04-03,country_sourdough,Country Sourdough,Bread,morning,19,1.359375
2025-04-03,fruit_tart,Fruit Tart,Dessert,evening,1,2.0
2025-04-03,fruit_tart,Fruit Tart,Dessert,midday,3,2.5
2025-04-03,fruit_tart,Fruit Tart,Dessert,morning,10,2.25
2025-04-03,ham_cheese_sandwich,Ham & Cheese Sandwich,Savory,evening,1,1.5
2025-04-03,ham_cheese_sandwich,Ham & Cheese Sandwich,Savory,midday,19,5.423076923076923
2025-04-03,ham_cheese_sandwich,Ham & Cheese Sandwich,Savory,morning,5,4.5
2025-04-03,pain_au_chocolat,Pain au Chocolat,Pastry,evening,2,1.2
2025-04-03,pain_au_chocolat,Pain au Chocolat,Pastry,midday,1,1.2
2025-04-03,pain_au_chocolat,Pain au Chocolat,Pastry,morning,19,1.2
2025-04-03,traditional_baguette,Traditional Baguette,Bread,evening,29,1.2
2025-04-03,traditional_baguette,Traditional Baguette,Bread,midday,85,1.138793103448276
2025-04-03,traditional_baguette,Traditional Baguette,Bread,morning,94,1.1600000000000001
2025-04-04,brioche,Brioche,Pastry,evening,1,5.0
2025-04-04,butter_croissant,Butter Croissant,Pastry,evening,4,1.2
2025-04-04,butter_croissant,Butter Croissant,Pastry,midday,7,1.22
2025-04-04,butter_croissant,Butter Croissant,Pastry,morning,35,1.1666666666666667
2025-04-04,chocolate_cookie,Chocolate Cookie,Dessert,evening,1,1.0
2025-04-04,chocolate_cookie,Chocolate Cookie,Dessert,midday,4,1.0
2025-04-04,coffee_bun_sweet_bun,Coffee Bun / Sweet Bun,Pastry,evening,1,2.1
2025-04-04,coffee_bun_sweet_bun,Coffee Bun / Sweet Bun,Pastry,morning,5,4.8
2025-04-04,country_sourdough,Country Sourdough,Bread,evening,4,1.45
2025-04-04,country_sourdough,Country Sourdough,Bread,midday,16,1.63125
2025-04-04,country_sourdough,Country Sourdough,Bread,morning,27,1.8190476190476192
2025-04-04,fruit_tart,Fruit Tart,Dessert,evening,9,3.75
2025-04-04,fruit_tart,Fruit Tart,Dessert,midday,5,2.0
2025-04-04,fruit_tart,Fruit Tart,Dessert,morning,1,2.0
2025-04-04,ham_cheese_sandwich,Ham & Cheese Sandwich,Savory,midday,15,5.1923076923076925
2025-04-04,ham_cheese_sandwich,Ham & Cheese Sandwich,Savory,morning,3,3.8333333333333335
2025-04-04,pain_au_chocolat,Pain au Chocolat,Pastry,midday,11,1.2
2025-04-04,pain_au_chocolat,Pain au Chocolat,Pastry,morning,27,1.2
2025-04-04,traditional_baguette,Traditional Baguette,Bread,evening,57,1.184375
2025-04-04,traditional_baguette,Traditional Baguette,Bread,midday,77,1.1296296296296295
2025-04-04,traditional_baguette,Traditional Baguette,Bread,morning,103,1.1140350877192982
2025-04-05,brioche,Brioche,Pastry,midday,1,5.0
2025-04-05,brioche,Brioche,Pastry,morning,1,5.0
2025-04-05,butter_croissant,Butter Croissant,Pastry,midday,1,1.4
2025-04-05,butter_croissant,Butter Croissant,Pastry,morning,70,1.1
2025-04-05,chocolate_cookie,Chocolate Cookie,Dessert,midday,5,1.0
2025-04-05,chocolate_cookie,Chocolate Cookie,Dessert,morning,6,1.0
2025-04-05,coffee_bun_sweet_bun,Coffee Bun / Sweet Bun,Pastry,midday,2,2.1
2025-04-05,country_sourdough,Country Sourdough,Bread,evening,2,1.4
2025-04-05,country_sourdough,Country Sourdough,Bread,midday,25,1.5961538461538463
2025-04-05,country_sourdough,Country Sourdough,Bread,morning,35,1.710344827586207
2025-04-05,fruit_tart,Fruit Tart,Dessert,evening,2,2.0
2025-04-05,fruit_tart,Fruit Tart,Dessert,midday,5,3.75
2025-04-05,fruit_tart,Fruit Tart,Dessert,morning,1,12.0
2025-04-05,ham_cheese_sandwich,Ham & Cheese Sandwich,Savory,midday,7,5.333333333333333
2025-04-05,ham_cheese_sandwich,Ham & Cheese Sandwich,Savory,morning,1,3.5
2025-04-05,pain_au_chocolat,Pain au Chocolat,Pastry,evening,2,1.2
2025-04-05,pain_au_chocolat,Pain au Chocolat,Pastry,morning,64,1.2
2025-04-05,traditional_baguette,Traditional Baguette,Bread,evening,29,1.2027777777777777
2025-04-05,traditional_baguette,Traditional Baguette,Bread,midday,146,1.1759036144578312
2025-04-05,traditional_baguette,Traditional Baguette,Bread,morning,161,1.1238888888888887
2025-04-06,brioche,Brioche,Pastry,midday,1,5.0
2025-04-06,brioche,Brioche,Pastry,morning,3,5.0
2025-04-06,butter_croissant,Butter Croissant,Pastry,midday,13,1.1
2025-04-06,butter_croissant,Butter Croissant,Pastry,morning,101,1.115
2025-04-06,chocolate_cookie,Chocolate Cookie,Dessert,midday,6,1.0
2025-04-06,chocolate_cookie,Chocolate Cookie,Dessert,morning,3,1.0
2025-04-06,coffee_bun_sweet_bun,Coffee Bun / Sweet Bun,Pastry,midday,5,4.8
2025-04-06,coffee_bun_sweet_bun,Coffee Bun / Sweet Bun,Pastry,morning,4,6.15
2025-04-06,country_sourdough,Country Sourdough,Bread,midday,11,1.3900000000000001
2025-04-06,country_sourdough,Country Sourdough,Bread,morning,38,1.7205882352941178
2025-04-06,fruit_tart,Fruit Tart,Dessert,midday,26,4.464285714285714
2025-04-06,fruit_tart,Fruit Tart,Dessert,morning,14,4.85
2025-04-06,ham_cheese_sandwich,Ham & Cheese Sandwich,Savory,midday,7,4.1
2025-04-06,ham_cheese_sandwich,Ham & Cheese Sandwich,Savory,morning,4,5.5
2025-04-06,pain_au_chocolat,Pain au Chocolat,Pastry,midday,9,1.2
2025-04-06,pain_au_chocolat,Pain au Chocolat,Pastry,morning,68,1.2
2025-04-06,traditional_baguette,Traditional Baguette,Bread,midday,161,1.1697916666666666
2025-04-06,traditional_baguette,Traditional Baguette,Bread,morning,211,1.128968253968254
2025-04-07,brioche,Brioche,Pastry,evening,1,5.0
2025-04-07,brioche,Brioche,Pastry,midday,1,5.0
2025-04-07,brioche,Brioche,Pastry,morning,1,5.0
2025-04-07,butter_croissant,Butter Croissant,Pastry,midday,6,1.1
2025-04-07,butter_croissant,Butter Croissant,Pastry,morning,37,1.1285714285714288
2025-04-07,chocolate_cookie,Chocolate Cookie,Dessert,evening,2,1.0
2025-04-07,chocolate_cookie,Chocolate Cookie,Dessert,morning,1,1.0
2025-04-07,coffee_bun_sweet_bun,Coffee Bun / Sweet Bun,Pastry,evening,2,2.1
2025-04-07,coffee_bun_sweet_bun,Coffee Bun / Sweet Bun,Pastry,morning,6,2.1
2025-04-07,country_sourdough,Country Sourdough,Bread,evening,4,1.35
2025-04-07,country_sourdough,Country Sourdough,Bread,midday,11,2.2666666666666666
2025-04-07,country_sourdough,Country Sourdough,Bread,morning,25,1.636111111111111
2025-04-07,fruit_tart,Fruit Tart,Dessert,midday,1,2.0
2025-04-07,ham_cheese_sandwich,Ham & Cheese Sandwich,Savory,midday,22,5.4411764705882355
2025-04-07,ham_cheese_sandwich,Ham & Cheese Sandwich,Savory,morning,7,4.5
2025-04-07,pain_au_chocolat,Pain au Chocolat,Pastry,evening,7,1.2
2025-04-07,pain_au_chocolat,Pain au Chocolat,Pastry,morning,11,1.2
2025-04-07,traditional_baguette,Traditional Baguette,Bread,evening,47,1.1517241379310343
2025-04-07,traditional_baguette,Traditional Baguette,Bread,midday,65,1.1088235294117645
2025-04-07,traditional_baguette,Traditional Baguette,Bread,morning,98,1.1368852459016392
2025-04-08,brioche,Brioche,Pastry,midday,1,5.0
2025-04-08,butter_croissant,Butter Croissant,Pastry,evening,5,1.25
2025-04-08,butter_croissant,Butter Croissant,Pastry,midday,3,1.4
2025-04-08,butter_croissant,Butter Croissant,Pastry,morning,25,1.146153846153846
2025-04-08,chocolate_cookie,Chocolate Cookie,Dessert,evening,5,1.0
2025-04-08,chocolate_cookie,Chocolate Cookie,Dessert,morning,1,1.0
2025-04-08,coffee_bun_sweet_bun,Coffee Bun / Sweet Bun,Pastry,evening,6,2.1
2025-04-08,coffee_bun_sweet_bun,Coffee Bun / Sweet Bun,Pastry,morning,1,2.1
2025-04-08,country_sourdough,Country Sourdough,Bread,evening,7,1.1642857142857144
2025-04-08,country_sourdough,Country Sourdough,Bread,midday,8,2.45
2025-04-08,country_sourdough,Country Sourdough,Bread,morning,27,1.55
2025-04-08,fruit_tart,Fruit Tart,Dessert,evening,4,2.0
2025-04-08,fruit_tart,Fruit Tart,Dessert,midday,3,2.0
2025-04-08,ham_cheese_sandwich,Ham & Cheese Sandwich,Savory,midday,17,5.3
2025-04-08,ham_cheese_sandwich,Ham & Cheese Sandwich,Savory,morning,6,4.5
2025-04-08,pain_au_chocolat,Pain au Chocolat,Pastry,evening,5,1.2
2025-04-08,pain_au_chocolat,Pain au Chocolat,Pastry,morning,22,1.2
2025-04-08,traditional_baguette,Traditional Baguette,Bread,evening,35,1.1059999999999999
2025-04-08,traditional_baguette,Traditional Baguette,Bread,midday,62,1.1611111111111112
2025-04-08,traditional_baguette,Traditional Baguette,Bread,morning,99,1.0915254237288137
2025-04-09,brioche,Brioche,Pastry,morning,1,5.0
2025-04-09,butter_croissant,Butter Croissant,Pastry,evening,2,1.1
2025-04-09,butter_croissant,Butter Croissant,Pastry,midday,8,1.175
2025-04-09,butter_croissant,Butter Croissant,Pastry,morning,27,1.123076923076923
2025-04-09,chocolate_cookie,Chocolate Cookie,Dessert,midday,1,1.0
2025-04-09,country_sourdough,Country Sourdough,Bread,evening,13,1.6199999999999999
2025-04-09,country_sourdough,Country Sourdough,Bread,midday,17,1.6961538461538461
2025-04-09,country_sourdough,Country Sourdough,Bread,morning,8,1.6125
2025-04-09,fruit_tart,Fruit Tart,Dessert,evening,1,2.0
2025-04-09,fruit_tart,Fruit Tart,Dessert,midday,5,2.0
2025-04-09,fruit_tart,Fruit Tart,Dessert,morning,1,2.0
2025-04-09,ham_cheese_sandwich,Ham & Cheese Sandwich,Savory,midday,25,4.973684210526316
2025-04-09,ham_cheese_sandwich,Ham & Cheese Sandwich,Savory,morning,4,5.5
2025-04-09,pain_au_chocolat,Pain au Chocolat,Pastry,evening,1,1.2
2025-04-09,pain_au_chocolat,Pain au Chocolat,Pastry,midday,8,1.2
2025-04-09,pain_au_chocolat,Pain au Chocolat,Pastry,morning,18,1.2
2025-04-09,traditional_baguette,Traditional Baguette,Bread,evening,53,1.1793103448275861
2025-04-09,traditional_baguette,Traditional Baguette,Bread,midday,67,1.1734042553191488
2025-04-09,traditional_baguette,Traditional Baguette,Bread,morning,74,1.1127659574468085
2025-04-10,brioche,Brioche,Pastry,evening,1,5.0
2025-04-10,butter_croissant,Butter Croissant,Pastry,evening,2,1.1
2025-04-10,butter_croissant,Butter Croissant,Pastry,midday,8,1.1
2025-04-10,butter_croissant,Butter Croissant,Pastry,morning,31,1.1
2025-04-10,chocolate_cookie,Chocolate Cookie,Dessert,morning,2,1.0
2025-04-10,country_sourdough,Country Sourdough,Bread,evening,6,1.9
2025-04-10,country_sourdough,Country Sourdough,Bread,midday,9,2.283333333333333
2025-04-10,country_sourdough,Country Sourdough,Bread,morning,18,1.5433333333333332
2025-04-10,fruit_tart,Fruit Tart,Dessert,evening,1,2.0
2025-04-10,fruit_tart,Fruit Tart,Dessert,morning,1,2.0
2025-04-10,ham_cheese_sandwich,Ham & Cheese Sandwich,Savory,midday,17,5.083333333333333
2025-04-10,ham_cheese_sandwich,Ham & Cheese Sandwich,Savory,morning,11,4.214285714285714
2025-04-10,pain_au_chocolat,Pain au Chocolat,Pastry,evening,1,1.2
2025-04-10,pain_au_chocolat,Pain au Chocolat,Pastry,morning,11,1.2
2025-04-10,traditional_baguette,Traditional Baguette,Bread,evening,38,1.1923076923076923
2025-04-10,traditional_baguette,Traditional Baguette,Bread,midday,68,1.133695652173913
2025-04-10,traditional_baguette,Traditional Baguette,Bread,morning,108,1.1014705882352942
2025-04-11,butter_croissant,Butter Croissant,Pastry,evening,4,1.325
2025-04-11,butter_croissant,Butter Croissant,Pastry,midday,1,1.1
2025-04-11,butter_croissant,Butter Croissant,Pastry,morning,31,1.125
2025-04-11,chocolate_cookie,Chocolate Cookie,Dessert,evening,2,1.0
2025-04-11,chocolate_cookie,Chocolate Cookie,Dessert,midday,2,1.0
2025-04-11,coffee_bun_sweet_bun,Coffee Bun / Sweet Bun,Pastry,evening,1,7.5
2025-04-11,coffee_bun_sweet_bun,Coffee Bun / Sweet Bun,Pastry,midday,2,2.1
2025-04-11,country_sourdough,Country Sourdough,Bread,evening,18,1.4323529411764706
2025-04-11,country_sourdough,Country Sourdough,Bread,midday,15,1.7192307692307691
2025-04-11,country_sourdough,Country Sourdough,Bread,morning,11,1.625
2025-04-11,fruit_tart,Fruit Tart,Dessert,evening,1,2.0
2025-04-11,fruit_tart,Fruit Tart,Dessert,midday,3,2.0
2025-04-11,ham_cheese_sandwich,Ham & Cheese Sandwich,Savory,midday,23,5.388888888888889
2025-04-11,ham_cheese_sandwich,Ham & Cheese Sandwich,Savory,morning,5,6.5
2025-04-11,pain_au_chocolat,Pain au Chocolat,Pastry,evening,1,1.2
2025-04-11,pain_au_chocolat,Pain au Chocolat,Pastry,midday,3,1.2
2025-04-11,pain_au_chocolat,Pain au Chocolat,Pastry,morning,20,1.2
2025-04-11,traditional_baguette,Traditional Baguette,Bread,evening,25,1.0763157894736841
2025-04-11,traditional_baguette,Traditional Baguette,Bread,midday,87,1.1886792452830188
2025-04-11,traditional_baguette,Traditional Baguette,Bread,morning,65,1.1511904761904763
2025-04-12,brioche,Brioche,Pastry,evening,1,5.0
2025-04-12,brioche,Brioche,Pastry,midday,1,5.0
2025-04-12,brioche,Brioche,Pastry,morning,2,5.0
2025-04-12,butter_croissant,Butter Croissant,Pastry,evening,3,1.25
2025-04-12,butter_croissant,Butter Croissant,Pastry,midday,5,1.1
2025-04-12,butter_croissant,Butter Croissant,Pastry,morning,65,1.1130434782608696
2025-04-12,chocolate_cookie,Chocolate Cookie,Dessert,midday,4,1.0
2025-04-12,country_sourdough,Country Sourdough,Bread,evening,8,1.875
2025-04-12,country_sourdough,Country Sourdough,Bread,midday,16,2.1566666666666667
2025-04-12,country_sourdough,Country Sourdough,Bread,morning,24,1.5636363636363635
2025-04-12,fruit_tart,Fruit Tart,Dessert,morning,6,4.0
2025-04-12,ham_cheese_sandwich,Ham & Cheese Sandwich,Savory,midday,3,5.5
2025-04-12,ham_cheese_sandwich,Ham & Cheese Sandwich,Savory,morning,3,4.0
2025-04-12,pain_au_chocolat,Pain au Chocolat,Pastry,evening,7,1.2
2025-04-12,pain_au_chocolat,Pain au Chocolat,Pastry,morning,26,1.2
2025-04-12,traditional_baguette,Traditional Baguette,Bread,evening,39,1.175
2025-04-12,traditional_baguette,Traditional Baguette,Bread,midday,109,1.1415384615384616
2025-04-12,traditional_baguette,Traditional Baguette,Bread,morning,163,1.1051136363636365
2025-04-13,brioche,Brioche,Pastry,morning,4,5.0
2025-04-13,butter_croissant,Butter Croissant,Pastry,midday,5,1.325
2025-04-13,butter_croissant,Butter Croissant,Pastry,morning,116,1.1
2025-04-13,chocolate_cookie,Chocolate Cookie,Dessert,midday,2,1.0
2025-04-13,chocolate_cookie,Chocolate Cookie,Dessert,morning,3,1.0
2025-04-13,coffee_bun_sweet_bun,Coffee Bun / Sweet Bun,Pastry,midday,9,3.9
2025-04-13,coffee_bun_sweet_bun,Coffee Bun / Sweet Bun,Pastry,morning,2,2.1
2025-04-13,country_sourdough,Country Sourdough,Bread,midday,19,1.8078947368421054
2025-04-13,country_sourdough,Country Sourdough,Bread,morning,28,1.6347826086956523
2025-04-13,fruit_tart,Fruit Tart,Dessert,midday,13,3.0
2025-04-13,fruit_tart,Fruit Tart,Dessert,morning,18,4.0
2025-04-13,ham_cheese_sandwich,Ham & Cheese Sandwich,Savory,midday,4,6.5
2025-04-13,ham_cheese_sandwich,Ham & Cheese Sandwich,Savory,morning,2,6.5
2025-04-13,pain_au_chocolat,Pain au Chocolat,Pastry,midday,8,1.2
2025-04-13,pain_au_chocolat,Pain au Chocolat,Pastry,morning,81,1.2
2025-04-13,traditional_baguette,Traditional Baguette,Bread,midday,141,1.1472222222222221
2025-04-13,traditional_baguette,Traditional Baguette,Bread,morning,232,1.1155038759689924
2025-04-14,brioche,Brioche,Pastry,morning,1,5.0
2025-04-14,butter_croissant,Butter Croissant,Pastry,evening,4,1.1
2025-04-14,butter_croissant,Butter Croissant,Pastry,midday,7,1.175
2025-04-14,butter_croissant,Butter Croissant,Pastry,morning,13,1.1
2025-04-14,chocolate_cookie,Chocolate Cookie,Dessert,evening,7,1.0
2025-04-14,chocolate_cookie,Chocolate Cookie,Dessert,midday,2,1.0
2025-04-14,chocolate_cookie,Chocolate Cookie,Dessert,morning,1,1.0
2025-04-14,country_sourdough,Country Sourdough,Bread,evening,6,1.7
2025-04-14,country_sourdough,Country Sourdough,Bread,midday,13,1.6590909090909092
2025-04-14,country_sourdough,Country Sourdough,Bread,morning,14,1.8964285714285711
2025-04-14,fruit_tart,Fruit Tart,Dessert,midday,2,12.0
2025-04-14,ham_cheese_sandwich,Ham & Cheese Sandwich,Savory,evening,1,6.5
2025-04-14,ham_cheese_sandwich,Ham & Cheese Sandwich,Savory,midday,16,5.433333333333334
2025-04-14,ham_cheese_sandwich,Ham & Cheese Sandwich,Savory,morning,4,4.166666666666667
2025-04-14,pain_au_chocolat,Pain au Chocolat,Pastry,evening,2,1.2
2025-04-14,pain_au_chocolat,Pain au Chocolat,Pastry,midday,10,1.2
2025-04-14,pain_au_chocolat,Pain au Chocolat,Pastry,morning,19,1.2
2025-04-14,traditional_baguette,Traditional Baguette,Bread,evening,38,1.146153846153846
2025-04-14,traditional_baguette,Traditional Baguette,Bread,midday,95,1.1416666666666666
2025-04-14,traditional_baguette,Traditional Baguette,Bread,morning,99,1.0652542372881355
2025-04-15,brioche,Brioche,Pastry,morning,2,5.0
2025-04-15,butter_croissant,Butter Croissant,Pastry,evening,5,1.1
2025-04-15,butter_croissant,Butter Croissant,Pastry,midday,2,1.4
2025-04-15,butter_croissant,Butter Croissant,Pastry,morning,24,1.1857142857142857
2025-04-15,chocolate_cookie,Chocolate Cookie,Dessert,evening,3,1.0
2025-04-15,chocolate_cookie,Chocolate Cookie,Dessert,midday,5,1.0
2025-04-15,chocolate_cookie,Chocolate Cookie,Dessert,morning,1,1.0
2025-04-15,coffee_bun_sweet_bun,Coffee Bun / Sweet Bun,Pastry,midday,2,2.1
2025-04-15,coffee_bun_sweet_bun,Coffee Bun / Sweet Bun,Pastry,morning,1,2.1
2025-04-15,country_sourdough,Country Sourdough,Bread,evening,1,1.1
2025-04-15,country_sourdough,Country Sourdough,Bread,midday,7,2.1
2025-04-15,country_sourdough,Country Sourdough,Bread,morning,19,1.4583333333333333
2025-04-15,fruit_tart,Fruit Tart,Dessert,midday,1,2.0
2025-04-15,fruit_tart,Fruit Tart,Dessert,morning,3,2.0
2025-04-15,ham_cheese_sandwich,Ham & Cheese Sandwich,Savory,midday,18,5.346153846153846
2025-04-15,ham_cheese_sandwich,Ham & Cheese Sandwich,Savory,morning,5,4.3
2025-04-15,pain_au_chocolat,Pain au Chocolat,Pastry,evening,4,1.2
2025-04-15,pain_au_chocolat,Pain au Chocolat,Pastry,morning,19,1.2
2025-04-15,traditional_baguette,Traditional Baguette,Bread,evening,35,1.126923076923077
2025-04-15,traditional_baguette,Traditional Baguette,Bread,midday,53,1.1302631578947366
2025-04-15,traditional_baguette,Traditional Baguette,Bread,morning,51,1.1012499999999998
2025-04-16,brioche,Brioche,Pastry,evening,1,5.0
2025-04-16,butter_croissant,Butter Croissant,Pastry,evening,10,1.3
2025-04-16,butter_croissant,Butter Croissant,Pastry,midday,4,1.25
2025-04-16,butter_croissant,Butter Croissant,Pastry,morning,19,1.1300000000000001
2025-04-16,chocolate_cookie,Chocolate Cookie,Dessert,evening,8,1.0
2025-04-16,coffee_bun_sweet_bun,Coffee Bun / Sweet Bun,Pastry,midday,1,2.1
2025-04-16,country_sourdough,Country Sourdough,Bread,evening,5,1.56
2025-04-16,country_sourdough,Country Sourdough,Bread,midday,5,2.04
2025-04-16,country_sourdough,Country Sourdough,Bread,morning,20,1.5499999999999998
2025-04-16,fruit_tart,Fruit Tart,Dessert,evening,6,2.0
2025-04-16,fruit_tart,Fruit Tart,Dessert,midday,2,2.0
2025-04-16,fruit_tart,Fruit Tart,Dessert,morning,2,2.0
2025-04-16,ham_cheese_sandwich,Ham & Cheese Sandwich,Savory,midday,25,5.2368421052631575
2025-04-16,ham_cheese_sandwich,Ham & Cheese Sandwich,Savory,morning,2,4.5
2025-04-16,pain_au_chocolat,Pain au Chocolat,Pastry,midday,1,1.2
2025-04-16,pain_au_chocolat,Pain au Chocolat,Pastry,morning,19,1.2
2025-04-16,traditional_baguette,Traditional Baguette,Bread,evening,24,1.207142857142857
2025-04-16,traditional_baguette,Traditional Baguette,Bread,midday,58,1.175609756097561
2025-04-16,traditional_baguette,Traditional Baguette,Bread,morning,69,1.1107142857142858
2025-04-17,butter_croissant,Butter Croissant,Pastry,evening,1,1.4
2025-04-17,butter_croissant,Butter Croissant,Pastry,midday,4,1.3
2025-04-17,butter_croissant,Butter Croissant,Pastry,morning,24,1.1
2025-04-17,chocolate_cookie,Chocolate Cookie,Dessert,evening,1,1.0
2025-04-17,chocolate_cookie,Chocolate Cookie,Dessert,morning,3,1.0
2025-04-17,country_sourdough,Country Sourdough,Bread,evening,10,1.7222222222222223
2025-04-17,country_sourdough,Country Sourdough,Bread,midday,9,1.575
2025-04-17,country_sourdough,Country Sourdough,Bread,morning,13,1.3863636363636365
2025-04-17,fruit_tart,Fruit Tart,Dessert,midday,3,2.0
2025-04-17,fruit_tart,Fruit Tart,Dessert,morning,4,2.0
2025-04-17,ham_cheese_sandwich,Ham & Cheese Sandwich,Savory,midday,25,5.205882352941177
2025-04-17,ham_cheese_sandwich,Ham & Cheese Sandwich,Savory,morning,5,3.5
2025-04-17,pain_au_chocolat,Pain au Chocolat,Pastry,midday,2,1.2
2025-04-17,pain_au_chocolat,Pain au Chocolat,Pastry,morning,21,1.2
2025-04-17,traditional_baguette,Traditional Baguette,Bread,evening,27,1.1676470588235293
2025-04-17,traditional_baguette,Traditional Baguette,Bread,midday,62,1.13
2025-04-17,traditional_baguette,Traditional Baguette,Bread,morning,68,1.0490000000000002
2025-04-18,brioche,Brioche,Pastry,evening,2,5.0
2025-04-18,butter_croissant,Butter Croissant,Pastry,evening,1,1.4
2025-04-18,butter_croissant,Butter Croissant,Pastry,midday,6,1.175
2025-04-18,butter_croissant,Butter Croissant,Pastry,morning,19,1.1333333333333335
2025-04-18,chocolate_cookie,Chocolate Cookie,Dessert,evening,1,1.0
2025-04-18,chocolate_cookie,Chocolate Cookie,Dessert,midday,1,1.0
2025-04-18,chocolate_cookie,Chocolate Cookie,Dessert,morning,4,1.0
2025-04-18,coffee_bun_sweet_bun,Coffee Bun / Sweet Bun,Pastry,evening,1,7.5
2025-04-18,coffee_bun_sweet_bun,Coffee Bun / Sweet Bun,Pastry,morning,1,2.1
2025-04-18,country_sourdough,Country Sourdough,Bread,evening,6,1.3599999999999999
2025-04-18,country_sourdough,Country Sourdough,Bread,midday,10,2.065
2025-04-18,country_sourdough,Country Sourdough,Bread,morning,11,1.4125
2025-04-18,fruit_tart,Fruit Tart,Dessert,evening,2,2.0
2025-04-18,fruit_tart,Fruit Tart,Dessert,midday,2,2.0
2025-04-18,ham_cheese_sandwich,Ham & Cheese Sandwich,Savory,midday,21,5.676470588235294
2025-04-18,pain_au_chocolat,Pain au Chocolat,Pastry,midday,5,1.2
2025-04-18,pain_au_chocolat,Pain au Chocolat,Pastry,morning,25,1.2
2025-04-18,traditional_baguette,Traditional Baguette,Bread,evening,22,1.0178571428571428
2025-04-18,traditional_baguette,Traditional Baguette,Bread,midday,75,1.1500000000000001
2025-04-18,traditional_baguette,Traditional Baguette,Bread,morning,56,1.1257142857142857
2025-04-19,brioche,Brioche,Pastry,morning,1,5.0
2025-04-19,butter_croissant,Butter Croissant,Pastry,evening,4,1.1
2025-04-19,butter_croissant,Butter Croissant,Pastry,midday,10,1.1
2025-04-19,butter_croissant,Butter Croissant,Pastry,morning,39,1.1166666666666667
2025-04-19,chocolate_cookie,Chocolate Cookie,Dessert,evening,1,1.0
2025-04-19,coffee_bun_sweet_bun,Coffee Bun / Sweet Bun,Pastry,evening,1,7.5
2025-04-19,coffee_bun_sweet_bun,Coffee Bun / Sweet Bun,Pastry,midday,5,2.1
2025-04-19,country_sourdough,Country Sourdough,Bread,evening,8,1.4
2025-04-19,country_sourdough,Country Sourdough,Bread,midday,16,2.1142857142857143
2025-04-19,country_sourdough,Country Sourdough,Bread,morning,37,1.3692307692307693
2025-04-19,fruit_tart,Fruit Tart,Dessert,evening,2,10.5
2025-04-19,fruit_tart,Fruit Tart,Dessert,midday,11,4.5
2025-04-19,fruit_tart,Fruit Tart,Dessert,morning,6,4.333333333333333
2025-04-19,ham_cheese_sandwich,Ham & Cheese Sandwich,Savory,midday,6,5.625
2025-04-19,ham_cheese_sandwich,Ham & Cheese Sandwich,Savory,morning,1,4.5
2025-04-19,pain_au_chocolat,Pain au Chocolat,Pastry,midday,7,1.2
2025-04-19,pain_au_chocolat,Pain au Chocolat,Pastry,morning,36,1.2
2025-04-19,traditional_baguette,Traditional Baguette,Bread,evening,41,1.2272727272727273
2025-04-19,traditional_baguette,Traditional Baguette,Bread,midday,86,1.1726415094339622
2025-04-19,traditional_baguette,Traditional Baguette,Bread,morning,132,1.0999999999999999
2025-04-20,brioche,Brioche,Pastry,midday,1,5.0
2025-04-20,brioche,Brioche,Pastry,morning,8,5.0
2025-04-20,butter_croissant,Butter Croissant,Pastry,midday,16,1.1600000000000001
2025-04-20,butter_croissant,Butter Croissant,Pastry,morning,75,1.1214285714285714
2025-04-20,chocolate_cookie,Chocolate Cookie,Dessert,midday,1,1.0
2025-04-20,chocolate_cookie,Chocolate Cookie,Dessert,morning,6,1.0
2025-04-20,coffee_bun_sweet_bun,Coffee Bun / Sweet Bun,Pastry,morning,1,2.1
2025-04-20,country_sourdough,Country Sourdough,Bread,midday,19,1.7000000000000002
2025-04-20,country_sourdough,Country Sourdough,Bread,morning,33,1.655357142857143
2025-04-20,fruit_tart,Fruit Tart,Dessert,midday,9,5.166666666666667
2025-04-20,fruit_tart,Fruit Tart,Dessert,morning,12,2.7777777777777777
2025-04-20,ham_cheese_sandwich,Ham & Cheese Sandwich,Savory,midday,3,5.5
2025-04-20,ham_cheese_sandwich,Ham & Cheese Sandwich,Savory,morning,2,6.5
2025-04-20,pain_au_chocolat,Pain au Chocolat,Pastry,midday,8,1.2
2025-04-20,pain_au_chocolat,Pain au Chocolat,Pastry,morning,35,1.2
2025-04-20,traditional_baguette,Traditional Baguette,Bread,midday,156,1.1650485436893203
2025-04-20,traditional_baguette,Traditional Baguette,Bread,morning,153,1.1065656565656565
2025-04-21,butter_croissant,Butter Croissant,Pastry,evening,2,1.4
2025-04-21,butter_croissant,Butter Croissant,Pastry,midday,4,1.2
2025-04-21,butter_croissant,Butter Croissant,Pastry,morning,34,1.1428571428571428
2025-04-21,coffee_bun_sweet_bun,Coffee Bun / Sweet Bun,Pastry,morning,1,7.5
2025-04-21,country_sourdough,Country Sourdough,Bread,evening,9,1.3888888888888888
2025-04-21,country_sourdough,Country Sourdough,Bread,midday,12,1.518181818181818
2025-04-21,country_sourdough,Country Sourdough,Bread,morning,16,1.8714285714285714
2025-04-21,fruit_tart,Fruit Tart,Dessert,evening,6,2.0
2025-04-21,fruit_tart,Fruit Tart,Dessert,midday,3,2.0
2025-04-21,ham_cheese_sandwich,Ham & Cheese Sandwich,Savory,evening,2,4.5
2025-04-21,ham_cheese_sandwich,Ham & Cheese Sandwich,Savory,midday,12,4.590909090909091
2025-04-21,ham_cheese_sandwich,Ham & Cheese Sandwich,Savory,morning,12,4.875
2025-04-21,pain_au_chocolat,Pain au Chocolat,Pastry,midday,2,1.2
2025-04-21,pain_au_chocolat,Pain au Chocolat,Pastry,morning,21,1.2
2025-04-21,traditional_baguette,Traditional Baguette,Bread,evening,50,1.1671052631578949
2025-04-21,traditional_baguette,Traditional Baguette,Bread,midday,67,1.1441860465116278
2025-04-21,traditional_baguette,Traditional Baguette,Bread,morning,93,1.0959677419354839
2025-04-22,brioche,Brioche,Pastry,evening,1,5.0
2025-04-22,brioche,Brioche,Pastry,midday,1,5.0
2025-04-22,butter_croissant,Butter Croissant,Pastry,evening,6,1.1
2025-04-22,butter_croissant,Butter Croissant,Pastry,midday,4,1.3
2025-04-22,butter_croissant,Butter Croissant,Pastry,morning,15,1.1300000000000001
2025-04-22,chocolate_cookie,Chocolate Cookie,Dessert,midday,8,1.0
2025-04-22,chocolate_cookie,Chocolate Cookie,Dessert,morning,2,1.0
2025-04-22,coffee_bun_sweet_bun,Coffee Bun / Sweet Bun,Pastry,morning,1,2.1
2025-04-22,country_sourdough,Country Sourdough,Bread,evening,6,1.175
2025-04-22,country_sourdough,Country Sourdough,Bread,midday,6,2.1666666666666665
2025-04-22,country_sourdough,Country Sourdough,Bread,morning,20,1.6147058823529412
2025-04-22,fruit_tart,Fruit Tart,Dessert,midday,9,2.0
2025-04-22,fruit_tart,Fruit Tart,Dessert,morning,2,2.0
2025-04-22,ham_cheese_sandwich,Ham & Cheese Sandwich,Savory,midday,24,5.3
2025-04-22,ham_cheese_sandwich,Ham & Cheese Sandwich,Savory,morning,7,4.928571428571429
2025-04-22,pain_au_chocolat,Pain au Chocolat,Pastry,morning,23,1.2
2025-04-22,traditional_baguette,Traditional Baguette,Bread,evening,33,1.2
2025-04-22,traditional_baguette,Traditional Baguette,Bread,midday,66,1.1511904761904763
2025-04-22,traditional_baguette,Traditional Baguette,Bread,morning,75,1.1142857142857143
2025-04-23,coffee_bun_sweet_bun,Coffee Bun / Sweet Bun,Pastry,evening,8,3.18
2025-04-23,country_sourdough,Country Sourdough,Bread,evening,5,1.95
2025-04-23,traditional_baguette,Traditional Baguette,Bread,evening,37,1.18
2025-04-24,brioche,Brioche,Pastry,evening,1,5.0
2025-04-24,butter_croissant,Butter Croissant,Pastry,evening,14,1.1
2025-04-24,butter_croissant,Butter Croissant,Pastry,midday,6,1.2
2025-04-24,butter_croissant,Butter Croissant,Pastry,morning,16,1.1375000000000002
2025-04-24,chocolate_cookie,Chocolate Cookie,Dessert,midday,1,1.0
2025-04-24,chocolate_cookie,Chocolate Cookie,Dessert,morning,1,1.0
2025-04-24,country_sourdough,Country Sourdough,Bread,midday,4,1.6
2025-04-24,country_sourdough,Country Sourdough,Bread,morning,16,1.7464285714285714
2025-04-24,fruit_tart,Fruit Tart,Dessert,evening,1,2.0
2025-04-24,fruit_tart,Fruit Tart,Dessert,morning,1,2.0
2025-04-24,ham_cheese_sandwich,Ham & Cheese Sandwich,Savory,midday,22,4.75
2025-04-24,ham_cheese_sandwich,Ham & Cheese Sandwich,Savory,morning,3,5.5
2025-04-24,pain_au_chocolat,Pain au Chocolat,Pastry,evening,3,1.2
2025-04-24,pain_au_chocolat,Pain au Chocolat,Pastry,midday,2,1.2
2025-04-24,pain_au_chocolat,Pain au Chocolat,Pastry,morning,26,1.2
2025-04-24,traditional_baguette,Traditional Baguette,Bread,evening,33,1.1708333333333332
2025-04-24,traditional_baguette,Traditional Baguette,Bread,midday,50,1.1734375
2025-04-24,traditional_baguette,Traditional Baguette,Bread,morning,66,1.1012499999999998
2025-04-25,brioche,Brioche,Pastry,evening,1,5.0
2025-04-25,butter_croissant,Butter Croissant,Pastry,evening,5,1.2
2025-04-25,butter_croissant,Butter Croissant,Pastry,midday,3,1.1
2025-04-25,butter_croissant,Butter Croissant,Pastry,morning,13,1.1
2025-04-25,chocolate_cookie,Chocolate Cookie,Dessert,midday,3,1.0
2025-04-25,coffee_bun_sweet_bun,Coffee Bun / Sweet Bun,Pastry,evening,2,7.5
2025-04-25,coffee_bun_sweet_bun,Coffee Bun / Sweet Bun,Pastry,midday,1,2.1
2025-04-25,country_sourdough,Country Sourdough,Bread,evening,7,1.9857142857142855
2025-04-25,country_sourdough,Country Sourdough,Bread,midday,11,1.77
2025-04-25,country_sourdough,Country Sourdough,Bread,morning,14,1.5
2025-04-25,fruit_tart,Fruit Tart,Dessert,evening,6,2.0
2025-04-25,fruit_tart,Fruit Tart,Dessert,midday,1,2.0
2025-04-25,ham_cheese_sandwich,Ham & Cheese Sandwich,Savory,midday,23,5.944444444444445
2025-04-25,ham_cheese_sandwich,Ham & Cheese Sandwich,Savory,morning,5,5.833333333333333
2025-04-25,pain_au_chocolat,Pain au Chocolat,Pastry,evening,3,1.2
2025-04-25,pain_au_chocolat,Pain au Chocolat,Pastry,midday,3,1.2
2025-04-25,pain_au_chocolat,Pain au Chocolat,Pastry,morning,26,1.2
2025-04-25,traditional_baguette,Traditional Baguette,Bread,evening,17,1.23
2025-04-25,traditional_baguette,Traditional Baguette,Bread,midday,87,1.1284313725490196
2025-04-25,traditional_baguette,Traditional Baguette,Bread,morning,71,1.103191489361702
2025-04-26,brioche,Brioche,Pastry,midday,2,5.0
2025-04-26,brioche,Brioche,Pastry,morning,1,5.0
2025-04-26,butter_croissant,Butter Croissant,Pastry,evening,1,1.4
2025-04-26,butter_croissant,Butter Croissant,Pastry,midday,1,1.4
2025-04-26,butter_croissant,Butter Croissant,Pastry,morning,58,1.1166666666666667
2025-04-26,chocolate_cookie,Chocolate Cookie,Dessert,evening,1,1.0
2025-04-26,chocolate_cookie,Chocolate Cookie,Dessert,morning,6,1.0
2025-04-26,coffee_bun_sweet_bun,Coffee Bun / Sweet Bun,Pastry,midday,3,3.9
2025-04-26,coffee_bun_sweet_bun,Coffee Bun / Sweet Bun,Pastry,morning,1,2.1
2025-04-26,country_sourdough,Country Sourdough,Bread,evening,9,1.6666666666666667
2025-04-26,country_sourdough,Country Sourdough,Bread,midday,12,1.9909090909090907
2025-04-26,country_sourdough,Country Sourdough,Bread,morning,23,1.5035714285714286
2025-04-26,fruit_tart,Fruit Tart,Dessert,midday,3,5.333333333333333
2025-04-26,fruit_tart,Fruit Tart,Dessert,morning,1,9.0
2025-04-26,ham_cheese_sandwich,Ham & Cheese Sandwich,Savory,midday,2,6.5
2025-04-26,ham_cheese_sandwich,Ham & Cheese Sandwich,Savory,morning,4,4.166666666666667
2025-04-26,pain_au_chocolat,Pain au Chocolat,Pastry,morning,45,1.2
2025-04-26,traditional_baguette,Traditional Baguette,Bread,evening,10,1.2
2025-04-26,traditional_baguette,Traditional Baguette,Bread,midday,130,1.1623287671232876
2025-04-26,traditional_baguette,Traditional Baguette,Bread,morning,122,1.1288461538461538
2025-04-27,brioche,Brioche,Pastry,morning,4,5.0
2025-04-27,butter_croissant,Butter Croissant,Pastry,midday,16,1.175
2025-04-27,butter_croissant,Butter Croissant,Pastry,morning,84,1.1214285714285714
2025-04-27,chocolate_cookie,Chocolate Cookie,Dessert,midday,2,1.0
2025-04-27,chocolate_cookie,Chocolate Cookie,Dessert,morning,5,1.0
2025-04-27,coffee_bun_sweet_bun,Coffee Bun / Sweet Bun,Pastry,midday,1,2.1
2025-04-27,coffee_bun_sweet_bun,Coffee Bun / Sweet Bun,Pastry,morning,2,4.8
2025-04-27,country_sourdough,Country Sourdough,Bread,midday,31,1.8977272727272727
2025-04-27,country_sourdough,Country Sourdough,Bread,morning,23,1.4928571428571427
2025-04-27,fruit_tart,Fruit Tart,Dessert,midday,18,2.1
2025-04-27,fruit_tart,Fruit Tart,Dessert,morning,6,8.833333333333334
2025-04-27,ham_cheese_sandwich,Ham & Cheese Sandwich,Savory,midday,1,4.5
2025-04-27,ham_cheese_sandwich,Ham & Cheese Sandwich,Savory,morning,2,4.5
2025-04-27,pain_au_chocolat,Pain au Chocolat,Pastry,midday,7,1.2
2025-04-27,pain_au_chocolat,Pain au Chocolat,Pastry,morning,60,1.2
2025-04-27,traditional_baguette,Traditional Baguette,Bread,midday,127,1.1642857142857144
2025-04-27,traditional_baguette,Traditional Baguette,Bread,morning,150,1.1278947368421053
2025-04-28,butter_croissant,Butter Croissant,Pastry,evening,3,1.3
2025-04-28,butter_croissant,Butter Croissant,Pastry,midday,4,1.2
2025-04-28,butter_croissant,Butter Croissant,Pastry,morning,15,1.1
2025-04-28,chocolate_cookie,Chocolate Cookie,Dessert,evening,3,1.0
2025-04-28,chocolate_cookie,Chocolate Cookie,Dessert,midday,3,1.0
2025-04-28,chocolate_cookie,Chocolate Cookie,Dessert,morning,2,1.0
2025-04-28,coffee_bun_sweet_bun,Coffee Bun / Sweet Bun,Pastry,midday,1,2.1
2025-04-28,country_sourdough,Country Sourdough,Bread,evening,5,1.98
2025-04-28,country_sourdough,Country Sourdough,Bread,midday,6,1.5333333333333332
2025-04-28,country_sourdough,Country Sourdough,Bread,morning,11,1.3599999999999999
2025-04-28,fruit_tart,Fruit Tart,Dessert,evening,1,2.5
2025-04-28,ham_cheese_sandwich,Ham & Cheese Sandwich,Savory,evening,1,4.5
2025-04-28,ham_cheese_sandwich,Ham & Cheese Sandwich,Savory,midday,11,5.045454545454546
2025-04-28,ham_cheese_sandwich,Ham & Cheese Sandwich,Savory,morning,4,4.75
2025-04-28,pain_au_chocolat,Pain au Chocolat,Pastry,evening,1,1.2
2025-04-28,pain_au_chocolat,Pain au Chocolat,Pastry,morning,18,1.2
2025-04-28,traditional_baguette,Traditional Baguette,Bread,evening,37,1.1769230769230767
2025-04-28,traditional_baguette,Traditional Baguette,Bread,midday,47,1.1689189189189189
2025-04-28,traditional_baguette,Traditional Baguette,Bread,morning,63,1.0790697674418603
2025-04-29,brioche,Brioche,Pastry,morning,1,5.0
2025-04-29,butter_croissant,Butter Croissant,Pastry,evening,2,1.25
2025-04-29,butter_croissant,Butter Croissant,Pastry,midday,7,1.25
2025-04-29,butter_croissant,Butter Croissant,Pastry,morning,16,1.1428571428571428
2025-04-29,chocolate_cookie,Chocolate Cookie,Dessert,evening,1,1.0
2025-04-29,coffee_bun_sweet_bun,Coffee Bun / Sweet Bun,Pastry,evening,1,2.1
2025-04-29,country_sourdough,Country Sourdough,Bread,evening,6,1.64
2025-04-29,country_sourdough,Country Sourdough,Bread,midday,7,1.657142857142857
2025-04-29,country_sourdough,Country Sourdough,Bread,morning,14,1.42
2025-04-29,fruit_tart,Fruit Tart,Dessert,evening,1,2.0
2025-04-29,ham_cheese_sandwich,Ham & Cheese Sandwich,Savory,midday,16,5.285714285714286
2025-04-29,ham_cheese_sandwich,Ham & Cheese Sandwich,Savory,morning,6,5.0
2025-04-29,pain_au_chocolat,Pain au Chocolat,Pastry,evening,2,1.2
2025-04-29,pain_au_chocolat,Pain au Chocolat,Pastry,midday,4,1.2
2025-04-29,pain_au_chocolat,Pain au Chocolat,Pastry,morning,21,1.2
2025-04-29,traditional_baguette,Traditional Baguette,Bread,evening,14,1.125
2025-04-29,traditional_baguette,Traditional Baguette,Bread,midday,60,1.175
2025-04-29,traditional_baguette,Traditional Baguette,Bread,morning,62,1.1078947368421053
2025-04-30,brioche,Brioche,Pastry,midday,1,5.0
2025-04-30,butter_croissant,Butter Croissant,Pastry,evening,1,1.4
2025-04-30,butter_croissant,Butter Croissant,Pastry,morning,19,1.1
2025-04-30,chocolate_cookie,Chocolate Cookie,Dessert,morning,1,1.0
2025-04-30,country_sourdough,Country Sourdough,Bread,evening,6,1.42
2025-04-30,country_sourdough,Country Sourdough,Bread,midday,9,2.3375
2025-04-30,country_sourdough,Country Sourdough,Bread,morning,14,1.4388888888888889
2025-04-30,fruit_tart,Fruit Tart,Dessert,midday,3,2.5
2025-04-30,fruit_tart,Fruit Tart,Dessert,morning,3,2.0
2025-04-30,ham_cheese_sandwich,Ham & Cheese Sandwich,Savory,midday,21,5.382352941176471
2025-04-30,pain_au_chocolat,Pain au Chocolat,Pastry,morning,27,1.2
2025-04-30,traditional_baguette,Traditional Baguette,Bread,evening,22,1.1769230769230767
2025-04-30,traditional_baguette,Traditional Baguette,Bread,midday,72,1.2239130434782608
2025-04-30,traditional_baguette,Traditional Baguette,Bread,morning,39,1.1413793103448275
2025-05-01,butter_croissant,Butter Croissant,Pastry,evening,2,1.1
2025-05-01,butter_croissant,Butter Croissant,Pastry,morning,24,1.1
2025-05-01,chocolate_cookie,Chocolate Cookie,Dessert,midday,1,1.0
2025-05-01,coffee_bun_sweet_bun,Coffee Bun / Sweet Bun,Pastry,evening,2,2.1
2025-05-01,coffee_bun_sweet_bun,Coffee Bun / Sweet Bun,Pastry,midday,1,7.5
2025-05-01,country_sourdough,Country Sourdough,Bread,evening,5,1.6800000000000002
2025-05-01,country_sourdough,Country Sourdough,Bread,midday,4,1.6749999999999998
2025-05-01,country_sourdough,Country Sourdough,Bread,morning,19,1.525
2025-05-01,fruit_tart,Fruit Tart,Dessert,evening,2,2.0
2025-05-01,fruit_tart,Fruit Tart,Dessert,morning,5,2.0
2025-05-01,ham_cheese_sandwich,Ham & Cheese Sandwich,Savory,midday,17,5.566666666666666
2025-05-01,ham_cheese_sandwich,Ham & Cheese Sandwich,Savory,morning,3,5.0
2025-05-01,pain_au_chocolat,Pain au Chocolat,Pastry,morning,19,1.2
2025-05-01,traditional_baguette,Traditional Baguette,Bread,evening,39,1.1788461538461539
2025-05-01,traditional_baguette,Traditional Baguette,Bread,midday,47,1.1916666666666667
2025-05-01,traditional_baguette,Traditional Baguette,Bread,morning,49,1.0805555555555555
2025-05-02,brioche,Brioche,Pastry,evening,2,5.0
2025-05-02,butter_croissant,Butter Croissant,Pastry,evening,12,1.25
2025-05-02,butter_croissant,Butter Croissant,Pastry,morning,11,1.1
2025-05-02,chocolate_cookie,Chocolate Cookie,Dessert,evening,1,1.0
2025-05-02,chocolate_cookie,Chocolate Cookie,Dessert,midday,1,1.0
2025-05-02,chocolate_cookie,Chocolate Cookie,Dessert,morning,2,1.0
2025-05-02,coffee_bun_sweet_bun,Coffee Bun / Sweet Bun,Pastry,evening,4,5.7
2025-05-02,coffee_bun_sweet_bun,Coffee Bun / Sweet Bun,Pastry,midday,2,2.1
2025-05-02,country_sourdough,Country Sourdough,Bread,evening,4,1.3
2025-05-02,country_sourdough,Country Sourdough,Bread,midday,22,1.7289473684210528
2025-05-02,country_sourdough,Country Sourdough,Bread,morning,7,1.3875
2025-05-02,fruit_tart,Fruit Tart,Dessert,midday,5,2.0
2025-05-02,ham_cheese_sandwich,Ham & Cheese Sandwich,Savory,midday,15,5.269230769230769
2025-05-02,ham_cheese_sandwich,Ham & Cheese Sandwich,Savory,morning,6,5.5
2025-05-02,pain_au_chocolat,Pain au Chocolat,Pastry,midday,3,1.2
2025-05-02,pain_au_chocolat,Pain au Chocolat,Pastry,morning,21,1.2
2025-05-02,traditional_baguette,Traditional Baguette,Bread,evening,46,1.1925925925925924
2025-05-02,traditional_baguette,Traditional Baguette,Bread,midday,61,1.16
2025-05-02,traditional_baguette,Traditional Baguette,Bread,morning,43,1.0692307692307692
2025-05-03,brioche,Brioche,Pastry,morning,1,5.0
2025-05-03,butter_croissant,Butter Croissant,Pastry,midday,2,1.4
2025-05-03,butter_croissant,Butter Croissant,Pastry,morning,48,1.12
2025-05-03,chocolate_cookie,Chocolate Cookie,Dessert,evening,3,1.0
2025-05-03,chocolate_cookie,Chocolate Cookie,Dessert,midday,2,1.0
2025-05-03,coffee_bun_sweet_bun,Coffee Bun / Sweet Bun,Pastry,evening,2,2.1
2025-05-03,coffee_bun_sweet_bun,Coffee Bun / Sweet Bun,Pastry,midday,2,2.1
2025-05-03,country_sourdough,Country Sourdough,Bread,evening,5,1.75
2025-05-03,country_sourdough,Country Sourdough,Bread,midday,12,1.5363636363636362
2025-05-03,country_sourdough,Country Sourdough,Bread,morning,18,1.440909090909091
2025-05-03,fruit_tart,Fruit Tart,Dessert,evening,2,2.0
2025-05-03,fruit_tart,Fruit Tart,Dessert,midday,5,5.625
2025-05-03,fruit_tart,Fruit Tart,Dessert,morning,7,6.25
2025-05-03,ham_cheese_sandwich,Ham & Cheese Sandwich,Savory,midday,3,4.5
2025-05-03,ham_cheese_sandwich,Ham & Cheese Sandwich,Savory,morning,2,3.5
2025-05-03,pain_au_chocolat,Pain au Chocolat,Pastry,midday,15,1.2
2025-05-03,pain_au_chocolat,Pain au Chocolat,Pastry,morning,27,1.2
2025-05-03,traditional_baguette,Traditional Baguette,Bread,evening,14,1.172222222222222
2025-05-03,traditional_baguette,Traditional Baguette,Bread,midday,79,1.1615384615384614
2025-05-03,traditional_baguette,Traditional Baguette,Bread,morning,87,1.1166666666666667
2025-05-04,brioche,Brioche,Pastry,morning,6,5.0
2025-05-04,butter_croissant,Butter Croissant,Pastry,midday,11,1.25
2025-05-04,butter_croissant,Butter Croissant,Pastry,morning,64,1.1142857142857143
2025-05-04,chocolate_cookie,Chocolate Cookie,Dessert,midday,10,1.0
2025-05-04,chocolate_cookie,Chocolate Cookie,Dessert,morning,1,1.0
2025-05-04,coffee_bun_sweet_bun,Coffee Bun / Sweet Bun,Pastry,morning,2,7.5
2025-05-04,country_sourdough,Country Sourdough,Bread,midday,18,1.8294117647058825
2025-05-04,country_sourdough,Country Sourdough,Bread,morning,27,1.5636363636363635
2025-05-04,fruit_tart,Fruit Tart,Dessert,midday,11,4.1875
2025-05-04,fruit_tart,Fruit Tart,Dessert,morning,13,5.375
2025-05-04,ham_cheese_sandwich,Ham & Cheese Sandwich,Savory,midday,4,5.5
2025-05-04,ham_cheese_sandwich,Ham & Cheese Sandwich,Savory,morning,3,5.166666666666667
2025-05-04,pain_au_chocolat,Pain au Chocolat,Pastry,morning,48,1.2
2025-05-04,traditional_baguette,Traditional Baguette,Bread,midday,119,1.1552631578947368
2025-05-04,traditional_baguette,Traditional Baguette,Bread,morning,127,1.1403614457831324
2025-05-05,brioche,Brioche,Pastry,midday,1,5.0
2025-05-05,butter_croissant,Butter Croissant,Pastry,evening,2,1.4
2025-05-05,butter_croissant,Butter Croissant,Pastry,midday,6,1.325
2025-05-05,butter_croissant,Butter Croissant,Pastry,morning,17,1.1
2025-05-05,chocolate_cookie,Chocolate Cookie,Dessert,evening,6,1.0
2025-05-05,chocolate_cookie,Chocolate Cookie,Dessert,morning,1,1.0
2025-05-05,coffee_bun_sweet_bun,Coffee Bun / Sweet Bun,Pastry,evening,1,2.1
2025-05-05,country_sourdough,Country Sourdough,Bread,evening,7,1.542857142857143
2025-05-05,country_sourdough,Country Sourdough,Bread,midday,13,1.5863636363636362
2025-05-05,country_sourdough,Country Sourdough,Bread,morning,15,1.6807692307692306
2025-05-05,fruit_tart,Fruit Tart,Dessert,midday,1,2.5
2025-05-05,ham_cheese_sandwich,Ham & Cheese Sandwich,Savory,midday,13,5.833333333333333
2025-05-05,ham_cheese_sandwich,Ham & Cheese Sandwich,Savory,morning,2,6.5
2025-05-05,pain_au_chocolat,Pain au Chocolat,Pastry,morning,22,1.2
2025-05-05,traditional_baguette,Traditional Baguette,Bread,evening,44,1.1321428571428571
2025-05-05,traditional_baguette,Traditional Baguette,Bread,midday,56,1.1464285714285714
2025-05-05,traditional_baguette,Traditional Baguette,Bread,morning,59,1.1038461538461537
2025-05-06,butter_croissant,Butter Croissant,Pastry,evening,10,1.175
2025-05-06,butter_croissant,Butter Croissant,Pastry,midday,2,1.4
2025-05-06,butter_croissant,Butter Croissant,Pastry,morning,6,1.1600000000000001
2025-05-06,chocolate_cookie,Chocolate Cookie,Dessert,evening,1,1.0
2025-05-06,chocolate_cookie,Chocolate Cookie,Dessert,midday,4,1.0
2025-05-06,coffee_bun_sweet_bun,Coffee Bun / Sweet Bun,Pastry,morning,1,2.1
2025-05-06,country_sourdough,Country Sourdough,Bread,evening,7,1.3571428571428572
2025-05-06,country_sourdough,Country Sourdough,Bread,midday,7,1.5857142857142856
2025-05-06,country_sourdough,Country Sourdough,Bread,morning,12,1.440909090909091
2025-05-06,fruit_tart,Fruit Tart,Dessert,midday,2,5.5
2025-05-06,fruit_tart,Fruit Tart,Dessert,morning,1,2.0
2025-05-06,ham_cheese_sandwich,Ham & Cheese Sandwich,Savory,midday,20,5.5
2025-05-06,ham_cheese_sandwich,Ham & Cheese Sandwich,Savory,morning,5,4.833333333333333
2025-05-06,pain_au_chocolat,Pain au Chocolat,Pastry,evening,8,1.2
2025-05-06,pain_au_chocolat,Pain au Chocolat,Pastry,morning,15,1.2
2025-05-06,traditional_baguette,Traditional Baguette,Bread,evening,20,1.1676470588235293
2025-05-06,traditional_baguette,Traditional Baguette,Bread,midday,48,1.0803030303030303
2025-05-06,traditional_baguette,Traditional Baguette,Bread,morning,59,1.1085365853658538
2025-05-07,butter_croissant,Butter Croissant,Pastry,evening,2,1.4
2025-05-07,butter_croissant,Butter Croissant,Pastry,midday,1,1.4
2025-05-07,butter_croissant,Butter Croissant,Pastry,morning,18,1.1
2025-05-07,chocolate_cookie,Chocolate Cookie,Dessert,evening,4,1.0
2025-05-07,chocolate_cookie,Chocolate Cookie,Dessert,morning,5,1.0
2025-05-07,coffee_bun_sweet_bun,Coffee Bun / Sweet Bun,Pastry,evening,1,2.1
2025-05-07,country_sourdough,Country Sourdough,Bread,evening,5,1.3599999999999999
2025-05-07,country_sourdough,Country Sourdough,Bread,midday,8,2.025
2025-05-07,country_sourdough,Country Sourdough,Bread,morning,12,1.7374999999999998
2025-05-07,fruit_tart,Fruit Tart,Dessert,evening,2,2.0
2025-05-07,fruit_tart,Fruit Tart,Dessert,midday,5,2.0
2025-05-07,fruit_tart,Fruit Tart,Dessert,morning,2,2.0
2025-05-07,ham_cheese_sandwich,Ham & Cheese Sandwich,Savory,evening,1,3.5
2025-05-07,ham_cheese_sandwich,Ham & Cheese Sandwich,Savory,midday,11,5.9
2025-05-07,ham_cheese_sandwich,Ham & Cheese Sandwich,Savory,morning,8,5.666666666666667
2025-05-07,pain_au_chocolat,Pain au Chocolat,Pastry,evening,1,1.2
2025-05-07,pain_au_chocolat,Pain au Chocolat,Pastry,midday,1,1.2
2025-05-07,pain_au_chocolat,Pain au Chocolat,Pastry,morning,21,1.2
2025-05-07,traditional_baguette,Traditional Baguette,Bread,evening,37,1.1673076923076922
2025-05-07,traditional_baguette,Traditional Baguette,Bread,midday,49,1.1441176470588235
2025-05-07,traditional_baguette,Traditional Baguette,Bread,morning,51,1.0583333333333333
2025-05-08,brownie,Brownie,Dessert,morning,1,2.5
2025-05-08,butter_croissant,Butter Croissant,Pastry,evening,6,1.28
2025-05-08,butter_croissant,Butter Croissant,Pastry,morning,28,1.1333333333333335
2025-05-08,chocolate_cookie,Chocolate Cookie,Dessert,evening,6,1.0
2025-05-08,chocolate_cookie,Chocolate Cookie,Dessert,morning,1,1.0
2025-05-08,coffee_bun_sweet_bun,Coffee Bun / Sweet Bun,Pastry,evening,2,2.1
2025-05-08,coffee_bun_sweet_bun,Coffee Bun / Sweet Bun,Pastry,morning,3,2.1
2025-05-08,country_sourdough,Country Sourdough,Bread,evening,7,1.4285714285714286
2025-05-08,country_sourdough,Country Sourdough,Bread,midday,9,2.0444444444444443
2025-05-08,country_sourdough,Country Sourdough,Bread,morning,25,1.65
2025-05-08,fruit_tart,Fruit Tart,Dessert,evening,2,2.0
2025-05-08,fruit_tart,Fruit Tart,Dessert,midday,6,2.0
2025-05-08,fruit_tart,Fruit Tart,Dessert,morning,9,2.0
2025-05-08,ham_cheese_sandwich,Ham & Cheese Sandwich,Savory,midday,11,5.1
2025-05-08,ham_cheese_sandwich,Ham & Cheese Sandwich,Savory,morning,5,5.5
2025-05-08,pain_au_chocolat,Pain au Chocolat,Pastry,evening,3,1.2
2025-05-08,pain_au_chocolat,Pain au Chocolat,Pastry,midday,2,1.2
2025-05-08,pain_au_chocolat,Pain au Chocolat,Pastry,morning,22,1.2
2025-05-08,traditional_baguette,Traditional Baguette,Bread,evening,45,1.1796296296296296
2025-05-08,traditional_baguette,Traditional Baguette,Bread,midday,37,1.1111111111111112
2025-05-08,traditional_baguette,Traditional Baguette,Bread,morning,56,1.0767441860465115
2025-05-09,brioche,Brioche,Pastry,morning,1,5.0
2025-05-09,butter_croissant,Butter Croissant,Pastry,evening,6,1.2
2025-05-09,butter_croissant,Butter Croissant,Pastry,midday,8,1.2
2025-05-09,butter_croissant,Butter Croissant,Pastry,morning,14,1.175
2025-05-09,chocolate_cookie,Chocolate Cookie,Dessert,evening,9,1.0
2025-05-09,chocolate_cookie,Chocolate Cookie,Dessert,morning,1,1.0
2025-05-09,coffee_bun_sweet_bun,Coffee Bun / Sweet Bun,Pastry,evening,4,3.9
2025-05-09,country_sourdough,Country Sourdough,Bread,evening,9,1.738888888888889
2025-05-09,country_sourdough,Country Sourdough,Bread,midday,15,1.4833333333333334
2025-05-09,country_sourdough,Country Sourdough,Bread,morning,18,1.640625
2025-05-09,fruit_tart,Fruit Tart,Dessert,evening,6,4.333333333333333
2025-05-09,fruit_tart,Fruit Tart,Dessert,midday,2,2.0
2025-05-09,fruit_tart,Fruit Tart,Dessert,morning,4,5.333333333333333
2025-05-09,ham_cheese_sandwich,Ham & Cheese Sandwich,Savory,midday,11,5.5
2025-05-09,ham_cheese_sandwich,Ham & Cheese Sandwich,Savory,morning,12,5.166666666666667
2025-05-09,pain_au_chocolat,Pain au Chocolat,Pastry,evening,4,1.2
2025-05-09,pain_au_chocolat,Pain au Chocolat,Pastry,midday,8,1.2
2025-05-09,pain_au_chocolat,Pain au Chocolat,Pastry,morning,15,1.2
2025-05-09,traditional_baguette,Traditional Baguette,Bread,evening,11,1.2
2025-05-09,traditional_baguette,Traditional Baguette,Bread,midday,63,1.15875
2025-05-09,traditional_baguette,Traditional Baguette,Bread,morning,78,1.1065217391304347
2025-05-10,brioche,Brioche,Pastry,midday,1,5.0
2025-05-10,brioche,Brioche,Pastry,morning,2,5.0
2025-05-10,butter_croissant,Butter Croissant,Pastry,evening,2,1.4
2025-05-10,butter_croissant,Butter Croissant,Pastry,midday,3,1.3
2025-05-10,butter_croissant,Butter Croissant,Pastry,morning,42,1.1375000000000002
2025-05-10,chocolate_cookie,Chocolate Cookie,Dessert,midday,1,1.0
2025-05-10,chocolate_cookie,Chocolate Cookie,Dessert,morning,2,1.0
2025-05-10,coffee_bun_sweet_bun,Coffee Bun / Sweet Bun,Pastry,midday,1,7.5
2025-05-10,coffee_bun_sweet_bun,Coffee Bun / Sweet Bun,Pastry,morning,2,4.8
2025-05-10,country_sourdough,Country Sourdough,Bread,evening,9,1.3857142857142857
2025-05-10,country_sourdough,Country Sourdough,Bread,midday,19,1.8833333333333333
2025-05-10,country_sourdough,Country Sourdough,Bread,morning,14,1.736363636363636
2025-05-10,fruit_tart,Fruit Tart,Dessert,evening,10,3.4
2025-05-10,fruit_tart,Fruit Tart,Dessert,midday,4,8.666666666666666
2025-05-10,fruit_tart,Fruit Tart,Dessert,morning,1,9.0
2025-05-10,ham_cheese_sandwich,Ham & Cheese Sandwich,Savory,midday,9,5.5
2025-05-10,ham_cheese_sandwich,Ham & Cheese Sandwich,Savory,morning,18,4.0
2025-05-10,pain_au_chocolat,Pain au Chocolat,Pastry,evening,4,1.2
2025-05-10,pain_au_chocolat,Pain au Chocolat,Pastry,midday,2,1.2
2025-05-10,pain_au_chocolat,Pain au Chocolat,Pastry,morning,32,1.2
2025-05-10,traditional_baguette,Traditional Baguette,Bread,evening,19,1.0769230769230769
2025-05-10,traditional_baguette,Traditional Baguette,Bread,midday,105,1.1333333333333333
2025-05-10,traditional_baguette,Traditional Baguette,Bread,morning,111,1.1072580645161292
2025-05-11,brioche,Brioche,Pastry,midday,3,5.0
2025-05-11,butter_croissant,Butter Croissant,Pastry,midday,1,1.4
2025-05-11,butter_croissant,Butter Croissant,Pastry,morning,95,1.1
2025-05-11,chocolate_cookie,Chocolate Cookie,Dessert,morning,7,1.0
2025-05-11,coffee_bun_sweet_bun,Coffee Bun / Sweet Bun,Pastry,midday,5,2.1
2025-05-11,coffee_bun_sweet_bun,Coffee Bun / Sweet Bun,Pastry,morning,4,4.8
2025-05-11,country_sourdough,Country Sourdough,Bread,midday,14,1.9615384615384615
2025-05-11,country_sourdough,Country Sourdough,Bread,morning,38,1.5233333333333332
2025-05-11,fruit_tart,Fruit Tart,Dessert,midday,16,4.1
2025-05-11,fruit_tart,Fruit Tart,Dessert,morning,3,7.666666666666667
2025-05-11,ham_cheese_sandwich,Ham & Cheese Sandwich,Savory,midday,2,4.0
2025-05-11,ham_cheese_sandwich,Ham & Cheese Sandwich,Savory,morning,4,5.5
2025-05-11,pain_au_chocolat,Pain au Chocolat,Pastry,morning,70,1.2
2025-05-11,traditional_baguette,Traditional Baguette,Bread,midday,141,1.1543956043956043
2025-05-11,traditional_baguette,Traditional Baguette,Bread,morning,160,1.129081632653061
2025-05-12,butter_croissant,Butter Croissant,Pastry,evening,6,1.1
2025-05-12,butter_croissant,Butter Croissant,Pastry,morning,26,1.1300000000000001
2025-05-12,coffee_bun_sweet_bun,Coffee Bun / Sweet Bun,Pastry,midday,1,2.1
2025-05-12,coffee_bun_sweet_bun,Coffee Bun / Sweet Bun,Pastry,morning,2,2.1
2025-05-12,country_sourdough,Country Sourdough,Bread,evening,4,2.325
2025-05-12,country_sourdough,Country Sourdough,Bread,midday,6,1.7
2025-05-12,country_sourdough,Country Sourdough,Bread,morning,13,1.6115384615384616
2025-05-12,fruit_tart,Fruit Tart,Dessert,evening,2,2.0
2025-05-12,fruit_tart,Fruit Tart,Dessert,midday,3,2.0
2025-05-12,fruit_tart,Fruit Tart,Dessert,morning,3,5.5
2025-05-12,ham_cheese_sandwich,Ham & Cheese Sandwich,Savory,midday,15,5.857142857142857
2025-05-12,ham_cheese_sandwich,Ham & Cheese Sandwich,Savory,morning,4,5.5
2025-05-12,pain_au_chocolat,Pain au Chocolat,Pastry,morning,22,1.2
2025-05-12,traditional_baguette,Traditional Baguette,Bread,evening,29,1.1333333333333333
2025-05-12,traditional_baguette,Traditional Baguette,Bread,midday,55,1.2304347826086957
2025-05-12,traditional_baguette,Traditional Baguette,Bread,morning,59,1.10625
2025-05-13,brioche,Brioche,Pastry,evening,1,5.0
2025-05-13,butter_croissant,Butter Croissant,Pastry,evening,2,1.1
2025-05-13,butter_croissant,Butter Croissant,Pastry,morning,15,1.1333333333333335
2025-05-13,chocolate_cookie,Chocolate Cookie,Dessert,evening,2,1.0
2025-05-13,chocolate_cookie,Chocolate Cookie,Dessert,morning,2,1.0
2025-05-13,coffee_bun_sweet_bun,Coffee Bun / Sweet Bun,Pastry,midday,5,2.1
2025-05-13,country_sourdough,Country Sourdough,Bread,evening,3,1.8333333333333333
2025-05-13,country_sourdough,Country Sourdough,Bread,midday,7,1.6214285714285714
2025-05-13,country_sourdough,Country Sourdough,Bread,morning,9,1.36875
2025-05-13,fruit_tart,Fruit Tart,Dessert,midday,1,9.0
2025-05-13,ham_cheese_sandwich,Ham & Cheese Sandwich,Savory,evening,1,6.5
2025-05-13,ham_cheese_sandwich,Ham & Cheese Sandwich,Savory,midday,13,5.5
2025-05-13,ham_cheese_sandwich,Ham & Cheese Sandwich,Savory,morning,4,6.5
2025-05-13,pain_au_chocolat,Pain au Chocolat,Pastry,evening,3,1.2
2025-05-13,pain_au_chocolat,Pain au Chocolat,Pastry,morning,14,1.2
2025-05-13,traditional_baguette,Traditional Baguette,Bread,evening,28,1.18125
2025-05-13,traditional_baguette,Traditional Baguette,Bread,midday,40,1.1333333333333333
2025-05-13,traditional_baguette,Traditional Baguette,Bread,morning,31,1.0769230769230769
2025-05-14,brioche,Brioche,Pastry,morning,1,5.0
2025-05-14,butter_croissant,Butter Croissant,Pastry,evening,4,1.1
2025-05-14,butter_croissant,Butter Croissant,Pastry,morning,18,1.1
2025-05-14,country_sourdough,Country Sourdough,Bread,evening,7,1.3857142857142857
2025-05-14,country_sourdough,Country Sourdough,Bread,midday,11,1.5699999999999998
2025-05-14,country_sourdough,Country Sourdough,Bread,morning,7,1.5249999999999997
2025-05-14,fruit_tart,Fruit Tart,Dessert,evening,2,2.0
2025-05-14,fruit_tart,Fruit Tart,Dessert,midday,2,2.0
2025-05-14,ham_cheese_sandwich,Ham & Cheese Sandwich,Savory,midday,18,6.0
2025-05-14,ham_cheese_sandwich,Ham & Cheese Sandwich,Savory,morning,3,3.5
2025-05-14,pain_au_chocolat,Pain au Chocolat,Pastry,morning,24,1.2
2025-05-14,traditional_baguette,Traditional Baguette,Bread,evening,22,1.2049999999999998
2025-05-14,traditional_baguette,Traditional Baguette,Bread,midday,57,1.15875
2025-05-14,traditional_baguette,Traditional Baguette,Bread,morning,31,1.15
2025-05-15,brioche,Brioche,Pastry,midday,1,5.0
2025-05-15,brioche,Brioche,Pastry,morning,1,5.0
2025-05-15,butter_croissant,Butter Croissant,Pastry,evening,2,1.1
2025-05-15,butter_croissant,Butter Croissant,Pastry,midday,4,1.25
2025-05-15,butter_croissant,Butter Croissant,Pastry,morning,11,1.1
2025-05-15,chocolate_cookie,Chocolate Cookie,Dessert,evening,2,1.0
2025-05-15,coffee_bun_sweet_bun,Coffee Bun / Sweet Bun,Pastry,midday,2,2.1
2025-05-15,country_sourdough,Country Sourdough,Bread,evening,8,1.42
2025-05-15,country_sourdough,Country Sourdough,Bread,midday,3,1.5
2025-05-15,country_sourdough,Country Sourdough,Bread,morning,11,1.4722222222222223
2025-05-15,fruit_tart,Fruit Tart,Dessert,evening,2,2.0
2025-05-15,fruit_tart,Fruit Tart,Dessert,midday,2,2.0
2025-05-15,ham_cheese_sandwich,Ham & Cheese Sandwich,Savory,midday,20,5.5
2025-05-15,ham_cheese_sandwich,Ham & Cheese Sandwich,Savory,morning,8,6.1
2025-05-15,pain_au_chocolat,Pain au Chocolat,Pastry,evening,2,1.2
2025-05-15,pain_au_chocolat,Pain au Chocolat,Pastry,morning,13,1.2
2025-05-15,traditional_baguette,Traditional Baguette,Bread,evening,32,1.1749999999999998
2025-05-15,traditional_baguette,Traditional Baguette,Bread,midday,52,1.1569444444444443
2025-05-15,traditional_baguette,Traditional Baguette,Bread,morning,39,1.0844827586206895
2025-05-16,butter_croissant,Butter Croissant,Pastry,evening,8,1.2
2025-05-16,butter_croissant,Butter Croissant,Pastry,midday,20,1.2
2025-05-16,butter_croissant,Butter Croissant,Pastry,morning,39,1.1545454545454545
2025-05-16,chocolate_cookie,Chocolate Cookie,Dessert,morning,2,1.0
2025-05-16,coffee_bun_sweet_bun,Coffee Bun / Sweet Bun,Pastry,evening,1,7.5
2025-05-16,country_sourdough,Country Sourdough,Bread,evening,4,1.3666666666666665
2025-05-16,country_sourdough,Country Sourdough,Bread,midday,9,2.0125
2025-05-16,country_sourdough,Country Sourdough,Bread,morning,5,1.9
2025-05-16,fruit_tart,Fruit Tart,Dessert,evening,2,2.0
2025-05-16,fruit_tart,Fruit Tart,Dessert,midday,2,2.0
2025-05-16,ham_cheese_sandwich,Ham & Cheese Sandwich,Savory,evening,1,6.5
2025-05-16,ham_cheese_sandwich,Ham & Cheese Sandwich,Savory,midday,5,5.5
2025-05-16,ham_cheese_sandwich,Ham & Cheese Sandwich,Savory,morning,9,4.5
2025-05-16,pain_au_chocolat,Pain au Chocolat,Pastry,midday,18,1.2
2025-05-16,pain_au_chocolat,Pain au Chocolat,Pastry,morning,31,1.2
2025-05-16,traditional_baguette,Traditional Baguette,Bread,evening,33,1.1738095238095236
2025-05-16,traditional_baguette,Traditional Baguette,Bread,midday,40,1.1548387096774193
2025-05-16,traditional_baguette,Traditional Baguette,Bread,morning,33,1.0704545454545455
2025-05-17,brioche,Brioche,Pastry,evening,3,5.0
2025-05-17,brioche,Brioche,Pastry,midday,1,5.0
2025-05-17,butter_croissant,Butter Croissant,Pastry,evening,2,1.1
2025-05-17,butter_croissant,Butter Croissant,Pastry,midday,13,1.1
2025-05-17,butter_croissant,Butter Croissant,Pastry,morning,34,1.1214285714285714
2025-05-17,chocolate_cookie,Chocolate Cookie,Dessert,morning,6,1.0
2025-05-17,coffee_bun_sweet_bun,Coffee Bun / Sweet Bun,Pastry,morning,4,2.1
2025-05-17,country_sourdough,Country Sourdough,Bread,evening,4,1.3833333333333335
2025-05-17,country_sourdough,Country Sourdough,Bread,midday,30,2.05
2025-05-17,country_sourdough,Country Sourdough,Bread,morning,21,1.7333333333333334
2025-05-17,fruit_tart,Fruit Tart,Dessert,midday,1,2.0
2025-05-17,ham_cheese_sandwich,Ham & Cheese Sandwich,Savory,midday,8,5.5
2025-05-17,ham_cheese_sandwich,Ham & Cheese Sandwich,Savory,morning,2,4.0
2025-05-17,pain_au_chocolat,Pain au Chocolat,Pastry,evening,2,1.2
2025-05-17,pain_au_chocolat,Pain au Chocolat,Pastry,morning,21,1.2
2025-05-17,traditional_baguette,Traditional Baguette,Bread,evening,38,1.1925925925925924
2025-05-17,traditional_baguette,Traditional Baguette,Bread,midday,83,1.1375
2025-05-17,traditional_baguette,Traditional Baguette,Bread,morning,81,1.1259615384615385
2025-05-18,brioche,Brioche,Pastry,midday,1,5.0
2025-05-18,brioche,Brioche,Pastry,morning,3,5.0
2025-05-18,butter_croissant,Butter Croissant,Pastry,morning,83,1.1
2025-05-18,chocolate_cookie,Chocolate Cookie,Dessert,midday,3,1.0
2025-05-18,chocolate_cookie,Chocolate Cookie,Dessert,morning,2,1.0
2025-05-18,coffee_bun_sweet_bun,Coffee Bun / Sweet Bun,Pastry,midday,5,2.1
2025-05-18,country_sourdough,Country Sourdough,Bread,midday,17,1.44375
2025-05-18,country_sourdough,Country Sourdough,Bread,morning,28,1.6903846153846152
2025-05-18,fruit_tart,Fruit Tart,Dessert,midday,13,5.4
2025-05-18,fruit_tart,Fruit Tart,Dessert,morning,14,4.818181818181818
2025-05-18,ham_cheese_sandwich,Ham & Cheese Sandwich,Savory,morning,5,5.833333333333333
2025-05-18,pain_au_chocolat,Pain au Chocolat,Pastry,morning,58,1.2
2025-05-18,traditional_baguette,Traditional Baguette,Bread,midday,124,1.1794520547945204
2025-05-18,traditional_baguette,Traditional Baguette,Bread,morning,147,1.1348101265822783
2025-05-19,brioche,Brioche,Pastry,midday,1,5.0
2025-05-19,butter_croissant,Butter Croissant,Pastry,evening,2,1.1
2025-05-19,butter_croissant,Butter Croissant,Pastry,midday,4,1.1
2025-05-19,butter_croissant,Butter Croissant,Pastry,morning,12,1.1
2025-05-19,chocolate_cookie,Chocolate Cookie,Dessert,morning,1,1.0
2025-05-19,country_sourdough,Country Sourdough,Bread,evening,2,1.4
2025-05-19,country_sourdough,Country Sourdough,Bread,midday,14,2.004166666666667
2025-05-19,country_sourdough,Country Sourdough,Bread,morning,15,1.3625
2025-05-19,fruit_tart,Fruit Tart,Dessert,morning,1,2.0
2025-05-19,ham_cheese_sandwich,Ham & Cheese Sandwich,Savory,evening,1,2.0
2025-05-19,ham_cheese_sandwich,Ham & Cheese Sandwich,Savory,midday,10,5.722222222222222
2025-05-19,ham_cheese_sandwich,Ham & Cheese Sandwich,Savory,morning,3,5.5
2025-05-19,pain_au_chocolat,Pain au Chocolat,Pastry,evening,2,1.2
2025-05-19,pain_au_chocolat,Pain au Chocolat,Pastry,midday,2,1.2
2025-05-19,pain_au_chocolat,Pain au Chocolat,Pastry,morning,4,1.2
2025-05-19,traditional_baguette,Traditional Baguette,Bread,evening,28,1.1761904761904762
2025-05-19,traditional_baguette,Traditional Baguette,Bread,midday,51,1.1171428571428572
2025-05-19,traditional_baguette,Traditional Baguette,Bread,morning,46,1.0923076923076922
2025-05-20,brioche,Brioche,Pastry,evening,1,5.0
2025-05-20,butter_croissant,Butter Croissant,Pastry,evening,10,1.1
2025-05-20,butter_croissant,Butter Croissant,Pastry,midday,3,1.25
2025-05-20,butter_croissant,Butter Croissant,Pastry,morning,10,1.1
2025-05-20,chocolate_cookie,Chocolate Cookie,Dessert,evening,2,1.0
2025-05-20,chocolate_cookie,Chocolate Cookie,Dessert,midday,5,1.0
2025-05-20,coffee_bun_sweet_bun,Coffee Bun / Sweet Bun,Pastry,midday,1,2.1
2025-05-20,country_sourdough,Country Sourdough,Bread,evening,3,1.15
2025-05-20,country_sourdough,Country Sourdough,Bread,midday,5,1.58
2025-05-20,country_sourdough,Country Sourdough,Bread,morning,15,1.4000000000000001
2025-05-20,fruit_tart,Fruit Tart,Dessert,midday,1,2.0
2025-05-20,fruit_tart,Fruit Tart,Dessert,morning,2,2.0
2025-05-20,ham_cheese_sandwich,Ham & Cheese Sandwich,Savory,evening,2,3.5
2025-05-20,ham_cheese_sandwich,Ham & Cheese Sandwich,Savory,midday,17,5.9
2025-05-20,ham_cheese_sandwich,Ham & Cheese Sandwich,Savory,morning,7,5.5
2025-05-20,pain_au_chocolat,Pain au Chocolat,Pastry,evening,1,1.2
2025-05-20,pain_au_chocolat,Pain au Chocolat,Pastry,midday,5,1.2
2025-05-20,pain_au_chocolat,Pain au Chocolat,Pastry,morning,17,1.2
2025-05-20,traditional_baguette,Traditional Baguette,Bread,evening,66,1.195
2025-05-20,traditional_baguette,Traditional Baguette,Bread,midday,53,1.144736842105263
2025-05-20,traditional_baguette,Traditional Baguette,Bread,morning,48,1.0972222222222223
2025-05-21,brioche,Brioche,Pastry,morning,2,5.0
2025-05-21,butter_croissant,Butter Croissant,Pastry,evening,7,1.25
2025-05-21,butter_croissant,Butter Croissant,Pastry,midday,1,1.4
2025-05-21,butter_croissant,Butter Croissant,Pastry,morning,16,1.175
2025-05-21,chocolate_cookie,Chocolate Cookie,Dessert,evening,4,1.0
2025-05-21,coffee_bun_sweet_bun,Coffee Bun / Sweet Bun,Pastry,evening,3,2.1
2025-05-21,coffee_bun_sweet_bun,Coffee Bun / Sweet Bun,Pastry,midday,4,2.1
2025-05-21,country_sourdough,Country Sourdough,Bread,evening,3,1.5
2025-05-21,country_sourdough,Country Sourdough,Bread,midday,11,1.4449999999999998
2025-05-21,country_sourdough,Country Sourdough,Bread,morning,10,1.4944444444444445
2025-05-21,fruit_tart,Fruit Tart,Dessert,evening,1,2.0
2025-05-21,fruit_tart,Fruit Tart,Dessert,midday,2,2.0
2025-05-21,fruit_tart,Fruit Tart,Dessert,morning,4,2.0
2025-05-21,ham_cheese_sandwich,Ham & Cheese Sandwich,Savory,midday,14,5.428571428571429
2025-05-21,ham_cheese_sandwich,Ham & Cheese Sandwich,Savory,morning,6,5.7
2025-05-21,pain_au_chocolat,Pain au Chocolat,Pastry,evening,2,1.2
2025-05-21,pain_au_chocolat,Pain au Chocolat,Pastry,morning,18,1.2
2025-05-21,traditional_baguette,Traditional Baguette,Bread,evening,28,1.186111111111111
2025-05-21,traditional_baguette,Traditional Baguette,Bread,midday,65,1.1459183673469386
2025-05-21,traditional_baguette,Traditional Baguette,Bread,morning,39,1.0983333333333334
2025-05-22,brioche,Brioche,Pastry,evening,1,5.0
2025-05-22,butter_croissant,Butter Croissant,Pastry,evening,5,1.1
2025-05-22,butter_croissant,Butter Croissant,Pastry,midday,2,1.4
2025-05-22,butter_croissant,Butter Croissant,Pastry,morning,19,1.1
2025-05-22,chocolate_cookie,Chocolate Cookie,Dessert,evening,2,1.0
2025-05-22,chocolate_cookie,Chocolate Cookie,Dessert,midday,3,1.0
2025-05-22,coffee_bun_sweet_bun,Coffee Bun / Sweet Bun,Pastry,morning,1,7.5
2025-05-22,country_sourdough,Country Sourdough,Bread,evening,4,2.425
2025-05-22,country_sourdough,Country Sourdough,Bread,midday,4,1.45
2025-05-22,country_sourdough,Country Sourdough,Bread,morning,22,1.576470588235294
2025-05-22,fruit_tart,Fruit Tart,Dessert,evening,1,2.0
2025-05-22,fruit_tart,Fruit Tart,Dessert,midday,4,2.0
2025-05-22,fruit_tart,Fruit Tart,Dessert,morning,6,2.0
2025-05-22,ham_cheese_sandwich,Ham & Cheese Sandwich,Savory,evening,1,2.0
2025-05-22,ham_cheese_sandwich,Ham & Cheese Sandwich,Savory,midday,7,5.785714285714286
2025-05-22,ham_cheese_sandwich,Ham & Cheese Sandwich,Savory,morning,5,5.0
2025-05-22,pain_au_chocolat,Pain au Chocolat,Pastry,evening,4,1.2
2025-05-22,pain_au_chocolat,Pain au Chocolat,Pastry,midday,4,1.2
2025-05-22,pain_au_chocolat,Pain au Chocolat,Pastry,morning,11,1.2
2025-05-22,traditional_baguette,Traditional Baguette,Bread,evening,29,1.1441176470588235
2025-05-22,traditional_baguette,Traditional Baguette,Bread,midday,61,1.125
2025-05-22,traditional_baguette,Traditional Baguette,Bread,morning,72,1.1238636363636363
2025-05-23,brioche,Brioche,Pastry,midday,1,5.0
2025-05-23,butter_croissant,Butter Croissant,Pastry,evening,1,1.4
2025-05-23,butter_croissant,Butter Croissant,Pastry,midday,8,1.1
2025-05-23,butter_croissant,Butter Croissant,Pastry,morning,18,1.1
2025-05-23,chocolate_cookie,Chocolate Cookie,Dessert,evening,1,1.0
2025-05-23,coffee_bun_sweet_bun,Coffee Bun / Sweet Bun,Pastry,midday,1,2.1
2025-05-23,country_sourdough,Country Sourdough,Bread,evening,3,2.3333333333333335
2025-05-23,country_sourdough,Country Sourdough,Bread,midday,8,1.99375
2025-05-23,country_sourdough,Country Sourdough,Bread,morning,16,1.4909090909090907
2025-05-23,fruit_tart,Fruit Tart,Dessert,evening,6,2.0
2025-05-23,fruit_tart,Fruit Tart,Dessert,midday,2,2.0
2025-05-23,ham_cheese_sandwich,Ham & Cheese Sandwich,Savory,midday,15,5.5
2025-05-23,ham_cheese_sandwich,Ham & Cheese Sandwich,Savory,morning,2,5.5
2025-05-23,pain_au_chocolat,Pain au Chocolat,Pastry,morning,21,1.2
2025-05-23,traditional_baguette,Traditional Baguette,Bread,evening,36,1.1645833333333333
2025-05-23,traditional_baguette,Traditional Baguette,Bread,midday,62,1.1383720930232557
2025-05-23,traditional_baguette,Traditional Baguette,Bread,morning,53,1.1205882352941177
2025-05-24,brioche,Brioche,Pastry,midday,1,5.0
2025-05-24,brioche,Brioche,Pastry,morning,1,5.0
2025-05-24,butter_croissant,Butter Croissant,Pastry,evening,6,1.175
2025-05-24,butter_croissant,Butter Croissant,Pastry,morning,47,1.1285714285714288
2025-05-24,chocolate_cookie,Chocolate Cookie,Dessert,morning,14,1.0
2025-05-24,coffee_bun_sweet_bun,Coffee Bun / Sweet Bun,Pastry,midday,1,7.5
2025-05-24,coffee_bun_sweet_bun,Coffee Bun / Sweet Bun,Pastry,morning,3,2.1
2025-05-24,country_sourdough,Country Sourdough,Bread,evening,5,2.2249999999999996
2025-05-24,country_sourdough,Country Sourdough,Bread,midday,12,1.3458333333333332
2025-05-24,country_sourdough,Country Sourdough,Bread,morning,20,1.4857142857142858
2025-05-24,fruit_tart,Fruit Tart,Dessert,evening,1,12.0
2025-05-24,fruit_tart,Fruit Tart,Dessert,midday,8,5.4
2025-05-24,fruit_tart,Fruit Tart,Dessert,morning,1,2.0
2025-05-24,ham_cheese_sandwich,Ham & Cheese Sandwich,Savory,midday,3,4.166666666666667
2025-05-24,ham_cheese_sandwich,Ham & Cheese Sandwich,Savory,morning,5,5.25
2025-05-24,pain_au_chocolat,Pain au Chocolat,Pastry,evening,3,1.2
2025-05-24,pain_au_chocolat,Pain au Chocolat,Pastry,midday,1,1.2
2025-05-24,pain_au_chocolat,Pain au Chocolat,Pastry,morning,41,1.2
2025-05-24,traditional_baguette,Traditional Baguette,Bread,evening,54,1.1816666666666664
2025-05-24,traditional_baguette,Traditional Baguette,Bread,midday,111,1.1753731343283582
2025-05-24,traditional_baguette,Traditional Baguette,Bread,morning,115,1.1202898550724638
2025-05-25,brioche,Brioche,Pastry,morning,5,5.0
2025-05-25,butter_croissant,Butter Croissant,Pastry,midday,1,1.4
2025-05-25,butter_croissant,Butter Croissant,Pastry,morning,99,1.1264705882352943
2025-05-25,chocolate_cookie,Chocolate Cookie,Dessert,midday,1,1.0
2025-05-25,chocolate_cookie,Chocolate Cookie,Dessert,morning,5,1.0
2025-05-25,coffee_bun_sweet_bun,Coffee Bun / Sweet Bun,Pastry,midday,3,2.1
2025-05-25,coffee_bun_sweet_bun,Coffee Bun / Sweet Bun,Pastry,morning,7,6.15
2025-05-25,country_sourdough,Country Sourdough,Bread,midday,13,2.0375
2025-05-25,country_sourdough,Country Sourdough,Bread,morning,41,1.5766666666666667
2025-05-25,fruit_tart,Fruit Tart,Dessert,midday,11,2.875
2025-05-25,fruit_tart,Fruit Tart,Dessert,morning,14,6.111111111111111
2025-05-25,ham_cheese_sandwich,Ham & Cheese Sandwich,Savory,midday,3,6.5
2025-05-25,ham_cheese_sandwich,Ham & Cheese Sandwich,Savory,morning,1,6.5
2025-05-25,pain_au_chocolat,Pain au Chocolat,Pastry,morning,68,1.2
2025-05-25,traditional_baguette,Traditional Baguette,Bread,midday,145,1.1511363636363636
2025-05-25,traditional_baguette,Traditional Baguette,Bread,morning,187,1.1337837837837836
2025-05-26,butter_croissant,Butter Croissant,Pastry,evening,4,1.1
2025-05-26,butter_croissant,Butter Croissant,Pastry,midday,3,1.25
2025-05-26,butter_croissant,Butter Croissant,Pastry,morning,24,1.123076923076923
2025-05-26,chocolate_cookie,Chocolate Cookie,Dessert,evening,7,1.0
2025-05-26,chocolate_cookie,Chocolate Cookie,Dessert,midday,2,1.0
2025-05-26,chocolate_cookie,Chocolate Cookie,Dessert,morning,1,1.0
2025-05-26,coffee_bun_sweet_bun,Coffee Bun / Sweet Bun,Pastry,midday,1,2.1
2025-05-26,country_sourdough,Country Sourdough,Bread,evening,5,1.6
2025-05-26,country_sourdough,Country Sourdough,Bread,midday,9,1.95
2025-05-26,country_sourdough,Country Sourdough,Bread,morning,20,1.5961538461538463
2025-05-26,fruit_tart,Fruit Tart,Dessert,midday,6,2.0
2025-05-26,fruit_tart,Fruit Tart,Dessert,morning,1,2.0
2025-05-26,ham_cheese_sandwich,Ham & Cheese Sandwich,Savory,midday,12,5.6
2025-05-26,ham_cheese_sandwich,Ham & Cheese Sandwich,Savory,morning,2,4.5
2025-05-26,pain_au_chocolat,Pain au Chocolat,Pastry,evening,1,1.2
2025-05-26,pain_au_chocolat,Pain au Chocolat,Pastry,midday,2,1.2
2025-05-26,pain_au_chocolat,Pain au Chocolat,Pastry,morning,25,1.2
2025-05-26,traditional_baguette,Traditional Baguette,Bread,evening,31,1.1375
2025-05-26,traditional_baguette,Traditional Baguette,Bread,midday,101,1.1578125
2025-05-26,traditional_baguette,Traditional Baguette,Bread,morning,76,1.1097826086956522
2025-05-27,brioche,Brioche,Pastry,evening,1,5.0
2025-05-27,brioche,Brioche,Pastry,morning,2,5.0
2025-05-27,butter_croissant,Butter Croissant,Pastry,evening,12,1.1
2025-05-27,butter_croissant,Butter Croissant,Pastry,midday,1,1.1
2025-05-27,butter_croissant,Butter Croissant,Pastry,morning,28,1.1
2025-05-27,chocolate_cookie,Chocolate Cookie,Dessert,evening,1,1.0
2025-05-27,chocolate_cookie,Chocolate Cookie,Dessert,midday,6,1.0
2025-05-27,chocolate_cookie,Chocolate Cookie,Dessert,morning,3,1.0
2025-05-27,coffee_bun_sweet_bun,Coffee Bun / Sweet Bun,Pastry,evening,1,7.5
2025-05-27,coffee_bun_sweet_bun,Coffee Bun / Sweet Bun,Pastry,morning,2,2.1
2025-05-27,country_sourdough,Country Sourdough,Bread,evening,5,1.5
2025-05-27,country_sourdough,Country Sourdough,Bread,midday,6,2.35
2025-05-27,country_sourdough,Country Sourdough,Bread,morning,26,1.5736842105263158
2025-05-27,fruit_tart,Fruit Tart,Dessert,evening,2,2.0
2025-05-27,fruit_tart,Fruit Tart,Dessert,midday,2,2.0
2025-05-27,ham_cheese_sandwich,Ham & Cheese Sandwich,Savory,evening,1,4.5
2025-05-27,ham_cheese_sandwich,Ham & Cheese Sandwich,Savory,midday,19,5.735294117647059
2025-05-27,ham_cheese_sandwich,Ham & Cheese Sandwich,Savory,morning,1,3.5
2025-05-27,pain_au_chocolat,Pain au Chocolat,Pastry,evening,5,1.2
2025-05-27,pain_au_chocolat,Pain au Chocolat,Pastry,midday,4,1.2
2025-05-27,pain_au_chocolat,Pain au Chocolat,Pastry,morning,30,1.2
2025-05-27,traditional_baguette,Traditional Baguette,Bread,evening,67,1.176595744680851
2025-05-27,traditional_baguette,Traditional Baguette,Bread,midday,93,1.2233870967741935
2025-05-27,traditional_baguette,Traditional Baguette,Bread,morning,73,1.0819148936170213
2025-05-28,brioche,Brioche,Pastry,evening,1,5.0
2025-05-28,brioche,Brioche,Pastry,midday,1,5.0
2025-05-28,butter_croissant,Butter Croissant,Pastry,evening,2,1.4
2025-05-28,butter_croissant,Butter Croissant,Pastry,midday,2,1.1
2025-05-28,butter_croissant,Butter Croissant,Pastry,morning,22,1.1500000000000001
2025-05-28,chocolate_cookie,Chocolate Cookie,Dessert,midday,2,1.0
2025-05-28,chocolate_cookie,Chocolate Cookie,Dessert,morning,7,1.0
2025-05-28,coffee_bun_sweet_bun,Coffee Bun / Sweet Bun,Pastry,evening,1,2.1
2025-05-28,country_sourdough,Country Sourdough,Bread,evening,3,2.0666666666666664
2025-05-28,country_sourdough,Country Sourdough,Bread,midday,11,1.5863636363636362
2025-05-28,country_sourdough,Country Sourdough,Bread,morning,24,1.47
2025-05-28,fruit_tart,Fruit Tart,Dessert,evening,4,2.0
2025-05-28,fruit_tart,Fruit Tart,Dessert,midday,2,2.0
2025-05-28,ham_cheese_sandwich,Ham & Cheese Sandwich,Savory,midday,16,5.571428571428571
2025-05-28,ham_cheese_sandwich,Ham & Cheese Sandwich,Savory,morning,8,4.166666666666667
2025-05-28,pain_au_chocolat,Pain au Chocolat,Pastry,midday,6,1.2
2025-05-28,pain_au_chocolat,Pain au Chocolat,Pastry,morning,42,1.2
2025-05-28,traditional_baguette,Traditional Baguette,Bread,evening,42,1.1903846153846154
2025-05-28,traditional_baguette,Traditional Baguette,Bread,midday,88,1.1526315789473685
2025-05-28,traditional_baguette,Traditional Baguette,Bread,morning,95,1.1345454545454545
2025-05-29,brioche,Brioche,Pastry,evening,1,5.0
2025-05-29,brioche,Brioche,Pastry,midday,1,5.0
2025-05-29,brioche,Brioche,Pastry,morning,1,5.0
2025-05-29,butter_croissant,Butter Croissant,Pastry,evening,3,1.1
2025-05-29,butter_croissant,Butter Croissant,Pastry,midday,3,1.2
2025-05-29,butter_croissant,Butter Croissant,Pastry,morning,18,1.1300000000000001
2025-05-29,chocolate_cookie,Chocolate Cookie,Dessert,midday,2,1.0
2025-05-29,chocolate_cookie,Chocolate Cookie,Dessert,morning,6,1.0
2025-05-29,coffee_bun_sweet_bun,Coffee Bun / Sweet Bun,Pastry,midday,1,2.1
2025-05-29,country_sourdough,Country Sourdough,Bread,evening,4,1.6749999999999998
2025-05-29,country_sourdough,Country Sourdough,Bread,midday,18,1.91875
2025-05-29,country_sourdough,Country Sourdough,Bread,morning,22,1.46
2025-05-29,fruit_tart,Fruit Tart,Dessert,evening,1,2.0
2025-05-29,fruit_tart,Fruit Tart,Dessert,midday,3,2.0
2025-05-29,ham_cheese_sandwich,Ham & Cheese Sandwich,Savory,midday,13,5.115384615384615
2025-05-29,ham_cheese_sandwich,Ham & Cheese Sandwich,Savory,morning,3,5.5
2025-05-29,pain_au_chocolat,Pain au Chocolat,Pastry,evening,6,1.2
2025-05-29,pain_au_chocolat,Pain au Chocolat,Pastry,midday,6,1.2
2025-05-29,pain_au_chocolat,Pain au Chocolat,Pastry,morning,16,1.2
2025-05-29,traditional_baguette,Traditional Baguette,Bread,evening,48,1.1896551724137931
2025-05-29,traditional_baguette,Traditional Baguette,Bread,midday,115,1.1671641791044776
2025-05-29,traditional_baguette,Traditional Baguette,Bread,morning,70,1.1240384615384615
2025-05-30,butter_croissant,Butter Croissant,Pastry,midday,8,1.4
2025-05-30,butter_croissant,Butter Croissant,Pastry,morning,30,1.1
2025-05-30,chocolate_cookie,Chocolate Cookie,Dessert,morning,3,1.0
2025-05-30,coffee_bun_sweet_bun,Coffee Bun / Sweet Bun,Pastry,evening,1,7.5
2025-05-30,coffee_bun_sweet_bun,Coffee Bun / Sweet Bun,Pastry,morning,1,7.5
2025-05-30,country_sourdough,Country Sourdough,Bread,evening,4,2.35
2025-05-30,country_sourdough,Country Sourdough,Bread,midday,13,2.0833333333333335
2025-05-30,country_sourdough,Country Sourdough,Bread,morning,23,1.4605263157894737
2025-05-30,fruit_tart,Fruit Tart,Dessert,evening,4,6.25
2025-05-30,fruit_tart,Fruit Tart,Dessert,midday,3,2.0
2025-05-30,fruit_tart,Fruit Tart,Dessert,morning,4,4.333333333333333
2025-05-30,ham_cheese_sandwich,Ham & Cheese Sandwich,Savory,midday,13,5.954545454545454
2025-05-30,ham_cheese_sandwich,Ham & Cheese Sandwich,Savory,morning,2,4.5
2025-05-30,pain_au_chocolat,Pain au Chocolat,Pastry,midday,2,1.2
2025-05-30,pain_au_chocolat,Pain au Chocolat,Pastry,morning,40,1.2
2025-05-30,traditional_baguette,Traditional Baguette,Bread,evening,51,1.159375
2025-05-30,traditional_baguette,Traditional Baguette,Bread,midday,106,1.1316666666666666
2025-05-30,traditional_baguette,Traditional Baguette,Bread,morning,71,1.1323529411764706
2025-05-31,brioche,Brioche,Pastry,evening,1,5.0
2025-05-31,brioche,Brioche,Pastry,midday,2,5.0
2025-05-31,brioche,Brioche,Pastry,morning,2,5.0
2025-05-31,butter_croissant,Butter Croissant,Pastry,midday,8,1.1600000000000001
2025-05-31,butter_croissant,Butter Croissant,Pastry,morning,65,1.112
2025-05-31,chocolate_cookie,Chocolate Cookie,Dessert,evening,1,1.0
2025-05-31,chocolate_cookie,Chocolate Cookie,Dessert,morning,7,1.0
2025-05-31,coffee_bun_sweet_bun,Coffee Bun / Sweet Bun,Pastry,midday,7,6.15
2025-05-31,coffee_bun_sweet_bun,Coffee Bun / Sweet Bun,Pastry,morning,1,2.1
2025-05-31,country_sourdough,Country Sourdough,Bread,evening,9,1.7562499999999999
2025-05-31,country_sourdough,Country Sourdough,Bread,midday,23,1.760526315789474
2025-05-31,country_sourdough,Country Sourdough,Bread,morning,21,1.4921052631578946
2025-05-31,fruit_tart,Fruit Tart,Dessert,midday,8,2.0
2025-05-31,fruit_tart,Fruit Tart,Dessert,morning,5,6.25
2025-05-31,ham_cheese_sandwich,Ham & Cheese Sandwich,Savory,midday,1,6.5
2025-05-31,ham_cheese_sandwich,Ham & Cheese Sandwich,Savory,morning,1,6.5
2025-05-31,pain_au_chocolat,Pain au Chocolat,Pastry,evening,1,1.2
2025-05-31,pain_au_chocolat,Pain au Chocolat,Pastry,midday,3,1.2
2025-05-31,pain_au_chocolat,Pain au Chocolat,Pastry,morning,41,1.2
2025-05-31,traditional_baguette,Traditional Baguette,Bread,evening,42,1.1821428571428572
2025-05-31,traditional_baguette,Traditional Baguette,Bread,midday,145,1.1666666666666667
2025-05-31,traditional_baguette,Traditional Baguette,Bread,morning,139,1.1355263157894737
2025-06-01,brioche,Brioche,Pastry,midday,4,3.95
2025-06-01,brioche,Brioche,Pastry,morning,5,5.0
2025-06-01,butter_croissant,Butter Croissant,Pastry,midday,17,1.1
2025-06-01,butter_croissant,Butter Croissant,Pastry,morning,104,1.1
2025-06-01,chocolate_cookie,Chocolate Cookie,Dessert,midday,5,1.0
2025-06-01,chocolate_cookie,Chocolate Cookie,Dessert,morning,2,1.0
2025-06-01,coffee_bun_sweet_bun,Coffee Bun / Sweet Bun,Pastry,midday,4,4.8
2025-06-01,coffee_bun_sweet_bun,Coffee Bun / Sweet Bun,Pastry,morning,1,7.5
2025-06-01,country_sourdough,Country Sourdough,Bread,midday,29,1.7272727272727273
2025-06-01,country_sourdough,Country Sourdough,Bread,morning,29,1.6395833333333334
2025-06-01,fruit_tart,Fruit Tart,Dessert,midday,24,3.2142857142857144
2025-06-01,fruit_tart,Fruit Tart,Dessert,morning,9,6.5
2025-06-01,ham_cheese_sandwich,Ham & Cheese Sandwich,Savory,morning,1,6.5
2025-06-01,pain_au_chocolat,Pain au Chocolat,Pastry,midday,13,1.2
2025-06-01,pain_au_chocolat,Pain au Chocolat,Pastry,morning,83,1.2
2025-06-01,traditional_baguette,Traditional Baguette,Bread,midday,216,1.1473451327433628
2025-06-01,traditional_baguette,Traditional Baguette,Bread,morning,243,1.1474489795918368
2025-06-02,brioche,Brioche,Pastry,midday,5,5.0
2025-06-02,brioche,Brioche,Pastry,morning,1,5.0
2025-06-02,butter_croissant,Butter Croissant,Pastry,midday,12,1.2125
2025-06-02,butter_croissant,Butter Croissant,Pastry,morning,40,1.12
2025-06-02,chocolate_cookie,Chocolate Cookie,Dessert,midday,2,1.0
2025-06-02,chocolate_cookie,Chocolate Cookie,Dessert,morning,1,1.0
2025-06-02,coffee_bun_sweet_bun,Coffee Bun / Sweet Bun,Pastry,midday,9,4.125
2025-06-02,coffee_bun_sweet_bun,Coffee Bun / Sweet Bun,Pastry,morning,9,3.45
2025-06-02,country_sourdough,Country Sourdough,Bread,midday,30,1.7788461538461537
2025-06-02,country_sourdough,Country Sourdough,Bread,morning,34,1.5779999999999998
2025-06-02,fruit_tart,Fruit Tart,Dessert,midday,31,4.045454545454546
2025-06-02,fruit_tart,Fruit Tart,Dessert,morning,3,5.333333333333333
2025-06-02,ham_cheese_sandwich,Ham & Cheese Sandwich,Savory,midday,1,3.5
2025-06-02,pain_au_chocolat,Pain au Chocolat,Pastry,midday,10,1.2
2025-06-02,pain_au_chocolat,Pain au Chocolat,Pastry,morning,66,1.2
2025-06-02,traditional_baguette,Traditional Baguette,Bread,midday,283,1.1646874999999999
2025-06-02,traditional_baguette,Traditional Baguette,Bread,morning,136,1.176056338028169
2025-06-03,butter_croissant,Butter Croissant,Pastry,evening,1,1.1
2025-06-03,butter_croissant,Butter Croissant,Pastry,midday,18,1.1
2025-06-03,butter_croissant,Butter Croissant,Pastry,morning,28,1.1642857142857144
2025-06-03,chocolate_cookie,Chocolate Cookie,Dessert,midday,4,1.0
2025-06-03,coffee_bun_sweet_bun,Coffee Bun / Sweet Bun,Pastry,midday,6,3.9
2025-06-03,country_sourdough,Country Sourdough,Bread,evening,15,1.5909090909090908
2025-06-03,country_sourdough,Country Sourdough,Bread,midday,17,1.825
2025-06-03,country_sourdough,Country Sourdough,Bread,morning,21,1.6307692307692307
2025-06-03,fruit_tart,Fruit Tart,Dessert,evening,1,2.0
2025-06-03,fruit_tart,Fruit Tart,Dessert,midday,3,2.0
2025-06-03,ham_cheese_sandwich,Ham & Cheese Sandwich,Savory,midday,21,6.0625
2025-06-03,ham_cheese_sandwich,Ham & Cheese Sandwich,Savory,morning,2,4.0
2025-06-03,pain_au_chocolat,Pain au Chocolat,Pastry,evening,1,1.2
2025-06-03,pain_au_chocolat,Pain au Chocolat,Pastry,midday,12,1.2
2025-06-03,pain_au_chocolat,Pain au Chocolat,Pastry,morning,25,1.2
2025-06-03,traditional_baguette,Traditional Baguette,Bread,evening,36,1.2
2025-06-03,traditional_baguette,Traditional Baguette,Bread,midday,147,1.1786585365853657
2025-06-03,traditional_baguette,Traditional Baguette,Bread,morning,48,1.0823529411764705
2025-06-04,brioche,Brioche,Pastry,morning,1,5.0
2025-06-04,butter_croissant,Butter Croissant,Pastry,midday,9,1.25
2025-06-04,butter_croissant,Butter Croissant,Pastry,morning,21,1.1333333333333335
2025-06-04,chocolate_cookie,Chocolate Cookie,Dessert,midday,8,1.0
2025-06-04,coffee_bun_sweet_bun,Coffee Bun / Sweet Bun,Pastry,evening,1,7.5
2025-06-04,coffee_bun_sweet_bun,Coffee Bun / Sweet Bun,Pastry,midday,2,4.8
2025-06-04,coffee_bun_sweet_bun,Coffee Bun / Sweet Bun,Pastry,morning,4,2.1
2025-06-04,country_sourdough,Country Sourdough,Bread,evening,4,1.975
2025-06-04,country_sourdough,Country Sourdough,Bread,midday,13,1.8583333333333334
2025-06-04,country_sourdough,Country Sourdough,Bread,morning,20,1.4899999999999998
2025-06-04,fruit_tart,Fruit Tart,Dessert,midday,10,2.0
2025-06-04,ham_cheese_sandwich,Ham & Cheese Sandwich,Savory,midday,10,6.1
2025-06-04,ham_cheese_sandwich,Ham & Cheese Sandwich,Savory,morning,2,4.0
2025-06-04,pain_au_chocolat,Pain au Chocolat,Pastry,evening,1,1.2
2025-06-04,pain_au_chocolat,Pain au Chocolat,Pastry,midday,10,1.2
2025-06-04,pain_au_chocolat,Pain au Chocolat,Pastry,morning,9,1.2
2025-06-04,traditional_baguette,Traditional Baguette,Bread,evening,30,1.1852941176470588
2025-06-04,traditional_baguette,Traditional Baguette,Bread,midday,165,1.1516483516483516
2025-06-04,traditional_baguette,Traditional Baguette,Bread,morning,55,1.0827586206896551
2025-06-05,brioche,Brioche,Pastry,midday,2,5.0
2025-06-05,butter_croissant,Butter Croissant,Pastry,evening,1,1.1
2025-06-05,butter_croissant,Butter Croissant,Pastry,midday,3,1.4
2025-06-05,butter_croissant,Butter Croissant,Pastry,morning,26,1.1600000000000001
2025-06-05,chocolate_cookie,Chocolate Cookie,Dessert,midday,4,1.0
2025-06-05,coffee_bun_sweet_bun,Coffee Bun / Sweet Bun,Pastry,evening,1,2.1
2025-06-05,coffee_bun_sweet_bun,Coffee Bun / Sweet Bun,Pastry,midday,3,4.8
2025-06-05,country_sourdough,Country Sourdough,Bread,evening,3,2.0666666666666664
2025-06-05,country_sourdough,Country Sourdough,Bread,midday,14,1.625
2025-06-05,country_sourdough,Country Sourdough,Bread,morning,21,1.4181818181818182
2025-06-05,fruit_tart,Fruit Tart,Dessert,midday,5,2.0
2025-06-05,ham_cheese_sandwich,Ham & Cheese Sandwich,Savory,midday,18,5.538461538461538
2025-06-05,pain_au_chocolat,Pain au Chocolat,Pastry,evening,2,1.2
2025-06-05,pain_au_chocolat,Pain au Chocolat,Pastry,midday,6,1.2
2025-06-05,pain_au_chocolat,Pain au Chocolat,Pastry,morning,12,1.2
2025-06-05,traditional_baguette,Traditional Baguette,Bread,evening,49,1.165151515151515
2025-06-05,traditional_baguette,Traditional Baguette,Bread,midday,128,1.1829411764705882
2025-06-05,traditional_baguette,Traditional Baguette,Bread,morning,29,1.059090909090909
2025-06-06,brioche,Brioche,Pastry,midday,1,5.0
2025-06-06,brioche,Brioche,Pastry,morning,1,5.0
2025-06-06,butter_croissant,Butter Croissant,Pastry,evening,1,1.4
2025-06-06,butter_croissant,Butter Croissant,Pastry,midday,10,1.175
2025-06-06,butter_croissant,Butter Croissant,Pastry,morning,26,1.1
2025-06-06,chocolate_cookie,Chocolate Cookie,Dessert,evening,2,1.0
2025-06-06,coffee_bun_sweet_bun,Coffee Bun / Sweet Bun,Pastry,evening,1,7.5
2025-06-06,coffee_bun_sweet_bun,Coffee Bun / Sweet Bun,Pastry,midday,1,7.5
2025-06-06,country_sourdough,Country Sourdough,Bread,evening,11,2.1799999999999997
2025-06-06,country_sourdough,Country Sourdough,Bread,midday,9,1.542857142857143
2025-06-06,country_sourdough,Country Sourdough,Bread,morning,27,1.4333333333333333
2025-06-06,fruit_tart,Fruit Tart,Dessert,evening,1,2.0
2025-06-06,fruit_tart,Fruit Tart,Dessert,midday,8,2.0
2025-06-06,ham_cheese_sandwich,Ham & Cheese Sandwich,Savory,midday,18,5.166666666666667
2025-06-06,ham_cheese_sandwich,Ham & Cheese Sandwich,Savory,morning,1,6.5
2025-06-06,pain_au_chocolat,Pain au Chocolat,Pastry,midday,5,1.2
2025-06-06,pain_au_chocolat,Pain au Chocolat,Pastry,morning,18,1.2
2025-06-06,traditional_baguette,Traditional Baguette,Bread,evening,34,1.1659090909090908
2025-06-06,traditional_baguette,Traditional Baguette,Bread,midday,124,1.1635135135135135
2025-06-06,traditional_baguette,Traditional Baguette,Bread,morning,55,1.1533333333333333
2025-06-07,brioche,Brioche,Pastry,midday,1,5.0
2025-06-07,brioche,Brioche,Pastry,morning,1,5.0
2025-06-07,butter_croissant,Butter Croissant,Pastry,evening,5,1.1
2025-06-07,butter_croissant,Butter Croissant,Pastry,midday,4,1.1
2025-06-07,butter_croissant,Butter Croissant,Pastry,morning,41,1.1214285714285714
2025-06-07,chocolate_cookie,Chocolate Cookie,Dessert,midday,3,1.0
2025-06-07,coffee_bun_sweet_bun,Coffee Bun / Sweet Bun,Pastry,midday,12,2.1
2025-06-07,coffee_bun_sweet_bun,Coffee Bun / Sweet Bun,Pastry,morning,1,2.1
2025-06-07,country_sourdough,Country Sourdough,Bread,evening,9,1.525
2025-06-07,country_sourdough,Country Sourdough,Bread,midday,20,1.7684210526315791
2025-06-07,country_sourdough,Country Sourdough,Bread,morning,9,1.4874999999999998
2025-06-07,fruit_tart,Fruit Tart,Dessert,midday,4,2.0
2025-06-07,fruit_tart,Fruit Tart,Dessert,morning,2,2.0
2025-06-07,ham_cheese_sandwich,Ham & Cheese Sandwich,Savory,midday,13,4.833333333333333
2025-06-07,ham_cheese_sandwich,Ham & Cheese Sandwich,Savory,morning,2,6.5
2025-06-07,pain_au_chocolat,Pain au Chocolat,Pastry,evening,1,1.2
2025-06-07,pain_au_chocolat,Pain au Chocolat,Pastry,midday,4,1.2
2025-06-07,pain_au_chocolat,Pain au Chocolat,Pastry,morning,54,1.2
2025-06-07,traditional_baguette,Traditional Baguette,Bread,evening,32,1.2075
2025-06-07,traditional_baguette,Traditional Baguette,Bread,midday,139,1.1641176470588235
2025-06-07,traditional_baguette,Traditional Baguette,Bread,morning,67,1.1473684210526316
2025-06-08,brioche,Brioche,Pastry,midday,2,5.0
2025-06-08,brioche,Brioche,Pastry,morning,3,5.0
2025-06-08,butter_croissant,Butter Croissant,Pastry,midday,11,1.1428571428571428
2025-06-08,butter_croissant,Butter Croissant,Pastry,morning,48,1.1214285714285714
2025-06-08,chocolate_cookie,Chocolate Cookie,Dessert,midday,2,1.0
2025-06-08,coffee_bun_sweet_bun,Coffee Bun / Sweet Bun,Pastry,midday,2,7.5
2025-06-08,coffee_bun_sweet_bun,Coffee Bun / Sweet Bun,Pastry,morning,5,2.1
2025-06-08,country_sourdough,Country Sourdough,Bread,midday,20,1.6733333333333331
2025-06-08,country_sourdough,Country Sourdough,Bread,morning,17,1.4916666666666665
2025-06-08,fruit_tart,Fruit Tart,Dessert,midday,15,2.875
2025-06-08,fruit_tart,Fruit Tart,Dessert,morning,1,2.0
2025-06-08,ham_cheese_sandwich,Ham & Cheese Sandwich,Savory,midday,1,4.5
2025-06-08,ham_cheese_sandwich,Ham & Cheese Sandwich,Savory,morning,1,6.5
2025-06-08,pain_au_chocolat,Pain au Chocolat,Pastry,midday,10,1.2
2025-06-08,pain_au_chocolat,Pain au Chocolat,Pastry,morning,34,1.2
2025-06-08,traditional_baguette,Traditional Baguette,Bread,midday,149,1.142079207920792
2025-06-08,traditional_baguette,Traditional Baguette,Bread,morning,78,1.1178571428571427
2025-06-09,brioche,Brioche,Pastry,evening,1,5.0
2025-06-09,butter_croissant,Butter Croissant,Pastry,evening,7,1.25
2025-06-09,butter_croissant,Butter Croissant,Pastry,midday,1,1.4
2025-06-09,butter_croissant,Butter Croissant,Pastry,morning,12,1.1
2025-06-09,chocolate_cookie,Chocolate Cookie,Dessert,evening,1,1.0
2025-06-09,chocolate_cookie,Chocolate Cookie,Dessert,midday,1,1.0
2025-06-09,country_sourdough,Country Sourdough,Bread,evening,5,1.6600000000000001
2025-06-09,country_sourdough,Country Sourdough,Bread,midday,12,1.7
2025-06-09,country_sourdough,Country Sourdough,Bread,morning,5,1.5499999999999998
2025-06-09,fruit_tart,Fruit Tart,Dessert,evening,3,2.0
2025-06-09,fruit_tart,Fruit Tart,Dessert,midday,1,2.0
2025-06-09,ham_cheese_sandwich,Ham & Cheese Sandwich,Savory,midday,19,4.9
2025-06-09,ham_cheese_sandwich,Ham & Cheese Sandwich,Savory,morning,6,5.5
2025-06-09,pain_au_chocolat,Pain au Chocolat,Pastry,evening,11,1.2
2025-06-09,pain_au_chocolat,Pain au Chocolat,Pastry,midday,1,1.2
2025-06-09,pain_au_chocolat,Pain au Chocolat,Pastry,morning,18,1.2
2025-06-09,traditional_baguette,Traditional Baguette,Bread,evening,18,1.1633333333333333
2025-06-09,traditional_baguette,Traditional Baguette,Bread,midday,69,1.1297872340425532
2025-06-09,traditional_baguette,Traditional Baguette,Bread,morning,65,1.0615384615384615
2025-06-10,brioche,Brioche,Pastry,morning,1,5.0
2025-06-10,butter_croissant,Butter Croissant,Pastry,evening,3,1.25
2025-06-10,butter_croissant,Butter Croissant,Pastry,morning,14,1.1333333333333335
2025-06-10,chocolate_cookie,Chocolate Cookie,Dessert,evening,4,1.0
2025-06-10,chocolate_cookie,Chocolate Cookie,Dessert,midday,1,1.0
2025-06-10,coffee_bun_sweet_bun,Coffee Bun / Sweet Bun,Pastry,midday,2,4.8
2025-06-10,coffee_bun_sweet_bun,Coffee Bun / Sweet Bun,Pastry,morning,1,2.1
2025-06-10,country_sourdough,Country Sourdough,Bread,evening,2,3.5999999999999996
2025-06-10,country_sourdough,Country Sourdough,Bread,midday,8,1.875
2025-06-10,country_sourdough,Country Sourdough,Bread,morning,10,1.5499999999999998
2025-06-10,fruit_tart,Fruit Tart,Dessert,evening,3,2.0
2025-06-10,fruit_tart,Fruit Tart,Dessert,midday,3,2.0
2025-06-10,fruit_tart,Fruit Tart,Dessert,morning,1,2.0
2025-06-10,ham_cheese_sandwich,Ham & Cheese Sandwich,Savory,midday,15,5.5
2025-06-10,ham_cheese_sandwich,Ham & Cheese Sandwich,Savory,morning,8,4.166666666666667
2025-06-10,pain_au_chocolat,Pain au Chocolat,Pastry,evening,2,1.2
2025-06-10,pain_au_chocolat,Pain au Chocolat,Pastry,morning,10,1.2
2025-06-10,traditional_baguette,Traditional Baguette,Bread,evening,22,1.125
2025-06-10,traditional_baguette,Traditional Baguette,Bread,midday,75,1.163
2025-06-10,traditional_baguette,Traditional Baguette,Bread,morning,46,1.0999999999999999
2025-06-11,brioche,Brioche,Pastry,midday,2,5.0
2025-06-11,butter_croissant,Butter Croissant,Pastry,evening,6,1.25
2025-06-11,butter_croissant,Butter Croissant,Pastry,midday,2,1.1
2025-06-11,butter_croissant,Butter Croissant,Pastry,morning,11,1.1375000000000002
2025-06-11,chocolate_cookie,Chocolate Cookie,Dessert,evening,1,1.0
2025-06-11,chocolate_cookie,Chocolate Cookie,Dessert,midday,2,1.0
2025-06-11,chocolate_cookie,Chocolate Cookie,Dessert,morning,2,1.0
2025-06-11,coffee_bun_sweet_bun,Coffee Bun / Sweet Bun,Pastry,evening,3,2.1
2025-06-11,country_sourdough,Country Sourdough,Bread,evening,4,1.6375
2025-06-11,country_sourdough,Country Sourdough,Bread,midday,19,1.7562499999999999
2025-06-11,country_sourdough,Country Sourdough,Bread,morning,3,1.7666666666666666
2025-06-11,fruit_tart,Fruit Tart,Dessert,midday,6,2.0
2025-06-11,fruit_tart,Fruit Tart,Dessert,morning,3,2.0
2025-06-11,ham_cheese_sandwich,Ham & Cheese Sandwich,Savory,evening,1,6.5
2025-06-11,ham_cheese_sandwich,Ham & Cheese Sandwich,Savory,midday,17,5.375
2025-06-11,ham_cheese_sandwich,Ham & Cheese Sandwich,Savory,morning,5,4.5
2025-06-11,pain_au_chocolat,Pain au Chocolat,Pastry,evening,9,1.2
2025-06-11,pain_au_chocolat,Pain au Chocolat,Pastry,midday,12,1.2
2025-06-11,pain_au_chocolat,Pain au Chocolat,Pastry,morning,8,1.2
2025-06-11,traditional_baguette,Traditional Baguette,Bread,evening,27,1.15
2025-06-11,traditional_baguette,Traditional Baguette,Bread,midday,77,1.17
2025-06-11,traditional_baguette,Traditional Baguette,Bread,morning,22,1.082142857142857
2025-06-12,brioche,Brioche,Pastry,midday,1,5.0
2025-06-12,brioche,Brioche,Pastry,morning,1,5.0
2025-06-12,butter_croissant,Butter Croissant,Pastry,midday,15,1.1
2025-06-12,butter_croissant,Butter Croissant,Pastry,morning,40,1.12
2025-06-12,chocolate_cookie,Chocolate Cookie,Dessert,midday,2,1.0
2025-06-12,chocolate_cookie,Chocolate Cookie,Dessert,morning,3,1.0
2025-06-12,country_sourdough,Country Sourdough,Bread,midday,18,1.7382352941176469
2025-06-12,country_sourdough,Country Sourdough,Bread,morning,18,1.6681818181818182
2025-06-12,fruit_tart,Fruit Tart,Dessert,midday,4,2.0
2025-06-12,fruit_tart,Fruit Tart,Dessert,morning,2,2.0
2025-06-12,ham_cheese_sandwich,Ham & Cheese Sandwich,Savory,midday,4,4.0
2025-06-12,ham_cheese_sandwich,Ham & Cheese Sandwich,Savory,morning,3,4.5
2025-06-12,pain_au_chocolat,Pain au Chocolat,Pastry,midday,17,1.2
2025-06-12,pain_au_chocolat,Pain au Chocolat,Pastry,morning,24,1.2
2025-06-12,traditional_baguette,Traditional Baguette,Bread,midday,150,1.1686868686868688
2025-06-12,traditional_baguette,Traditional Baguette,Bread,morning,75,1.1225
2025-06-13,brioche,Brioche,Pastry,morning,2,5.0
2025-06-13,butter_croissant,Butter Croissant,Pastry,evening,1,1.1
2025-06-13,butter_croissant,Butter Croissant,Pastry,midday,3,1.1
2025-06-13,butter_croissant,Butter Croissant,Pastry,morning,10,1.1
2025-06-13,chocolate_cookie,Chocolate Cookie,Dessert,evening,5,1.0
2025-06-13,chocolate_cookie,Chocolate Cookie,Dessert,midday,1,1.0
2025-06-13,coffee_bun_sweet_bun,Coffee Bun / Sweet Bun,Pastry,midday,4,5.7
2025-06-13,country_sourdough,Country Sourdough,Bread,evening,5,1.5
2025-06-13,country_sourdough,Country Sourdough,Bread,midday,17,1.5357142857142858
2025-06-13,country_sourdough,Country Sourdough,Bread,morning,10,1.407142857142857
2025-06-13,fruit_tart,Fruit Tart,Dessert,midday,3,2.0
2025-06-13,ham_cheese_sandwich,Ham & Cheese Sandwich,Savory,midday,5,6.1
2025-06-13,pain_au_chocolat,Pain au Chocolat,Pastry,evening,2,1.2
2025-06-13,pain_au_chocolat,Pain au Chocolat,Pastry,morning,17,1.2
2025-06-13,traditional_baguette,Traditional Baguette,Bread,evening,15,1.1142857142857143
2025-06-13,traditional_baguette,Traditional Baguette,Bread,midday,81,1.167
2025-06-13,traditional_baguette,Traditional Baguette,Bread,morning,37,1.12
2025-06-14,brioche,Brioche,Pastry,midday,1,5.0
2025-06-14,butter_croissant,Butter Croissant,Pastry,evening,3,1.4
2025-06-14,butter_croissant,Butter Croissant,Pastry,midday,1,1.1
2025-06-14,butter_croissant,Butter Croissant,Pastry,morning,33,1.1
2025-06-14,chocolate_cookie,Chocolate Cookie,Dessert,midday,3,1.0
2025-06-14,chocolate_cookie,Chocolate Cookie,Dessert,morning,3,1.0
2025-06-14,country_sourdough,Country Sourdough,Bread,evening,6,1.5999999999999999
2025-06-14,country_sourdough,Country Sourdough,Bread,midday,6,1.8916666666666666
2025-06-14,country_sourdough,Country Sourdough,Bread,morning,12,1.6272727272727272
2025-06-14,fruit_tart,Fruit Tart,Dessert,midday,13,4.625
2025-06-14,fruit_tart,Fruit Tart,Dessert,morning,3,7.0
2025-06-14,ham_cheese_sandwich,Ham & Cheese Sandwich,Savory,morning,2,5.5
2025-06-14,pain_au_chocolat,Pain au Chocolat,Pastry,morning,21,1.2
2025-06-14,traditional_baguette,Traditional Baguette,Bread,evening,24,1.2033333333333334
2025-06-14,traditional_baguette,Traditional Baguette,Bread,midday,72,1.1244186046511628
2025-06-14,traditional_baguette,Traditional Baguette,Bread,morning,84,1.0935185185185186
2025-06-15,brioche,Brioche,Pastry,midday,1,5.0
2025-06-15,brioche,Brioche,Pastry,morning,2,5.0
2025-06-15,butter_croissant,Butter Croissant,Pastry,midday,4,1.1
2025-06-15,butter_croissant,Butter Croissant,Pastry,morning,78,1.1130434782608696
2025-06-15,chocolate_cookie,Chocolate Cookie,Dessert,midday,3,1.0
2025-06-15,coffee_bun_sweet_bun,Coffee Bun / Sweet Bun,Pastry,midday,2,2.1
2025-06-15,coffee_bun_sweet_bun,Coffee Bun / Sweet Bun,Pastry,morning,2,2.1
2025-06-15,country_sourdough,Country Sourdough,Bread,midday,15,1.676923076923077
2025-06-15,country_sourdough,Country Sourdough,Bread,morning,20,1.6605263157894736
2025-06-15,fruit_tart,Fruit Tart,Dessert,midday,12,5.857142857142857
2025-06-15,fruit_tart,Fruit Tart,Dessert,morning,4,2.0
2025-06-15,ham_cheese_sandwich,Ham & Cheese Sandwich,Savory,morning,5,6.0
2025-06-15,pain_au_chocolat,Pain au Chocolat,Pastry,morning,70,1.2
2025-06-15,traditional_baguette,Traditional Baguette,Bread,midday,86,1.1849999999999998
2025-06-15,traditional_baguette,Traditional Baguette,Bread,morning,149,1.119186046511628
2025-06-16,brioche,Brioche,Pastry,midday,1,5.0
2025-06-16,butter_croissant,Butter Croissant,Pastry,evening,4,1.3
2025-06-16,butter_croissant,Butter Croissant,Pastry,midday,12,1.1
2025-06-16,butter_croissant,Butter Croissant,Pastry,morning,15,1.1
2025-06-16,chocolate_cookie,Chocolate Cookie,Dessert,evening,1,1.0
2025-06-16,chocolate_cookie,Chocolate Cookie,Dessert,midday,2,1.0
2025-06-16,country_sourdough,Country Sourdough,Bread,evening,4,1.6
2025-06-16,country_sourdough,Country Sourdough,Bread,midday,9,2.1142857142857143
2025-06-16,country_sourdough,Country Sourdough,Bread,morning,9,1.46875
2025-06-16,fruit_tart,Fruit Tart,Dessert,midday,1,9.0
2025-06-16,ham_cheese_sandwich,Ham & Cheese Sandwich,Savory,evening,1,4.5
2025-06-16,ham_cheese_sandwich,Ham & Cheese Sandwich,Savory,midday,7,5.785714285714286
2025-06-16,ham_cheese_sandwich,Ham & Cheese Sandwich,Savory,morning,4,4.833333333333333
2025-06-16,pain_au_chocolat,Pain au Chocolat,Pastry,midday,1,1.2
2025-06-16,pain_au_chocolat,Pain au Chocolat,Pastry,morning,2,1.2
2025-06-16,traditional_baguette,Traditional Baguette,Bread,evening,16,1.2
2025-06-16,traditional_baguette,Traditional Baguette,Bread,midday,52,1.1297297297297297
2025-06-16,traditional_baguette,Traditional Baguette,Bread,morning,57,1.1180555555555556
2025-06-17,brioche,Brioche,Pastry,midday,1,5.0
2025-06-17,butter_croissant,Butter Croissant,Pastry,evening,6,1.1
2025-06-17,butter_croissant,Butter Croissant,Pastry,midday,4,1.1
2025-06-17,butter_croissant,Butter Croissant,Pastry,morning,10,1.1666666666666667
2025-06-17,chocolate_cookie,Chocolate Cookie,Dessert,evening,3,1.0
2025-06-17,chocolate_cookie,Chocolate Cookie,Dessert,morning,2,1.0
2025-06-17,country_sourdough,Country Sourdough,Bread,evening,2,1.95
2025-06-17,country_sourdough,Country Sourdough,Bread,midday,3,1.8
2025-06-17,country_sourdough,Country Sourdough,Bread,morning,12,1.5277777777777777
2025-06-17,fruit_tart,Fruit Tart,Dessert,evening,1,2.0
2025-06-17,fruit_tart,Fruit Tart,Dessert,midday,1,2.0
2025-06-17,ham_cheese_sandwich,Ham & Cheese Sandwich,Savory,midday,18,5.588235294117647
2025-06-17,ham_cheese_sandwich,Ham & Cheese Sandwich,Savory,morning,4,5.5
2025-06-17,pain_au_chocolat,Pain au Chocolat,Pastry,evening,3,1.2
2025-06-17,pain_au_chocolat,Pain au Chocolat,Pastry,midday,1,1.2
2025-06-17,pain_au_chocolat,Pain au Chocolat,Pastry,morning,15,1.2
2025-06-17,traditional_baguette,Traditional Baguette,Bread,evening,26,1.186842105263158
2025-06-17,traditional_baguette,Traditional Baguette,Bread,midday,44,1.25
2025-06-17,traditional_baguette,Traditional Baguette,Bread,morning,23,1.0975
2025-06-19,butter_croissant,Butter Croissant,Pastry,evening,3,1.25
2025-06-19,butter_croissant,Butter Croissant,Pastry,midday,1,1.4
2025-06-19,butter_croissant,Butter Croissant,Pastry,morning,23,1.1600000000000001
2025-06-19,chocolate_cookie,Chocolate Cookie,Dessert,midday,1,1.0
2025-06-19,country_sourdough,Country Sourdough,Bread,evening,2,2.4
2025-06-19,country_sourdough,Country Sourdough,Bread,midday,4,1.6749999999999998
2025-06-19,country_sourdough,Country Sourdough,Bread,morning,14,1.4625000000000001
2025-06-19,fruit_tart,Fruit Tart,Dessert,evening,2,2.0
2025-06-19,fruit_tart,Fruit Tart,Dessert,midday,4,2.0
2025-06-19,fruit_tart,Fruit Tart,Dessert,morning,1,2.0
2025-06-19,ham_cheese_sandwich,Ham & Cheese Sandwich,Savory,midday,10,5.5
2025-06-19,ham_cheese_sandwich,Ham & Cheese Sandwich,Savory,morning,4,6.0
2025-06-19,pain_au_chocolat,Pain au Chocolat,Pastry,evening,3,1.2
2025-06-19,pain_au_chocolat,Pain au Chocolat,Pastry,morning,10,1.2
2025-06-19,traditional_baguette,Traditional Baguette,Bread,evening,20,1.1590909090909092
2025-06-19,traditional_baguette,Traditional Baguette,Bread,midday,54,1.17
2025-06-19,traditional_baguette,Traditional Baguette,Bread,morning,40,1.0951612903225807
2025-06-20,brioche,Brioche,Pastry,midday,1,5.0
2025-06-20,butter_croissant,Butter Croissant,Pastry,evening,5,1.25
2025-06-20,butter_croissant,Butter Croissant,Pastry,midday,1,1.4
2025-06-20,butter_croissant,Butter Croissant,Pastry,morning,25,1.1
2025-06-20,chocolate_cookie,Chocolate Cookie,Dessert,evening,1,1.0
2025-06-20,chocolate_cookie,Chocolate Cookie,Dessert,morning,6,1.0
2025-06-20,coffee_bun_sweet_bun,Coffee Bun / Sweet Bun,Pastry,evening,2,2.1
2025-06-20,country_sourdough,Country Sourdough,Bread,evening,5,2.3
2025-06-20,country_sourdough,Country Sourdough,Bread,midday,10,1.6888888888888889
2025-06-20,country_sourdough,Country Sourdough,Bread,morning,17,1.6099999999999999
2025-06-20,fruit_tart,Fruit Tart,Dessert,midday,5,2.0
2025-06-20,ham_cheese_sandwich,Ham & Cheese Sandwich,Savory,midday,10,5.375
2025-06-20,ham_cheese_sandwich,Ham & Cheese Sandwich,Savory,morning,2,5.0
2025-06-20,pain_au_chocolat,Pain au Chocolat,Pastry,evening,1,1.2
2025-06-20,pain_au_chocolat,Pain au Chocolat,Pastry,midday,2,1.2
2025-06-20,pain_au_chocolat,Pain au Chocolat,Pastry,morning,10,1.2
2025-06-20,traditional_baguette,Traditional Baguette,Bread,evening,27,1.1823529411764704
2025-06-20,traditional_baguette,Traditional Baguette,Bread,midday,65,1.194047619047619
2025-06-20,traditional_baguette,Traditional Baguette,Bread,morning,35,1.0833333333333333
2025-06-21,brioche,Brioche,Pastry,morning,1,5.0
2025-06-21,butter_croissant,Butter Croissant,Pastry,midday,3,1.1
2025-06-21,butter_croissant,Butter Croissant,Pastry,morning,45,1.1600000000000001
2025-06-21,chocolate_cookie,Chocolate Cookie,Dessert,evening,1,1.0
2025-06-21,chocolate_cookie,Chocolate Cookie,Dessert,morning,1,1.0
2025-06-21,coffee_bun_sweet_bun,Coffee Bun / Sweet Bun,Pastry,midday,1,7.5
2025-06-21,country_sourdough,Country Sourdough,Bread,evening,1,2.4
2025-06-21,country_sourdough,Country Sourdough,Bread,midday,7,1.9499999999999997
2025-06-21,country_sourdough,Country Sourdough,Bread,morning,16,1.5384615384615385
2025-06-21,fruit_tart,Fruit Tart,Dessert,evening,3,2.0
2025-06-21,ham_cheese_sandwich,Ham & Cheese Sandwich,Savory,midday,3,4.5
2025-06-21,ham_cheese_sandwich,Ham & Cheese Sandwich,Savory,morning,4,6.5
2025-06-21,pain_au_chocolat,Pain au Chocolat,Pastry,midday,4,1.2
2025-06-21,pain_au_chocolat,Pain au Chocolat,Pastry,morning,28,1.2
2025-06-21,traditional_baguette,Traditional Baguette,Bread,evening,18,1.2
2025-06-21,traditional_baguette,Traditional Baguette,Bread,midday,62,1.15
2025-06-21,traditional_baguette,Traditional Baguette,Bread,morning,73,1.1204545454545454
2025-06-22,brioche,Brioche,Pastry,midday,2,5.0
2025-06-22,brioche,Brioche,Pastry,morning,4,5.0
2025-06-22,butter_croissant,Butter Croissant,Pastry,midday,6,1.2
2025-06-22,butter_croissant,Butter Croissant,Pastry,morning,66,1.1260869565217393
2025-06-22,chocolate_cookie,Chocolate Cookie,Dessert,midday,3,1.0
2025-06-22,coffee_bun_sweet_bun,Coffee Bun / Sweet Bun,Pastry,midday,3,2.1
2025-06-22,coffee_bun_sweet_bun,Coffee Bun / Sweet Bun,Pastry,morning,1,2.1
2025-06-22,country_sourdough,Country Sourdough,Bread,midday,15,1.7535714285714286
2025-06-22,country_sourdough,Country Sourdough,Bread,morning,18,1.3375
2025-06-22,fruit_tart,Fruit Tart,Dessert,midday,4,4.333333333333333
2025-06-22,fruit_tart,Fruit Tart,Dessert,morning,15,3.25
2025-06-22,ham_cheese_sandwich,Ham & Cheese Sandwich,Savory,midday,1,4.5
2025-06-22,pain_au_chocolat,Pain au Chocolat,Pastry,midday,5,1.2
2025-06-22,pain_au_chocolat,Pain au Chocolat,Pastry,morning,39,1.2
2025-06-22,traditional_baguette,Traditional Baguette,Bread,midday,97,1.1939655172413792
2025-06-22,traditional_baguette,Traditional Baguette,Bread,morning,126,1.1098591549295773
2025-06-23,brioche,Brioche,Pastry,evening,2,5.0
2025-06-23,butter_croissant,Butter Croissant,Pastry,midday,4,1.1
2025-06-23,butter_croissant,Butter Croissant,Pastry,morning,13,1.1
2025-06-23,chocolate_cookie,Chocolate Cookie,Dessert,evening,1,1.0
2025-06-23,chocolate_cookie,Chocolate Cookie,Dessert,midday,3,1.0
2025-06-23,coffee_bun_sweet_bun,Coffee Bun / Sweet Bun,Pastry,evening,1,2.1
2025-06-23,coffee_bun_sweet_bun,Coffee Bun / Sweet Bun,Pastry,morning,2,2.1
2025-06-23,country_sourdough,Country Sourdough,Bread,midday,4,1.575
2025-06-23,country_sourdough,Country Sourdough,Bread,morning,19,1.3299999999999998
2025-06-23,fruit_tart,Fruit Tart,Dessert,midday,1,2.0
2025-06-23,ham_cheese_sandwich,Ham & Cheese Sandwich,Savory,midday,11,5.944444444444445
2025-06-23,ham_cheese_sandwich,Ham & Cheese Sandwich,Savory,morning,4,5.833333333333333
2025-06-23,pain_au_chocolat,Pain au Chocolat,Pastry,evening,5,1.2
2025-06-23,pain_au_chocolat,Pain au Chocolat,Pastry,midday,2,1.2
2025-06-23,pain_au_chocolat,Pain au Chocolat,Pastry,morning,5,1.2
2025-06-23,traditional_baguette,Traditional Baguette,Bread,evening,25,1.1575
2025-06-23,traditional_baguette,Traditional Baguette,Bread,midday,41,1.1714285714285715
2025-06-23,traditional_baguette,Traditional Baguette,Bread,morning,38,1.1259259259259258
2025-06-24,butter_croissant,Butter Croissant,Pastry,evening,1,1.4
2025-06-24,butter_croissant,Butter Croissant,Pastry,midday,1,1.4
2025-06-24,butter_croissant,Butter Croissant,Pastry,morning,6,1.2
2025-06-24,chocolate_cookie,Chocolate Cookie,Dessert,evening,1,1.0
2025-06-24,coffee_bun_sweet_bun,Coffee Bun / Sweet Bun,Pastry,midday,1,2.1
2025-06-24,country_sourdough,Country Sourdough,Bread,evening,5,2.1
2025-06-24,country_sourdough,Country Sourdough,Bread,midday,8,2.0124999999999997
2025-06-24,country_sourdough,Country Sourdough,Bread,morning,8,1.3083333333333333
2025-06-24,fruit_tart,Fruit Tart,Dessert,evening,1,2.0
2025-06-24,fruit_tart,Fruit Tart,Dessert,midday,1,2.0
2025-06-24,ham_cheese_sandwich,Ham & Cheese Sandwich,Savory,midday,18,5.794117647058823
2025-06-24,ham_cheese_sandwich,Ham & Cheese Sandwich,Savory,morning,2,3.5
2025-06-24,pain_au_chocolat,Pain au Chocolat,Pastry,evening,4,1.2
2025-06-24,pain_au_chocolat,Pain au Chocolat,Pastry,midday,2,1.2
2025-06-24,pain_au_chocolat,Pain au Chocolat,Pastry,morning,10,1.2
2025-06-24,traditional_baguette,Traditional Baguette,Bread,evening,21,1.1852941176470588
2025-06-24,traditional_baguette,Traditional Baguette,Bread,midday,39,1.1620689655172414
2025-06-24,traditional_baguette,Traditional Baguette,Bread,morning,36,1.056
2025-06-26,brioche,Brioche,Pastry,evening,1,5.0
2025-06-26,butter_croissant,Butter Croissant,Pastry,evening,10,1.1
2025-06-26,butter_croissant,Butter Croissant,Pastry,midday,1,1.1
2025-06-26,butter_croissant,Butter Croissant,Pastry,morning,9,1.1
2025-06-26,chocolate_cookie,Chocolate Cookie,Dessert,evening,1,1.0
2025-06-26,chocolate_cookie,Chocolate Cookie,Dessert,midday,3,1.0
2025-06-26,coffee_bun_sweet_bun,Coffee Bun / Sweet Bun,Pastry,evening,2,2.1
2025-06-26,country_sourdough,Country Sourdough,Bread,evening,6,1.55
2025-06-26,country_sourdough,Country Sourdough,Bread,midday,11,2.142857142857143
2025-06-26,country_sourdough,Country Sourdough,Bread,morning,14,1.4149999999999998
2025-06-26,fruit_tart,Fruit Tart,Dessert,evening,2,2.0
2025-06-26,fruit_tart,Fruit Tart,Dessert,morning,1,2.0
2025-06-26,ham_cheese_sandwich,Ham & Cheese Sandwich,Savory,evening,1,4.5
2025-06-26,ham_cheese_sandwich,Ham & Cheese Sandwich,Savory,midday,12,5.909090909090909
2025-06-26,ham_cheese_sandwich,Ham & Cheese Sandwich,Savory,morning,5,3.625
2025-06-26,pain_au_chocolat,Pain au Chocolat,Pastry,evening,1,1.2
2025-06-26,pain_au_chocolat,Pain au Chocolat,Pastry,midday,1,1.2
2025-06-26,pain_au_chocolat,Pain au Chocolat,Pastry,morning,10,1.2
2025-06-26,traditional_baguette,Traditional Baguette,Bread,evening,20,1.1500000000000001
2025-06-26,traditional_baguette,Traditional Baguette,Bread,midday,71,1.1067567567567569
2025-06-26,traditional_baguette,Traditional Baguette,Bread,morning,31,1.1096153846153844
2025-06-27,brioche,Brioche,Pastry,evening,1,5.0
2025-06-27,butter_croissant,Butter Croissant,Pastry,evening,3,1.25
2025-06-27,butter_croissant,Butter Croissant,Pastry,midday,1,1.1
2025-06-27,butter_croissant,Butter Croissant,Pastry,morning,2,1.25
2025-06-27,chocolate_cookie,Chocolate Cookie,Dessert,morning,5,1.0
2025-06-27,country_sourdough,Country Sourdough,Bread,evening,3,2.4499999999999997
2025-06-27,country_sourdough,Country Sourdough,Bread,midday,10,1.7850000000000001
2025-06-27,country_sourdough,Country Sourdough,Bread,morning,6,1.725
2025-06-27,fruit_tart,Fruit Tart,Dessert,evening,1,7.0
2025-06-27,fruit_tart,Fruit Tart,Dessert,midday,3,2.0
2025-06-27,ham_cheese_sandwich,Ham & Cheese Sandwich,Savory,midday,16,5.033333333333333
2025-06-27,pain_au_chocolat,Pain au Chocolat,Pastry,midday,1,1.2
2025-06-27,pain_au_chocolat,Pain au Chocolat,Pastry,morning,15,1.2
2025-06-27,traditional_baguette,Traditional Baguette,Bread,evening,21,1.18125
2025-06-27,traditional_baguette,Traditional Baguette,Bread,midday,69,1.3133333333333335
2025-06-27,traditional_baguette,Traditional Baguette,Bread,morning,31,1.275
2025-06-28,brioche,Brioche,Pastry,morning,2,5.0
2025-06-28,butter_croissant,Butter Croissant,Pastry,evening,1,1.1
2025-06-28,butter_croissant,Butter Croissant,Pastry,midday,7,1.3
2025-06-28,butter_croissant,Butter Croissant,Pastry,morning,18,1.1333333333333335
2025-06-28,chocolate_cookie,Chocolate Cookie,Dessert,evening,3,1.0
2025-06-28,country_sourdough,Country Sourdough,Bread,evening,4,1.475
2025-06-28,country_sourdough,Country Sourdough,Bread,midday,15,1.8727272727272728
2025-06-28,country_sourdough,Country Sourdough,Bread,morning,13,1.7708333333333333
2025-06-28,fruit_tart,Fruit Tart,Dessert,evening,6,2.0
2025-06-28,fruit_tart,Fruit Tart,Dessert,midday,4,2.0
2025-06-28,fruit_tart,Fruit Tart,Dessert,morning,2,4.5
2025-06-28,ham_cheese_sandwich,Ham & Cheese Sandwich,Savory,midday,4,4.0
2025-06-28,pain_au_chocolat,Pain au Chocolat,Pastry,evening,2,1.2
2025-06-28,pain_au_chocolat,Pain au Chocolat,Pastry,midday,8,1.2
2025-06-28,pain_au_chocolat,Pain au Chocolat,Pastry,morning,11,1.2
2025-06-28,traditional_baguette,Traditional Baguette,Bread,evening,17,1.2
2025-06-28,traditional_baguette,Traditional Baguette,Bread,midday,66,1.1297872340425532
2025-06-28,traditional_baguette,Traditional Baguette,Bread,morning,76,1.1383720930232557
2025-06-29,brioche,Brioche,Pastry,morning,3,5.0
2025-06-29,butter_croissant,Butter Croissant,Pastry,midday,15,1.1666666666666667
2025-06-29,butter_croissant,Butter Croissant,Pastry,morning,78,1.1400000000000001
2025-06-29,chocolate_cookie,Chocolate Cookie,Dessert,midday,2,1.0
2025-06-29,coffee_bun_sweet_bun,Coffee Bun / Sweet Bun,Pastry,midday,3,4.8
2025-06-29,country_sourdough,Country Sourdough,Bread,midday,16,1.7107142857142856
2025-06-29,country_sourdough,Country Sourdough,Bread,morning,29,1.7304347826086954
2025-06-29,fruit_tart,Fruit Tart,Dessert,midday,17,2.0
2025-06-29,fruit_tart,Fruit Tart,Dessert,morning,10,3.1666666666666665
2025-06-29,ham_cheese_sandwich,Ham & Cheese Sandwich,Savory,midday,1,3.5
2025-06-29,pain_au_chocolat,Pain au Chocolat,Pastry,midday,11,1.2
2025-06-29,pain_au_chocolat,Pain au Chocolat,Pastry,morning,53,1.2
2025-06-29,traditional_baguette,Traditional Baguette,Bread,midday,74,1.1451923076923076
2025-06-29,traditional_baguette,Traditional Baguette,Bread,morning,137,1.1125
2025-06-30,butter_croissant,Butter Croissant,Pastry,evening,6,1.1
2025-06-30,butter_croissant,Butter Croissant,Pastry,midday,1,1.4
2025-06-30,butter_croissant,Butter Croissant,Pastry,morning,10,1.1
2025-06-30,chocolate_cookie,Chocolate Cookie,Dessert,evening,4,1.0
2025-06-30,chocolate_cookie,Chocolate Cookie,Dessert,morning,2,1.0
2025-06-30,coffee_bun_sweet_bun,Coffee Bun / Sweet Bun,Pastry,midday,1,2.1
2025-06-30,country_sourdough,Country Sourdough,Bread,evening,8,1.4857142857142858
2025-06-30,country_sourdough,Country Sourdough,Bread,midday,5,1.4
2025-06-30,country_sourdough,Country Sourdough,Bread,morning,17,1.6071428571428572
2025-06-30,fruit_tart,Fruit Tart,Dessert,midday,1,2.0
2025-06-30,ham_cheese_sandwich,Ham & Cheese Sandwich,Savory,midday,14,5.653846153846154
2025-06-30,ham_cheese_sandwich,Ham & Cheese Sandwich,Savory,morning,2,6.5
2025-06-30,pain_au_chocolat,Pain au Chocolat,Pastry,evening,3,1.2
2025-06-30,pain_au_chocolat,Pain au Chocolat,Pastry,morning,16,1.2
2025-06-30,traditional_baguette,Traditional Baguette,Bread,evening,32,1.130952380952381
2025-06-30,traditional_baguette,Traditional Baguette,Bread,midday,42,1.1017241379310345
2025-06-30,traditional_baguette,Traditional Baguette,Bread,morning,47,1.0913793103448275
2025-07-01,brioche,Brioche,Pastry,morning,1,5.0
2025-07-01,butter_croissant,Butter Croissant,Pastry,evening,2,1.25
2025-07-01,butter_croissant,Butter Croissant,Pastry,midday,1,1.1
2025-07-01,butter_croissant,Butter Croissant,Pastry,morning,17,1.1500000000000001
2025-07-01,chocolate_cookie,Chocolate Cookie,Dessert,morning,1,1.0
2025-07-01,coffee_bun_sweet_bun,Coffee Bun / Sweet Bun,Pastry,evening,2,2.1
2025-07-01,country_sourdough,Country Sourdough,Bread,evening,2,1.95
2025-07-01,country_sourdough,Country Sourdough,Bread,midday,4,1.9249999999999998
2025-07-01,country_sourdough,Country Sourdough,Bread,morning,14,1.626923076923077
2025-07-01,fruit_tart,Fruit Tart,Dessert,midday,2,2.0
2025-07-01,fruit_tart,Fruit Tart,Dessert,morning,7,2.0
2025-07-01,ham_cheese_sandwich,Ham & Cheese Sandwich,Savory,midday,12,5.1
2025-07-01,ham_cheese_sandwich,Ham & Cheese Sandwich,Savory,morning,6,5.9
2025-07-01,pain_au_chocolat,Pain au Chocolat,Pastry,midday,2,1.2
2025-07-01,pain_au_chocolat,Pain au Chocolat,Pastry,morning,20,1.2
2025-07-01,traditional_baguette,Traditional Baguette,Bread,evening,22,1.2045454545454546
2025-07-01,traditional_baguette,Traditional Baguette,Bread,midday,42,1.1172413793103448
2025-07-01,traditional_baguette,Traditional Baguette,Bread,morning,59,1.1219512195121952
2025-07-03,brioche,Brioche,Pastry,evening,1,5.0
2025-07-03,brioche,Brioche,Pastry,morning,1,5.0
2025-07-03,butter_croissant,Butter Croissant,Pastry,evening,4,1.1
2025-07-03,butter_croissant,Butter Croissant,Pastry,morning,19,1.19
2025-07-03,chocolate_cookie,Chocolate Cookie,Dessert,midday,3,1.0
2025-07-03,chocolate_cookie,Chocolate Cookie,Dessert,morning,1,1.0
2025-07-03,coffee_bun_sweet_bun,Coffee Bun / Sweet Bun,Pastry,morning,2,2.1
2025-07-03,country_sourdough,Country Sourdough,Bread,evening,4,2.4
2025-07-03,country_sourdough,Country Sourdough,Bread,midday,4,1.375
2025-07-03,country_sourdough,Country Sourdough,Bread,morning,11,1.505
2025-07-03,fruit_tart,Fruit Tart,Dessert,morning,2,2.0
2025-07-03,ham_cheese_sandwich,Ham & Cheese Sandwich,Savory,midday,13,5.5
2025-07-03,ham_cheese_sandwich,Ham & Cheese Sandwich,Savory,morning,2,5.0
2025-07-03,pain_au_chocolat,Pain au Chocolat,Pastry,evening,4,1.2
2025-07-03,pain_au_chocolat,Pain au Chocolat,Pastry,morning,14,1.2
2025-07-03,traditional_baguette,Traditional Baguette,Bread,evening,18,1.1818181818181819
2025-07-03,traditional_baguette,Traditional Baguette,Bread,midday,37,1.139655172413793
2025-07-03,traditional_baguette,Traditional Baguette,Bread,morning,35,1.106818181818182
2025-07-04,brioche,Brioche,Pastry,evening,1,5.0
2025-07-04,brioche,Brioche,Pastry,morning,1,5.0
2025-07-04,butter_croissant,Butter Croissant,Pastry,evening,8,1.1
2025-07-04,butter_croissant,Butter Croissant,Pastry,midday,2,1.4
2025-07-04,butter_croissant,Butter Croissant,Pastry,morning,28,1.175
2025-07-04,chocolate_cookie,Chocolate Cookie,Dessert,midday,6,1.0
2025-07-04,chocolate_cookie,Chocolate Cookie,Dessert,morning,6,1.0
2025-07-04,country_sourdough,Country Sourdough,Bread,evening,3,3.5999999999999996
2025-07-04,country_sourdough,Country Sourdough,Bread,midday,6,1.875
2025-07-04,country_sourdough,Country Sourdough,Bread,morning,11,1.5799999999999998
2025-07-04,fruit_tart,Fruit Tart,Dessert,evening,1,2.0
2025-07-04,fruit_tart,Fruit Tart,Dessert,midday,2,2.0
2025-07-04,ham_cheese_sandwich,Ham & Cheese Sandwich,Savory,midday,5,6.5
2025-07-04,ham_cheese_sandwich,Ham & Cheese Sandwich,Savory,morning,2,6.5
2025-07-04,pain_au_chocolat,Pain au Chocolat,Pastry,evening,2,1.2
2025-07-04,pain_au_chocolat,Pain au Chocolat,Pastry,midday,3,1.2
2025-07-04,pain_au_chocolat,Pain au Chocolat,Pastry,morning,26,1.2
2025-07-04,traditional_baguette,Traditional Baguette,Bread,evening,17,1.1833333333333333
2025-07-04,traditional_baguette,Traditional Baguette,Bread,midday,35,1.1270833333333334
2025-07-04,traditional_baguette,Traditional Baguette,Bread,morning,45,1.0951612903225807
2025-07-05,brioche,Brioche,Pastry,morning,1,5.0
2025-07-05,butter_croissant,Butter Croissant,Pastry,evening,2,1.4
2025-07-05,butter_croissant,Butter Croissant,Pastry,midday,4,1.3
2025-07-05,butter_croissant,Butter Croissant,Pastry,morning,10,1.1500000000000001
2025-07-05,chocolate_cookie,Chocolate Cookie,Dessert,midday,1,1.0
2025-07-05,chocolate_cookie,Chocolate Cookie,Dessert,morning,7,1.0
2025-07-05,coffee_bun_sweet_bun,Coffee Bun / Sweet Bun,Pastry,midday,3,4.8
2025-07-05,coffee_bun_sweet_bun,Coffee Bun / Sweet Bun,Pastry,morning,1,2.1
2025-07-05,country_sourdough,Country Sourdough,Bread,evening,7,2.1399999999999997
2025-07-05,country_sourdough,Country Sourdough,Bread,midday,8,1.8714285714285714
2025-07-05,country_sourdough,Country Sourdough,Bread,morning,12,1.4666666666666666
2025-07-05,fruit_tart,Fruit Tart,Dessert,evening,4,4.333333333333333
2025-07-05,fruit_tart,Fruit Tart,Dessert,midday,4,5.5
2025-07-05,ham_cheese_sandwich,Ham & Cheese Sandwich,Savory,midday,5,6.5
2025-07-05,ham_cheese_sandwich,Ham & Cheese Sandwich,Savory,morning,2,5.0
2025-07-05,pain_au_chocolat,Pain au Chocolat,Pastry,evening,7,1.2
2025-07-05,pain_au_chocolat,Pain au Chocolat,Pastry,midday,1,1.2
2025-07-05,pain_au_chocolat,Pain au Chocolat,Pastry,morning,13,1.2
2025-07-05,traditional_baguette,Traditional Baguette,Bread,evening,16,1.175
2025-07-05,traditional_baguette,Traditional Baguette,Bread,midday,57,1.1565789473684212
2025-07-05,traditional_baguette,Traditional Baguette,Bread,morning,61,1.1294117647058823
2025-07-06,brioche,Brioche,Pastry,midday,1,5.0
2025-07-06,brioche,Brioche,Pastry,morning,1,5.0
2025-07-06,butter_croissant,Butter Croissant,Pastry,midday,2,1.1
2025-07-06,butter_croissant,Butter Croissant,Pastry,morning,73,1.1391304347826088
2025-07-06,chocolate_cookie,Chocolate Cookie,Dessert,midday,4,1.0
2025-07-06,coffee_bun_sweet_bun,Coffee Bun / Sweet Bun,Pastry,morning,4,2.1
2025-07-06,country_sourdough,Country Sourdough,Bread,midday,16,1.6538461538461537
2025-07-06,country_sourdough,Country Sourdough,Bread,morning,29,1.716
2025-07-06,fruit_tart,Fruit Tart,Dessert,midday,9,4.5
2025-07-06,fruit_tart,Fruit Tart,Dessert,morning,9,2.0
2025-07-06,pain_au_chocolat,Pain au Chocolat,Pastry,midday,5,1.2
2025-07-06,pain_au_chocolat,Pain au Chocolat,Pastry,morning,42,1.2
2025-07-06,traditional_baguette,Traditional Baguette,Bread,midday,79,1.182
2025-07-06,traditional_baguette,Traditional Baguette,Bread,morning,131,1.1304054054054056
2025-07-10,brioche,Brioche,Pastry,morning,1,5.0
2025-07-10,butter_croissant,Butter Croissant,Pastry,evening,6,1.325
2025-07-10,butter_croissant,Butter Croissant,Pastry,morning,37,1.1
2025-07-10,chocolate_cookie,Chocolate Cookie,Dessert,evening,2,1.0
2025-07-10,country_sourdough,Country Sourdough,Bread,evening,5,1.7
2025-07-10,country_sourdough,Country Sourdough,Bread,midday,7,1.4785714285714284
2025-07-10,country_sourdough,Country Sourdough,Bread,morning,8,1.3142857142857143
2025-07-10,ham_cheese_sandwich,Ham & Cheese Sandwich,Savory,midday,11,5.0
2025-07-10,ham_cheese_sandwich,Ham & Cheese Sandwich,Savory,morning,1,4.5
2025-07-10,pain_au_chocolat,Pain au Chocolat,Pastry,morning,16,1.2
2025-07-10,traditional_baguette,Traditional Baguette,Bread,evening,24,1.1700000000000002
2025-07-10,traditional_baguette,Traditional Baguette,Bread,midday,27,1.1083333333333332
2025-07-10,traditional_baguette,Traditional Baguette,Bread,morning,34,1.04
2025-07-11,brioche,Brioche,Pastry,midday,1,5.0
2025-07-11,butter_croissant,Butter Croissant,Pastry,evening,5,1.175
2025-07-11,butter_croissant,Butter Croissant,Pastry,midday,2,1.1
2025-07-11,butter_croissant,Butter Croissant,Pastry,morning,5,1.2
2025-07-11,chocolate_cookie,Chocolate Cookie,Dessert,midday,3,1.0
2025-07-11,chocolate_cookie,Chocolate Cookie,Dessert,morning,3,1.0
2025-07-11,country_sourdough,Country Sourdough,Bread,evening,3,1.95
2025-07-11,country_sourdough,Country Sourdough,Bread,midday,8,1.8214285714285714
2025-07-11,country_sourdough,Country Sourdough,Bread,morning,7,1.46
2025-07-11,fruit_tart,Fruit Tart,Dessert,evening,3,2.0
2025-07-11,fruit_tart,Fruit Tart,Dessert,midday,3,2.0
2025-07-11,fruit_tart,Fruit Tart,Dessert,morning,1,2.0
2025-07-11,ham_cheese_sandwich,Ham & Cheese Sandwich,Savory,midday,14,6.0
2025-07-11,ham_cheese_sandwich,Ham & Cheese Sandwich,Savory,morning,3,4.166666666666667
2025-07-11,pain_au_chocolat,Pain au Chocolat,Pastry,evening,6,1.2
2025-07-11,pain_au_chocolat,Pain au Chocolat,Pastry,midday,3,1.2
2025-07-11,pain_au_chocolat,Pain au Chocolat,Pastry,morning,16,1.2
2025-07-11,traditional_baguette,Traditional Baguette,Bread,evening,26,1.184375
2025-07-11,traditional_baguette,Traditional Baguette,Bread,midday,44,1.2566666666666668
2025-07-11,traditional_baguette,Traditional Baguette,Bread,morning,37,1.1270833333333334
2025-07-12,brioche,Brioche,Pastry,morning,2,5.0
2025-07-12,butter_croissant,Butter Croissant,Pastry,midday,6,1.2
2025-07-12,butter_croissant,Butter Croissant,Pastry,morning,30,1.1
2025-07-12,chocolate_cookie,Chocolate Cookie,Dessert,evening,5,1.0
2025-07-12,chocolate_cookie,Chocolate Cookie,Dessert,midday,1,1.0
2025-07-12,chocolate_cookie,Chocolate Cookie,Dessert,morning,1,1.0
2025-07-12,coffee_bun_sweet_bun,Coffee Bun / Sweet Bun,Pastry,evening,1,2.1
2025-07-12,coffee_bun_sweet_bun,Coffee Bun / Sweet Bun,Pastry,midday,1,7.5
2025-07-12,country_sourdough,Country Sourdough,Bread,evening,2,1.25
2025-07-12,country_sourdough,Country Sourdough,Bread,midday,16,2.0384615384615383
2025-07-12,country_sourdough,Country Sourdough,Bread,morning,12,1.3611111111111112
2025-07-12,fruit_tart,Fruit Tart,Dessert,evening,1,9.0
2025-07-12,fruit_tart,Fruit Tart,Dessert,midday,4,4.333333333333333
2025-07-12,ham_cheese_sandwich,Ham & Cheese Sandwich,Savory,midday,7,4.75
2025-07-12,pain_au_chocolat,Pain au Chocolat,Pastry,evening,1,1.2
2025-07-12,pain_au_chocolat,Pain au Chocolat,Pastry,midday,3,1.2
2025-07-12,pain_au_chocolat,Pain au Chocolat,Pastry,morning,35,1.2
2025-07-12,traditional_baguette,Traditional Baguette,Bread,evening,20,1.1583333333333334
2025-07-12,traditional_baguette,Traditional Baguette,Bread,midday,61,1.1526315789473685
2025-07-12,traditional_baguette,Traditional Baguette,Bread,morning,66,1.1205882352941177
2025-07-13,brioche,Brioche,Pastry,midday,1,5.0
2025-07-13,brioche,Brioche,Pastry,morning,1,5.0
2025-07-13,butter_croissant,Butter Croissant,Pastry,midday,6,1.2
2025-07-13,butter_croissant,Butter Croissant,Pastry,morning,68,1.1214285714285714
2025-07-13,chocolate_cookie,Chocolate Cookie,Dessert,midday,6,1.0
2025-07-13,coffee_bun_sweet_bun,Coffee Bun / Sweet Bun,Pastry,midday,1,2.1
2025-07-13,country_sourdough,Country Sourdough,Bread,midday,15,1.4000000000000001
2025-07-13,country_sourdough,Country Sourdough,Bread,morning,28,1.876
2025-07-13,fruit_tart,Fruit Tart,Dessert,midday,8,5.666666666666667
2025-07-13,fruit_tart,Fruit Tart,Dessert,morning,10,4.142857142857143
2025-07-13,pain_au_chocolat,Pain au Chocolat,Pastry,midday,2,1.2
2025-07-13,pain_au_chocolat,Pain au Chocolat,Pastry,morning,46,1.2
2025-07-13,traditional_baguette,Traditional Baguette,Bread,midday,81,1.1768518518518518
2025-07-13,traditional_baguette,Traditional Baguette,Bread,morning,112,1.1381944444444445
2025-07-14,butter_croissant,Butter Croissant,Pastry,evening,6,1.175
2025-07-14,butter_croissant,Butter Croissant,Pastry,morning,10,1.1428571428571428
2025-07-14,chocolate_cookie,Chocolate Cookie,Dessert,midday,3,1.0
2025-07-14,coffee_bun_sweet_bun,Coffee Bun / Sweet Bun,Pastry,morning,1,2.1
2025-07-14,country_sourdough,Country Sourdough,Bread,evening,3,1.3
2025-07-14,country_sourdough,Country Sourdough,Bread,midday,7,1.8571428571428572
2025-07-14,country_sourdough,Country Sourdough,Bread,morning,13,1.375
2025-07-14,fruit_tart,Fruit Tart,Dessert,midday,4,2.0
2025-07-14,ham_cheese_sandwich,Ham & Cheese Sandwich,Savory,midday,24,5.131578947368421
2025-07-14,ham_cheese_sandwich,Ham & Cheese Sandwich,Savory,morning,2,5.0
2025-07-14,pain_au_chocolat,Pain au Chocolat,Pastry,evening,2,1.2
2025-07-14,pain_au_chocolat,Pain au Chocolat,Pastry,morning,9,1.2
2025-07-14,traditional_baguette,Traditional Baguette,Bread,evening,22,1.1468749999999999
2025-07-14,traditional_baguette,Traditional Baguette,Bread,midday,42,1.1410714285714285
2025-07-14,traditional_baguette,Traditional Baguette,Bread,morning,47,1.10625
2025-07-15,brioche,Brioche,Pastry,evening,1,5.0
2025-07-15,brioche,Brioche,Pastry,midday,1,5.0
2025-07-15,butter_croissant,Butter Croissant,Pastry,evening,7,1.175
2025-07-15,butter_croissant,Butter Croissant,Pastry,midday,8,1.175
2025-07-15,butter_croissant,Butter Croissant,Pastry,morning,16,1.1500000000000001
2025-07-15,chocolate_cookie,Chocolate Cookie,Dessert,evening,3,1.0
2025-07-15,chocolate_cookie,Chocolate Cookie,Dessert,morning,1,1.0
2025-07-15,coffee_bun_sweet_bun,Coffee Bun / Sweet Bun,Pastry,evening,2,2.1
2025-07-15,country_sourdough,Country Sourdough,Bread,evening,5,1.8399999999999999
2025-07-15,country_sourdough,Country Sourdough,Bread,midday,8,2.107142857142857
2025-07-15,country_sourdough,Country Sourdough,Bread,morning,11,1.5999999999999999
2025-07-15,fruit_tart,Fruit Tart,Dessert,evening,1,2.0
2025-07-15,fruit_tart,Fruit Tart,Dessert,midday,5,2.0
2025-07-15,ham_cheese_sandwich,Ham & Cheese Sandwich,Savory,midday,12,5.863636363636363
2025-07-15,ham_cheese_sandwich,Ham & Cheese Sandwich,Savory,morning,2,5.0
2025-07-15,pain_au_chocolat,Pain au Chocolat,Pastry,morning,18,1.2
2025-07-15,traditional_baguette,Traditional Baguette,Bread,evening,28,1.18
2025-07-15,traditional_baguette,Traditional Baguette,Bread,midday,46,1.1581081081081082
2025-07-15,traditional_baguette,Traditional Baguette,Bread,morning,32,1.2277777777777776
2025-07-17,brioche,Brioche,Pastry,evening,1,6.0
2025-07-17,brioche,Brioche,Pastry,morning,1,5.0
2025-07-17,butter_croissant,Butter Croissant,Pastry,evening,14,1.25
2025-07-17,butter_croissant,Butter Croissant,Pastry,midday,2,1.1
2025-07-17,butter_croissant,Butter Croissant,Pastry,morning,13,1.175
2025-07-17,chocolate_cookie,Chocolate Cookie,Dessert,midday,2,1.0
2025-07-17,chocolate_cookie,Chocolate Cookie,Dessert,morning,3,1.0
2025-07-17,coffee_bun_sweet_bun,Coffee Bun / Sweet Bun,Pastry,midday,3,2.1
2025-07-17,country_sourdough,Country Sourdough,Bread,evening,3,1.4666666666666668
2025-07-17,country_sourdough,Country Sourdough,Bread,midday,13,1.7045454545454546
2025-07-17,country_sourdough,Country Sourdough,Bread,morning,12,1.4899999999999998
2025-07-17,fruit_tart,Fruit Tart,Dessert,evening,4,2.0
2025-07-17,fruit_tart,Fruit Tart,Dessert,morning,5,2.0
2025-07-17,ham_cheese_sandwich,Ham & Cheese Sandwich,Savory,midday,10,5.5
2025-07-17,ham_cheese_sandwich,Ham & Cheese Sandwich,Savory,morning,17,4.269230769230769
2025-07-17,pain_au_chocolat,Pain au Chocolat,Pastry,evening,6,1.2
2025-07-17,pain_au_chocolat,Pain au Chocolat,Pastry,morning,11,1.2
2025-07-17,traditional_baguette,Traditional Baguette,Bread,evening,23,1.14375
2025-07-17,traditional_baguette,Traditional Baguette,Bread,midday,42,1.1500000000000001
2025-07-17,traditional_baguette,Traditional Baguette,Bread,morning,42,1.2161290322580647
2025-07-18,butter_croissant,Butter Croissant,Pastry,evening,9,1.1600000000000001
2025-07-18,butter_croissant,Butter Croissant,Pastry,midday,1,1.4
2025-07-18,butter_croissant,Butter Croissant,Pastry,morning,38,1.1214285714285714
2025-07-18,chocolate_cookie,Chocolate Cookie,Dessert,evening,1,1.0
2025-07-18,chocolate_cookie,Chocolate Cookie,Dessert,midday,1,1.0
2025-07-18,chocolate_cookie,Chocolate Cookie,Dessert,morning,1,1.0
2025-07-18,coffee_bun_sweet_bun,Coffee Bun / Sweet Bun,Pastry,evening,1,7.5
2025-07-18,country_sourdough,Country Sourdough,Bread,evening,6,1.7
2025-07-18,country_sourdough,Country Sourdough,Bread,midday,14,1.8076923076923077
2025-07-18,country_sourdough,Country Sourdough,Bread,morning,12,1.5550000000000002
2025-07-18,fruit_tart,Fruit Tart,Dessert,midday,1,2.0
2025-07-18,fruit_tart,Fruit Tart,Dessert,morning,2,2.0
2025-07-18,ham_cheese_sandwich,Ham & Cheese Sandwich,Savory,evening,1,3.5
2025-07-18,ham_cheese_sandwich,Ham & Cheese Sandwich,Savory,midday,12,5.583333333333333
2025-07-18,ham_cheese_sandwich,Ham & Cheese Sandwich,Savory,morning,2,6.5
2025-07-18,pain_au_chocolat,Pain au Chocolat,Pastry,evening,7,1.2
2025-07-18,pain_au_chocolat,Pain au Chocolat,Pastry,midday,1,1.2
2025-07-18,pain_au_chocolat,Pain au Chocolat,Pastry,morning,35,1.2
2025-07-18,traditional_baguette,Traditional Baguette,Bread,evening,36,1.2026315789473683
2025-07-18,traditional_baguette,Traditional Baguette,Bread,midday,49,1.1066666666666667
2025-07-18,traditional_baguette,Traditional Baguette,Bread,morning,44,1.0916666666666666
2025-07-19,brioche,Brioche,Pastry,evening,1,5.0
2025-07-19,brioche,Brioche,Pastry,midday,1,5.0
2025-07-19,butter_croissant,Butter Croissant,Pastry,evening,2,1.1
2025-07-19,butter_croissant,Butter Croissant,Pastry,midday,9,1.1
2025-07-19,butter_croissant,Butter Croissant,Pastry,morning,28,1.1600000000000001
2025-07-19,chocolate_cookie,Chocolate Cookie,Dessert,midday,6,1.0
2025-07-19,chocolate_cookie,Chocolate Cookie,Dessert,morning,2,1.0
2025-07-19,coffee_bun_sweet_bun,Coffee Bun / Sweet Bun,Pastry,morning,1,7.5
2025-07-19,country_sourdough,Country Sourdough,Bread,evening,6,1.8399999999999999
2025-07-19,country_sourdough,Country Sourdough,Bread,midday,12,1.8050000000000002
2025-07-19,country_sourdough,Country Sourdough,Bread,morning,8,1.3857142857142857
2025-07-19,fruit_tart,Fruit Tart,Dessert,evening,1,2.0
2025-07-19,fruit_tart,Fruit Tart,Dessert,midday,3,5.5
2025-07-19,fruit_tart,Fruit Tart,Dessert,morning,1,2.0
2025-07-19,ham_cheese_sandwich,Ham & Cheese Sandwich,Savory,morning,1,4.5
2025-07-19,pain_au_chocolat,Pain au Chocolat,Pastry,evening,3,1.2
2025-07-19,pain_au_chocolat,Pain au Chocolat,Pastry,midday,6,1.2
2025-07-19,pain_au_chocolat,Pain au Chocolat,Pastry,morning,19,1.2
2025-07-19,traditional_baguette,Traditional Baguette,Bread,evening,30,1.2093749999999999
2025-07-19,traditional_baguette,Traditional Baguette,Bread,midday,74,1.1585106382978723
2025-07-19,traditional_baguette,Traditional Baguette,Bread,morning,66,1.1236842105263156
2025-07-20,brioche,Brioche,Pastry,midday,1,5.0
2025-07-20,brioche,Brioche,Pastry,morning,3,5.666666666666667
2025-07-20,butter_croissant,Butter Croissant,Pastry,morning,77,1.1260869565217393
2025-07-20,chocolate_cookie,Chocolate Cookie,Dessert,midday,2,1.0
2025-07-20,coffee_bun_sweet_bun,Coffee Bun / Sweet Bun,Pastry,midday,1,7.5
2025-07-20,coffee_bun_sweet_bun,Coffee Bun / Sweet Bun,Pastry,morning,3,2.1
2025-07-20,country_sourdough,Country Sourdough,Bread,midday,13,1.8909090909090909
2025-07-20,country_sourdough,Country Sourdough,Bread,morning,24,1.6590909090909092
2025-07-20,fruit_tart,Fruit Tart,Dessert,midday,9,3.4
2025-07-20,fruit_tart,Fruit Tart,Dessert,morning,4,2.0
2025-07-20,ham_cheese_sandwich,Ham & Cheese Sandwich,Savory,midday,1,6.5
2025-07-20,pain_au_chocolat,Pain au Chocolat,Pastry,midday,9,1.2
2025-07-20,pain_au_chocolat,Pain au Chocolat,Pastry,morning,53,1.2
2025-07-20,traditional_baguette,Traditional Baguette,Bread,midday,112,1.1645833333333333
2025-07-20,traditional_baguette,Traditional Baguette,Bread,morning,140,1.153448275862069
2025-07-21,brioche,Brioche,Pastry,evening,1,6.0
2025-07-21,brioche,Brioche,Pastry,morning,2,5.0
2025-07-21,butter_croissant,Butter Croissant,Pastry,evening,8,1.25
2025-07-21,butter_croissant,Butter Croissant,Pastry,midday,10,1.1
2025-07-21,butter_croissant,Butter Croissant,Pastry,morning,19,1.1
2025-07-21,chocolate_cookie,Chocolate Cookie,Dessert,evening,2,1.0
2025-07-21,chocolate_cookie,Chocolate Cookie,Dessert,morning,1,1.0
2025-07-21,coffee_bun_sweet_bun,Coffee Bun / Sweet Bun,Pastry,evening,3,2.1
2025-07-21,coffee_bun_sweet_bun,Coffee Bun / Sweet Bun,Pastry,midday,3,2.1
2025-07-21,country_sourdough,Country Sourdough,Bread,evening,6,1.9249999999999998
2025-07-21,country_sourdough,Country Sourdough,Bread,midday,9,1.8375
2025-07-21,country_sourdough,Country Sourdough,Bread,morning,22,1.6473684210526314
2025-07-21,fruit_tart,Fruit Tart,Dessert,midday,3,2.0
2025-07-21,ham_cheese_sandwich,Ham & Cheese Sandwich,Savory,evening,1,4.5
2025-07-21,ham_cheese_sandwich,Ham & Cheese Sandwich,Savory,midday,4,4.5
2025-07-21,ham_cheese_sandwich,Ham & Cheese Sandwich,Savory,morning,4,5.166666666666667
2025-07-21,pain_au_chocolat,Pain au Chocolat,Pastry,evening,6,1.2
2025-07-21,pain_au_chocolat,Pain au Chocolat,Pastry,midday,4,1.2
2025-07-21,pain_au_chocolat,Pain au Chocolat,Pastry,morning,24,1.2
2025-07-21,traditional_baguette,Traditional Baguette,Bread,evening,21,1.2027777777777777
2025-07-21,traditional_baguette,Traditional Baguette,Bread,midday,66,1.128125
2025-07-21,traditional_baguette,Traditional Baguette,Bread,morning,65,1.0999999999999999
2025-07-22,brioche,Brioche,Pastry,midday,2,5.0
2025-07-22,brioche,Brioche,Pastry,morning,1,5.0
2025-07-22,butter_croissant,Butter Croissant,Pastry,evening,6,1.25
2025-07-22,butter_croissant,Butter Croissant,Pastry,midday,5,1.325
2025-07-22,butter_croissant,Butter Croissant,Pastry,morning,32,1.1529411764705884
2025-07-22,chocolate_cookie,Chocolate Cookie,Dessert,evening,6,1.0
2025-07-22,chocolate_cookie,Chocolate Cookie,Dessert,morning,4,1.0
2025-07-22,coffee_bun_sweet_bun,Coffee Bun / Sweet Bun,Pastry,midday,1,2.1
2025-07-22,country_sourdough,Country Sourdough,Bread,evening,4,1.725
2025-07-22,country_sourdough,Country Sourdough,Bread,midday,9,1.8285714285714287
2025-07-22,country_sourdough,Country Sourdough,Bread,morning,18,1.4583333333333333
2025-07-22,fruit_tart,Fruit Tart,Dessert,evening,2,2.0
2025-07-22,fruit_tart,Fruit Tart,Dessert,midday,4,2.0
2025-07-22,ham_cheese_sandwich,Ham & Cheese Sandwich,Savory,midday,7,5.071428571428571
2025-07-22,ham_cheese_sandwich,Ham & Cheese Sandwich,Savory,morning,6,4.5
2025-07-22,pain_au_chocolat,Pain au Chocolat,Pastry,evening,2,1.2
2025-07-22,pain_au_chocolat,Pain au Chocolat,Pastry,morning,31,1.2
2025-07-22,traditional_baguette,Traditional Baguette,Bread,evening,30,1.188095238095238
2025-07-22,traditional_baguette,Traditional Baguette,Bread,midday,57,1.2261904761904763
2025-07-22,traditional_baguette,Traditional Baguette,Bread,morning,71,1.1
2025-07-23,brioche,Brioche,Pastry,evening,2,5.0
2025-07-23,brioche,Brioche,Pastry,midday,1,6.0
2025-07-23,butter_croissant,Butter Croissant,Pastry,evening,2,1.1
2025-07-23,butter_croissant,Butter Croissant,Pastry,midday,1,1.4
2025-07-23,butter_croissant,Butter Croissant,Pastry,morning,13,1.1
2025-07-23,chocolate_cookie,Chocolate Cookie,Dessert,evening,4,1.0
2025-07-23,chocolate_cookie,Chocolate Cookie,Dessert,midday,2,1.0
2025-07-23,chocolate_cookie,Chocolate Cookie,Dessert,morning,2,1.0
2025-07-23,country_sourdough,Country Sourdough,Bread,evening,7,2.057142857142857
2025-07-23,country_sourdough,Country Sourdough,Bread,midday,7,1.5666666666666667
2025-07-23,country_sourdough,Country Sourdough,Bread,morning,15,1.5571428571428572
2025-07-23,fruit_tart,Fruit Tart,Dessert,evening,1,2.0
2025-07-23,fruit_tart,Fruit Tart,Dessert,midday,1,2.0
2025-07-23,ham_cheese_sandwich,Ham & Cheese Sandwich,Savory,midday,9,5.928571428571429
2025-07-23,ham_cheese_sandwich,Ham & Cheese Sandwich,Savory,morning,3,5.5
2025-07-23,pain_au_chocolat,Pain au Chocolat,Pastry,midday,1,1.2
2025-07-23,pain_au_chocolat,Pain au Chocolat,Pastry,morning,15,1.2
2025-07-23,traditional_baguette,Traditional Baguette,Bread,evening,29,1.1775
2025-07-23,traditional_baguette,Traditional Baguette,Bread,midday,66,1.2260869565217392
2025-07-23,traditional_baguette,Traditional Baguette,Bread,morning,67,1.082258064516129
2025-07-24,brioche,Brioche,Pastry,midday,2,5.5
2025-07-24,brioche,Brioche,Pastry,morning,2,5.0
2025-07-24,butter_croissant,Butter Croissant,Pastry,evening,2,1.1
2025-07-24,butter_croissant,Butter Croissant,Pastry,midday,2,1.25
2025-07-24,butter_croissant,Butter Croissant,Pastry,morning,31,1.146153846153846
2025-07-24,chocolate_cookie,Chocolate Cookie,Dessert,evening,1,1.0
2025-07-24,chocolate_cookie,Chocolate Cookie,Dessert,midday,1,1.0
2025-07-24,chocolate_cookie,Chocolate Cookie,Dessert,morning,8,1.0
2025-07-24,coffee_bun_sweet_bun,Coffee Bun / Sweet Bun,Pastry,midday,1,2.1
2025-07-24,country_sourdough,Country Sourdough,Bread,evening,3,2.433333333333333
2025-07-24,country_sourdough,Country Sourdough,Bread,midday,15,1.9428571428571428
2025-07-24,country_sourdough,Country Sourdough,Bread,morning,17,1.6781249999999999
2025-07-24,fruit_tart,Fruit Tart,Dessert,evening,4,2.0
2025-07-24,ham_cheese_sandwich,Ham & Cheese Sandwich,Savory,midday,8,6.166666666666667
2025-07-24,ham_cheese_sandwich,Ham & Cheese Sandwich,Savory,morning,2,6.5
2025-07-24,pain_au_chocolat,Pain au Chocolat,Pastry,evening,2,1.2
2025-07-24,pain_au_chocolat,Pain au Chocolat,Pastry,midday,3,1.2
2025-07-24,pain_au_chocolat,Pain au Chocolat,Pastry,morning,24,1.2
2025-07-24,traditional_baguette,Traditional Baguette,Bread,evening,33,1.1770833333333333
2025-07-24,traditional_baguette,Traditional Baguette,Bread,midday,85,1.146078431372549
2025-07-24,traditional_baguette,Traditional Baguette,Bread,morning,68,1.15
2025-07-25,brioche,Brioche,Pastry,midday,2,5.5
2025-07-25,brioche,Brioche,Pastry,morning,3,5.666666666666667
2025-07-25,butter_croissant,Butter Croissant,Pastry,evening,4,1.1
2025-07-25,butter_croissant,Butter Croissant,Pastry,midday,5,1.1
2025-07-25,butter_croissant,Butter Croissant,Pastry,morning,27,1.1
2025-07-25,chocolate_cookie,Chocolate Cookie,Dessert,midday,3,1.0
2025-07-25,chocolate_cookie,Chocolate Cookie,Dessert,morning,6,1.0
2025-07-25,coffee_bun_sweet_bun,Coffee Bun / Sweet Bun,Pastry,evening,2,2.1
2025-07-25,coffee_bun_sweet_bun,Coffee Bun / Sweet Bun,Pastry,morning,1,2.1
2025-07-25,country_sourdough,Country Sourdough,Bread,evening,13,1.5590909090909089
2025-07-25,country_sourdough,Country Sourdough,Bread,midday,19,1.6647058823529413
2025-07-25,country_sourdough,Country Sourdough,Bread,morning,41,2.0683333333333334
2025-07-25,fruit_tart,Fruit Tart,Dessert,evening,4,2.0
2025-07-25,fruit_tart,Fruit Tart,Dessert,midday,4,2.0
2025-07-25,fruit_tart,Fruit Tart,Dessert,morning,11,7.666666666666667
2025-07-25,ham_cheese_sandwich,Ham & Cheese Sandwich,Savory,midday,6,5.25
2025-07-25,ham_cheese_sandwich,Ham & Cheese Sandwich,Savory,morning,1,4.5
2025-07-25,pain_au_chocolat,Pain au Chocolat,Pastry,evening,2,1.2
2025-07-25,pain_au_chocolat,Pain au Chocolat,Pastry,midday,2,1.2
2025-07-25,pain_au_chocolat,Pain au Chocolat,Pastry,morning,33,1.2
2025-07-25,traditional_baguette,Traditional Baguette,Bread,evening,39,1.1324999999999998
2025-07-25,traditional_baguette,Traditional Baguette,Bread,midday,135,1.175735294117647
2025-07-25,traditional_baguette,Traditional Baguette,Bread,morning,226,1.1509803921568627
2025-07-26,brioche,Brioche,Pastry,midday,1,6.0
2025-07-26,brioche,Brioche,Pastry,morning,3,5.333333333333333
2025-07-26,butter_croissant,Butter Croissant,Pastry,midday,10,1.1
2025-07-26,butter_croissant,Butter Croissant,Pastry,morning,63,1.12
2025-07-26,chocolate_cookie,Chocolate Cookie,Dessert,morning,4,1.0
2025-07-26,coffee_bun_sweet_bun,Coffee Bun / Sweet Bun,Pastry,midday,5,2.1
2025-07-26,country_sourdough,Country Sourdough,Bread,midday,10,1.9555555555555557
2025-07-26,country_sourdough,Country Sourdough,Bread,morning,28,1.6047619047619048
2025-07-26,pain_au_chocolat,Pain au Chocolat,Pastry,midday,3,1.2
2025-07-26,pain_au_chocolat,Pain au Chocolat,Pastry,morning,58,1.2
2025-07-26,traditional_baguette,Traditional Baguette,Bread,midday,121,1.1836538461538462
2025-07-26,traditional_baguette,Traditional Baguette,Bread,morning,158,1.0983333333333334
2025-07-27,brioche,Brioche,Pastry,midday,1,5.0
2025-07-27,brioche,Brioche,Pastry,morning,4,5.25
2025-07-27,butter_croissant,Butter Croissant,Pastry,midday,4,1.1
2025-07-27,butter_croissant,Butter Croissant,Pastry,morning,63,1.12
2025-07-27,chocolate_cookie,Chocolate Cookie,Dessert,midday,1,1.0
2025-07-27,chocolate_cookie,Chocolate Cookie,Dessert,morning,9,1.0
2025-07-27,coffee_bun_sweet_bun,Coffee Bun / Sweet Bun,Pastry,midday,2,2.1
2025-07-27,country_sourdough,Country Sourdough,Bread,midday,37,1.7407407407407407
2025-07-27,country_sourdough,Country Sourdough,Bread,morning,35,1.511290322580645
2025-07-27,fruit_tart,Fruit Tart,Dessert,midday,3,2.0
2025-07-27,fruit_tart,Fruit Tart,Dessert,morning,1,9.0
2025-07-27,pain_au_chocolat,Pain au Chocolat,Pastry,midday,2,1.2
2025-07-27,pain_au_chocolat,Pain au Chocolat,Pastry,morning,57,1.2
2025-07-27,traditional_baguette,Traditional Baguette,Bread,midday,153,1.168125
2025-07-27,traditional_baguette,Traditional Baguette,Bread,morning,154,1.1650602409638555
2025-07-28,brioche,Brioche,Pastry,evening,1,5.0
2025-07-28,brioche,Brioche,Pastry,morning,2,5.0
2025-07-28,butter_croissant,Butter Croissant,Pastry,morning,25,1.1
2025-07-28,chocolate_cookie,Chocolate Cookie,Dessert,morning,1,1.0
2025-07-28,coffee_bun_sweet_bun,Coffee Bun / Sweet Bun,Pastry,midday,1,2.1
2025-07-28,coffee_bun_sweet_bun,Coffee Bun / Sweet Bun,Pastry,morning,2,2.1
2025-07-28,country_sourdough,Country Sourdough,Bread,evening,6,1.6666666666666667
2025-07-28,country_sourdough,Country Sourdough,Bread,midday,10,1.8888888888888888
2025-07-28,country_sourdough,Country Sourdough,Bread,morning,21,1.5027777777777775
2025-07-28,fruit_tart,Fruit Tart,Dessert,midday,1,2.0
2025-07-28,fruit_tart,Fruit Tart,Dessert,morning,2,7.0
2025-07-28,ham_cheese_sandwich,Ham & Cheese Sandwich,Savory,midday,4,5.5
2025-07-28,pain_au_chocolat,Pain au Chocolat,Pastry,evening,1,1.2
2025-07-28,pain_au_chocolat,Pain au Chocolat,Pastry,midday,1,1.2
2025-07-28,pain_au_chocolat,Pain au Chocolat,Pastry,morning,35,1.2
2025-07-28,traditional_baguette,Traditional Baguette,Bread,evening,36,1.1931818181818181
2025-07-28,traditional_baguette,Traditional Baguette,Bread,midday,100,1.1473684210526314
2025-07-28,traditional_baguette,Traditional Baguette,Bread,morning,126,1.1432203389830509
2025-07-29,brioche,Brioche,Pastry,evening,1,5.0
2025-07-29,brioche,Brioche,Pastry,midday,2,5.0
2025-07-29,butter_croissant,Butter Croissant,Pastry,evening,1,1.4
2025-07-29,butter_croissant,Butter Croissant,Pastry,midday,4,1.2
2025-07-29,butter_croissant,Butter Croissant,Pastry,morning,33,1.1
2025-07-29,chocolate_cookie,Chocolate Cookie,Dessert,evening,3,1.0
2025-07-29,chocolate_cookie,Chocolate Cookie,Dessert,midday,2,1.0
2025-07-29,chocolate_cookie,Chocolate Cookie,Dessert,morning,2,1.0
2025-07-29,coffee_bun_sweet_bun,Coffee Bun / Sweet Bun,Pastry,evening,3,2.1
2025-07-29,coffee_bun_sweet_bun,Coffee Bun / Sweet Bun,Pastry,midday,1,7.5
2025-07-29,coffee_bun_sweet_bun,Coffee Bun / Sweet Bun,Pastry,morning,1,2.1
2025-07-29,country_sourdough,Country Sourdough,Bread,evening,5,2.04
2025-07-29,country_sourdough,Country Sourdough,Bread,midday,13,1.8399999999999999
2025-07-29,country_sourdough,Country Sourdough,Bread,morning,19,1.5466666666666666
2025-07-29,fruit_tart,Fruit Tart,Dessert,evening,1,2.0
2025-07-29,fruit_tart,Fruit Tart,Dessert,midday,2,2.0
2025-07-29,fruit_tart,Fruit Tart,Dessert,morning,2,2.0
2025-07-29,ham_cheese_sandwich,Ham & Cheese Sandwich,Savory,midday,7,5.083333333333333
2025-07-29,ham_cheese_sandwich,Ham & Cheese Sandwich,Savory,morning,1,6.5
2025-07-29,pain_au_chocolat,Pain au Chocolat,Pastry,morning,27,1.2
2025-07-29,traditional_baguette,Traditional Baguette,Bread,evening,33,1.2037037037037037
2025-07-29,traditional_baguette,Traditional Baguette,Bread,midday,91,1.1658333333333333
2025-07-29,traditional_baguette,Traditional Baguette,Bread,morning,103,1.161864406779661
2025-07-30,brioche,Brioche,Pastry,evening,2,5.0
2025-07-30,brioche,Brioche,Pastry,morning,2,5.0
2025-07-30,butter_croissant,Butter Croissant,Pastry,midday,1,1.4
2025-07-30,butter_croissant,Butter Croissant,Pastry,morning,26,1.1333333333333335
2025-07-30,chocolate_cookie,Chocolate Cookie,Dessert,morning,1,1.0
2025-07-30,coffee_bun_sweet_bun,Coffee Bun / Sweet Bun,Pastry,midday,1,2.1
2025-07-30,country_sourdough,Country Sourdough,Bread,evening,3,1.7666666666666666
2025-07-30,country_sourdough,Country Sourdough,Bread,midday,10,1.9500000000000002
2025-07-30,country_sourdough,Country Sourdough,Bread,morning,20,2.075
2025-07-30,ham_cheese_sandwich,Ham & Cheese Sandwich,Savory,evening,2,5.0
2025-07-30,ham_cheese_sandwich,Ham & Cheese Sandwich,Savory,midday,6,5.7
2025-07-30,ham_cheese_sandwich,Ham & Cheese Sandwich,Savory,morning,2,6.5
2025-07-30,pain_au_chocolat,Pain au Chocolat,Pastry,evening,2,1.2
2025-07-30,pain_au_chocolat,Pain au Chocolat,Pastry,midday,2,1.2
2025-07-30,pain_au_chocolat,Pain au Chocolat,Pastry,morning,34,1.2
2025-07-30,traditional_baguette,Traditional Baguette,Bread,evening,27,1.1956521739130435
2025-07-30,traditional_baguette,Traditional Baguette,Bread,midday,105,1.1458333333333333
2025-07-30,traditional_baguette,Traditional Baguette,Bread,morning,63,1.1220588235294118
2025-07-31,brioche,Brioche,Pastry,midday,1,5.0
2025-07-31,brioche,Brioche,Pastry,morning,4,5.333333333333333
2025-07-31,butter_croissant,Butter Croissant,Pastry,evening,5,1.325
2025-07-31,butter_croissant,Butter Croissant,Pastry,midday,3,1.2
2025-07-31,butter_croissant,Butter Croissant,Pastry,morning,26,1.1
2025-07-31,chocolate_cookie,Chocolate Cookie,Dessert,evening,1,1.0
2025-07-31,chocolate_cookie,Chocolate Cookie,Dessert,morning,6,1.0
2025-07-31,coffee_bun_sweet_bun,Coffee Bun / Sweet Bun,Pastry,midday,2,2.1
2025-07-31,country_sourdough,Country Sourdough,Bread,evening,7,1.95
2025-07-31,country_sourdough,Country Sourdough,Bread,midday,9,1.8444444444444446
2025-07-31,country_sourdough,Country Sourdough,Bread,morning,16,1.6041666666666667
2025-07-31,fruit_tart,Fruit Tart,Dessert,midday,4,2.0
2025-07-31,fruit_tart,Fruit Tart,Dessert,morning,2,2.0
2025-07-31,ham_cheese_sandwich,Ham & Cheese Sandwich,Savory,evening,3,4.5
2025-07-31,ham_cheese_sandwich,Ham & Cheese Sandwich,Savory,midday,9,5.7
2025-07-31,ham_cheese_sandwich,Ham & Cheese Sandwich,Savory,morning,4,6.5
2025-07-31,pain_au_chocolat,Pain au Chocolat,Pastry,midday,1,1.2
2025-07-31,pain_au_chocolat,Pain au Chocolat,Pastry,morning,21,1.2
2025-07-31,traditional_baguette,Traditional Baguette,Bread,evening,58,1.1972222222222222
2025-07-31,traditional_baguette,Traditional Baguette,Bread,midday,82,1.1771739130434782
2025-07-31,traditional_baguette,Traditional Baguette,Bread,morning,91,1.1111111111111112
2025-08-01,brioche,Brioche,Pastry,midday,3,5.666666666666667
2025-08-01,brioche,Brioche,Pastry,morning,6,5.166666666666667
2025-08-01,butter_croissant,Butter Croissant,Pastry,evening,4,1.3
2025-08-01,butter_croissant,Butter Croissant,Pastry,midday,8,1.2
2025-08-01,butter_croissant,Butter Croissant,Pastry,morning,43,1.123076923076923
2025-08-01,chocolate_cookie,Chocolate Cookie,Dessert,midday,8,1.0
2025-08-01,coffee_bun_sweet_bun,Coffee Bun / Sweet Bun,Pastry,morning,13,3.9
2025-08-01,country_sourdough,Country Sourdough,Bread,evening,8,1.5071428571428573
2025-08-01,country_sourdough,Country Sourdough,Bread,midday,27,1.722
2025-08-01,country_sourdough,Country Sourdough,Bread,morning,34,1.8166666666666667
2025-08-01,fruit_tart,Fruit Tart,Dessert,evening,3,2.0
2025-08-01,fruit_tart,Fruit Tart,Dessert,midday,2,2.0
2025-08-01,fruit_tart,Fruit Tart,Dessert,morning,4,2.0
2025-08-01,ham_cheese_sandwich,Ham & Cheese Sandwich,Savory,midday,1,4.5
2025-08-01,pain_au_chocolat,Pain au Chocolat,Pastry,evening,5,1.2
2025-08-01,pain_au_chocolat,Pain au Chocolat,Pastry,morning,25,1.2
2025-08-01,traditional_baguette,Traditional Baguette,Bread,evening,18,0.9178571428571428
2025-08-01,traditional_baguette,Traditional Baguette,Bread,midday,155,1.182
2025-08-01,traditional_baguette,Traditional Baguette,Bread,morning,161,1.1379746835443036
2025-08-03,brioche,Brioche,Pastry,midday,2,6.0
2025-08-03,brioche,Brioche,Pastry,morning,3,5.0
2025-08-03,butter_croissant,Butter Croissant,Pastry,morning,77,1.1535714285714287
2025-08-03,chocolate_cookie,Chocolate Cookie,Dessert,midday,4,1.0
2025-08-03,chocolate_cookie,Chocolate Cookie,Dessert,morning,2,1.0
2025-08-03,coffee_bun_sweet_bun,Coffee Bun / Sweet Bun,Pastry,midday,2,2.1
2025-08-03,coffee_bun_sweet_bun,Coffee Bun / Sweet Bun,Pastry,morning,3,2.1
2025-08-03,country_sourdough,Country Sourdough,Bread,midday,22,1.9921052631578948
2025-08-03,country_sourdough,Country Sourdough,Bread,morning,39,1.546875
2025-08-03,ham_cheese_sandwich,Ham & Cheese Sandwich,Savory,midday,7,5.1
2025-08-03,pain_au_chocolat,Pain au Chocolat,Pastry,morning,71,1.2
2025-08-03,traditional_baguette,Traditional Baguette,Bread,midday,183,1.1619658119658118
2025-08-03,traditional_baguette,Traditional Baguette,Bread,morning,166,1.1111607142857143
2025-08-04,brioche,Brioche,Pastry,evening,2,5.5
2025-08-04,butter_croissant,Butter Croissant,Pastry,evening,3,1.25
2025-08-04,butter_croissant,Butter Croissant,Pastry,midday,2,1.25
2025-08-04,butter_croissant,Butter Croissant,Pastry,morning,14,1.1
2025-08-04,chocolate_cookie,Chocolate Cookie,Dessert,evening,2,1.0
2025-08-04,chocolate_cookie,Chocolate Cookie,Dessert,midday,4,1.0
2025-08-04,chocolate_cookie,Chocolate Cookie,Dessert,morning,4,1.0
2025-08-04,coffee_bun_sweet_bun,Coffee Bun / Sweet Bun,Pastry,midday,1,2.1
2025-08-04,country_sourdough,Country Sourdough,Bread,evening,3,1.7666666666666666
2025-08-04,country_sourdough,Country Sourdough,Bread,midday,10,1.92
2025-08-04,country_sourdough,Country Sourdough,Bread,morning,11,1.29
2025-08-04,ham_cheese_sandwich,Ham & Cheese Sandwich,Savory,midday,9,6.055555555555555
2025-08-04,ham_cheese_sandwich,Ham & Cheese Sandwich,Savory,morning,8,5.5
2025-08-04,pain_au_chocolat,Pain au Chocolat,Pastry,evening,6,1.2
2025-08-04,pain_au_chocolat,Pain au Chocolat,Pastry,midday,1,1.2
2025-08-04,pain_au_chocolat,Pain au Chocolat,Pastry,morning,15,1.2
2025-08-04,traditional_baguette,Traditional Baguette,Bread,evening,20,1.184375
2025-08-04,traditional_baguette,Traditional Baguette,Bread,midday,66,1.186
2025-08-04,traditional_baguette,Traditional Baguette,Bread,morning,67,1.1011904761904763
2025-08-05,butter_croissant,Butter Croissant,Pastry,evening,1,1.1
2025-08-05,chocolate_cookie,Chocolate Cookie,Dessert,evening,2,1.0
2025-08-05,country_sourdough,Country Sourdough,Bread,evening,6,1.86
2025-08-05,pain_au_chocolat,Pain au Chocolat,Pastry,evening,6,1.2
2025-08-05,traditional_baguette,Traditional Baguette,Bread,evening,31,1.1875
2025-08-07,brioche,Brioche,Pastry,morning,2,5.0
2025-08-07,butter_croissant,Butter Croissant,Pastry,evening,14,1.325
2025-08-07,butter_croissant,Butter Croissant,Pastry,midday,2,1.1
2025-08-07,butter_croissant,Butter Croissant,Pastry,morning,17,1.1500000000000001
2025-08-07,chocolate_cookie,Chocolate Cookie,Dessert,evening,4,1.0
2025-08-07,chocolate_cookie,Chocolate Cookie,Dessert,midday,7,1.0
2025-08-07,country_sourdough,Country Sourdough,Bread,evening,8,1.9166666666666667
2025-08-07,country_sourdough,Country Sourdough,Bread,midday,3,1.7666666666666666
2025-08-07,country_sourdough,Country Sourdough,Bread,morning,11,1.6409090909090909
2025-08-07,fruit_tart,Fruit Tart,Dessert,midday,7,2.0
2025-08-07,ham_cheese_sandwich,Ham & Cheese Sandwich,Savory,midday,11,4.75
2025-08-07,ham_cheese_sandwich,Ham & Cheese Sandwich,Savory,morning,2,6.5
2025-08-07,pain_au_chocolat,Pain au Chocolat,Pastry,evening,10,1.2
2025-08-07,pain_au_chocolat,Pain au Chocolat,Pastry,morning,13,1.2
2025-08-07,traditional_baguette,Traditional Baguette,Bread,evening,17,1.175
2025-08-07,traditional_baguette,Traditional Baguette,Bread,midday,47,1.123076923076923
2025-08-07,traditional_baguette,Traditional Baguette,Bread,morning,44,1.106060606060606
2025-08-08,butter_croissant,Butter Croissant,Pastry,evening,5,1.1
2025-08-08,butter_croissant,Butter Croissant,Pastry,morning,6,1.1
2025-08-08,chocolate_cookie,Chocolate Cookie,Dessert,evening,4,1.0
2025-08-08,chocolate_cookie,Chocolate Cookie,Dessert,midday,2,1.0
2025-08-08,coffee_bun_sweet_bun,Coffee Bun / Sweet Bun,Pastry,morning,2,2.1
2025-08-08,country_sourdough,Country Sourdough,Bread,evening,8,1.5666666666666667
2025-08-08,country_sourdough,Country Sourdough,Bread,midday,6,1.61
2025-08-08,country_sourdough,Country Sourdough,Bread,morning,9,1.407142857142857
2025-08-08,fruit_tart,Fruit Tart,Dessert,evening,2,2.0
2025-08-08,ham_cheese_sandwich,Ham & Cheese Sandwich,Savory,midday,12,5.045454545454546
2025-08-08,pain_au_chocolat,Pain au Chocolat,Pastry,midday,3,1.2
2025-08-08,pain_au_chocolat,Pain au Chocolat,Pastry,morning,9,1.2
2025-08-08,traditional_baguette,Traditional Baguette,Bread,evening,41,1.1613636363636364
2025-08-08,traditional_baguette,Traditional Baguette,Bread,midday,33,1.1383333333333332
2025-08-08,traditional_baguette,Traditional Baguette,Bread,morning,38,1.1017857142857141
2025-08-09,brioche,Brioche,Pastry,midday,3,5.0
2025-08-09,brioche,Brioche,Pastry,morning,1,5.0
2025-08-09,butter_croissant,Butter Croissant,Pastry,evening,9,1.1
2025-08-09,butter_croissant,Butter Croissant,Pastry,midday,3,1.1
2025-08-09,butter_croissant,Butter Croissant,Pastry,morning,10,1.1
2025-08-09,chocolate_cookie,Chocolate Cookie,Dessert,evening,4,1.0
2025-08-09,coffee_bun_sweet_bun,Coffee Bun / Sweet Bun,Pastry,evening,3,2.1
2025-08-09,country_sourdough,Country Sourdough,Bread,evening,2,1.4
2025-08-09,country_sourdough,Country Sourdough,Bread,midday,11,1.7333333333333334
2025-08-09,country_sourdough,Country Sourdough,Bread,morning,10,1.3666666666666667
2025-08-09,fruit_tart,Fruit Tart,Dessert,midday,8,2.0
2025-08-09,ham_cheese_sandwich,Ham & Cheese Sandwich,Savory,morning,1,6.5
2025-08-09,pain_au_chocolat,Pain au Chocolat,Pastry,evening,7,1.2
2025-08-09,pain_au_chocolat,Pain au Chocolat,Pastry,midday,4,1.2
2025-08-09,pain_au_chocolat,Pain au Chocolat,Pastry,morning,8,1.2
2025-08-09,traditional_baguette,Traditional Baguette,Bread,evening,16,1.13125
2025-08-09,traditional_baguette,Traditional Baguette,Bread,midday,36,1.0769230769230769
2025-08-09,traditional_baguette,Traditional Baguette,Bread,morning,66,1.1375
2025-08-10,brioche,Brioche,Pastry,midday,1,5.0
2025-08-10,brioche,Brioche,Pastry,morning,1,5.0
2025-08-10,butter_croissant,Butter Croissant,Pastry,midday,2,1.1
2025-08-10,butter_croissant,Butter Croissant,Pastry,morning,54,1.1
2025-08-10,chocolate_cookie,Chocolate Cookie,Dessert,midday,2,1.0
2025-08-10,country_sourdough,Country Sourdough,Bread,midday,13,1.731818181818182
2025-08-10,country_sourdough,Country Sourdough,Bread,morning,16,1.4153846153846152
2025-08-10,pain_au_chocolat,Pain au Chocolat,Pastry,midday,2,1.2
2025-08-10,pain_au_chocolat,Pain au Chocolat,Pastry,morning,31,1.2
2025-08-10,traditional_baguette,Traditional Baguette,Bread,midday,104,1.171774193548387
2025-08-10,traditional_baguette,Traditional Baguette,Bread,morning,106,1.0964788732394366
2025-08-11,butter_croissant,Butter Croissant,Pastry,midday,2,1.1
2025-08-11,butter_croissant,Butter Croissant,Pastry,morning,9,1.1
2025-08-11,chocolate_cookie,Chocolate Cookie,Dessert,evening,1,1.0
2025-08-11,chocolate_cookie,Chocolate Cookie,Dessert,midday,1,1.0
2025-08-11,coffee_bun_sweet_bun,Coffee Bun / Sweet Bun,Pastry,evening,1,2.1
2025-08-11,coffee_bun_sweet_bun,Coffee Bun / Sweet Bun,Pastry,midday,1,2.1
2025-08-11,country_sourdough,Country Sourdough,Bread,evening,2,1.45
2025-08-11,country_sourdough,Country Sourdough,Bread,midday,4,1.625
2025-08-11,country_sourdough,Country Sourdough,Bread,morning,8,1.6375
2025-08-11,ham_cheese_sandwich,Ham & Cheese Sandwich,Savory,evening,2,4.5
2025-08-11,ham_cheese_sandwich,Ham & Cheese Sandwich,Savory,midday,13,5.409090909090909
2025-08-11,ham_cheese_sandwich,Ham & Cheese Sandwich,Savory,morning,5,5.9
2025-08-11,pain_au_chocolat,Pain au Chocolat,Pastry,evening,2,1.2
2025-08-11,pain_au_chocolat,Pain au Chocolat,Pastry,morning,12,1.2
2025-08-11,traditional_baguette,Traditional Baguette,Bread,evening,27,1.203125
2025-08-11,traditional_baguette,Traditional Baguette,Bread,midday,48,1.1210526315789473
2025-08-11,traditional_baguette,Traditional Baguette,Bread,morning,39,1.095
2025-08-12,butter_croissant,Butter Croissant,Pastry,evening,1,1.4
2025-08-12,butter_croissant,Butter Croissant,Pastry,morning,18,1.1428571428571428
2025-08-12,chocolate_cookie,Chocolate Cookie,Dessert,evening,6,1.0
2025-08-12,chocolate_cookie,Chocolate Cookie,Dessert,midday,1,1.0
2025-08-12,chocolate_cookie,Chocolate Cookie,Dessert,morning,1,1.0
2025-08-12,coffee_bun_sweet_bun,Coffee Bun / Sweet Bun,Pastry,morning,1,2.1
2025-08-12,country_sourdough,Country Sourdough,Bread,evening,7,1.61
2025-08-12,country_sourdough,Country Sourdough,Bread,midday,10,2.02
2025-08-12,country_sourdough,Country Sourdough,Bread,morning,12,1.6749999999999998
2025-08-12,fruit_tart,Fruit Tart,Dessert,midday,4,2.0
2025-08-12,fruit_tart,Fruit Tart,Dessert,morning,1,2.0
2025-08-12,ham_cheese_sandwich,Ham & Cheese Sandwich,Savory,midday,11,6.2272727272727275
2025-08-12,ham_cheese_sandwich,Ham & Cheese Sandwich,Savory,morning,3,5.0
2025-08-12,pain_au_chocolat,Pain au Chocolat,Pastry,evening,1,1.2
2025-08-12,pain_au_chocolat,Pain au Chocolat,Pastry,midday,1,1.2
2025-08-12,pain_au_chocolat,Pain au Chocolat,Pastry,morning,15,1.2
2025-08-12,traditional_baguette,Traditional Baguette,Bread,evening,21,1.2
2025-08-12,traditional_baguette,Traditional Baguette,Bread,midday,50,1.1411764705882352
2025-08-12,traditional_baguette,Traditional Baguette,Bread,morning,23,1.0857142857142859
2025-08-14,butter_croissant,Butter Croissant,Pastry,midday,3,1.3
2025-08-14,butter_croissant,Butter Croissant,Pastry,morning,20,1.1333333333333335
2025-08-14,chocolate_cookie,Chocolate Cookie,Dessert,morning,6,1.0
2025-08-14,country_sourdough,Country Sourdough,Bread,evening,2,1.3
2025-08-14,country_sourdough,Country Sourdough,Bread,midday,3,1.7333333333333332
2025-08-14,country_sourdough,Country Sourdough,Bread,morning,9,1.4785714285714284
2025-08-14,fruit_tart,Fruit Tart,Dessert,evening,1,2.0
2025-08-14,ham_cheese_sandwich,Ham & Cheese Sandwich,Savory,midday,18,4.611111111111111
2025-08-14,ham_cheese_sandwich,Ham & Cheese Sandwich,Savory,morning,3,5.166666666666667
2025-08-14,pain_au_chocolat,Pain au Chocolat,Pastry,evening,1,1.2
2025-08-14,pain_au_chocolat,Pain au Chocolat,Pastry,morning,6,1.2
2025-08-14,traditional_baguette,Traditional Baguette,Bread,evening,17,1.2038461538461538
2025-08-14,traditional_baguette,Traditional Baguette,Bread,midday,50,1.1590909090909092
2025-08-14,traditional_baguette,Traditional Baguette,Bread,morning,29,1.1804347826086956
2025-08-15,brioche,Brioche,Pastry,morning,1,5.0
2025-08-15,butter_croissant,Butter Croissant,Pastry,evening,12,1.2
2025-08-15,butter_croissant,Butter Croissant,Pastry,midday,1,1.1
2025-08-15,butter_croissant,Butter Croissant,Pastry,morning,16,1.1375000000000002
2025-08-15,chocolate_cookie,Chocolate Cookie,Dessert,evening,4,1.0
2025-08-15,chocolate_cookie,Chocolate Cookie,Dessert,morning,1,1.0
2025-08-15,country_sourdough,Country Sourdough,Bread,evening,8,2.1999999999999997
2025-08-15,country_sourdough,Country Sourdough,Bread,midday,6,1.4899999999999998
2025-08-15,country_sourdough,Country Sourdough,Bread,morning,12,1.4272727272727272
2025-08-15,fruit_tart,Fruit Tart,Dessert,evening,2,2.0
2025-08-15,fruit_tart,Fruit Tart,Dessert,midday,3,2.0
2025-08-15,ham_cheese_sandwich,Ham & Cheese Sandwich,Savory,midday,12,4.9
2025-08-15,ham_cheese_sandwich,Ham & Cheese Sandwich,Savory,morning,3,3.8333333333333335
2025-08-15,pain_au_chocolat,Pain au Chocolat,Pastry,evening,4,1.2
2025-08-15,pain_au_chocolat,Pain au Chocolat,Pastry,midday,2,1.2
2025-08-15,pain_au_chocolat,Pain au Chocolat,Pastry,morning,13,1.2
2025-08-15,traditional_baguette,Traditional Baguette,Bread,evening,33,1.1642857142857141
2025-08-15,traditional_baguette,Traditional Baguette,Bread,midday,51,1.2629032258064516
2025-08-15,traditional_baguette,Traditional Baguette,Bread,morning,30,1.0687499999999999
2025-08-16,brioche,Brioche,Pastry,midday,1,5.0
2025-08-16,butter_croissant,Butter Croissant,Pastry,evening,4,1.1
2025-08-16,butter_croissant,Butter Croissant,Pastry,midday,4,1.1
2025-08-16,butter_croissant,Butter Croissant,Pastry,morning,19,1.1375000000000002
2025-08-16,chocolate_cookie,Chocolate Cookie,Dessert,evening,4,1.0
2025-08-16,country_sourdough,Country Sourdough,Bread,midday,15,2.004166666666667
2025-08-16,country_sourdough,Country Sourdough,Bread,morning,11,1.4500000000000002
2025-08-16,fruit_tart,Fruit Tart,Dessert,morning,2,2.0
2025-08-16,ham_cheese_sandwich,Ham & Cheese Sandwich,Savory,midday,5,4.5
2025-08-16,pain_au_chocolat,Pain au Chocolat,Pastry,evening,4,1.2
2025-08-16,pain_au_chocolat,Pain au Chocolat,Pastry,midday,2,1.2
2025-08-16,pain_au_chocolat,Pain au Chocolat,Pastry,morning,16,1.2
2025-08-16,traditional_baguette,Traditional Baguette,Bread,evening,16,1.1772727272727272
2025-08-16,traditional_baguette,Traditional Baguette,Bread,midday,53,1.1455882352941176
2025-08-16,traditional_baguette,Traditional Baguette,Bread,morning,65,1.1129032258064515
2025-08-17,brioche,Brioche,Pastry,morning,1,5.0
2025-08-17,butter_croissant,Butter Croissant,Pastry,midday,2,1.1
2025-08-17,butter_croissant,Butter Croissant,Pastry,morning,63,1.1260869565217393
2025-08-17,chocolate_cookie,Chocolate Cookie,Dessert,midday,3,1.0
2025-08-17,coffee_bun_sweet_bun,Coffee Bun / Sweet Bun,Pastry,midday,3,2.1
2025-08-17,country_sourdough,Country Sourdough,Bread,midday,4,1.275
2025-08-17,country_sourdough,Country Sourdough,Bread,morning,22,1.7105263157894737
2025-08-17,fruit_tart,Fruit Tart,Dessert,midday,4,2.0
2025-08-17,fruit_tart,Fruit Tart,Dessert,morning,3,2.0
2025-08-17,pain_au_chocolat,Pain au Chocolat,Pastry,midday,8,1.2
2025-08-17,pain_au_chocolat,Pain au Chocolat,Pastry,morning,44,1.2
2025-08-17,traditional_baguette,Traditional Baguette,Bread,midday,89,1.1450819672131147
2025-08-17,traditional_baguette,Traditional Baguette,Bread,morning,97,1.1372727272727272
2025-08-18,brioche,Brioche,Pastry,midday,1,5.0
2025-08-18,butter_croissant,Butter Croissant,Pastry,evening,4,1.25
2025-08-18,butter_croissant,Butter Croissant,Pastry,midday,4,1.2
2025-08-18,butter_croissant,Butter Croissant,Pastry,morning,8,1.1
2025-08-18,chocolate_cookie,Chocolate Cookie,Dessert,evening,3,1.0
2025-08-18,country_sourdough,Country Sourdough,Bread,evening,5,1.8199999999999998
2025-08-18,country_sourdough,Country Sourdough,Bread,midday,18,1.54
2025-08-18,country_sourdough,Country Sourdough,Bread,morning,10,1.7888888888888888
2025-08-18,ham_cheese_sandwich,Ham & Cheese Sandwich,Savory,midday,27,5.433333333333334
2025-08-18,ham_cheese_sandwich,Ham & Cheese Sandwich,Savory,morning,5,5.25
2025-08-18,pain_au_chocolat,Pain au Chocolat,Pastry,evening,8,1.2
2025-08-18,pain_au_chocolat,Pain au Chocolat,Pastry,midday,1,1.2
2025-08-18,pain_au_chocolat,Pain au Chocolat,Pastry,morning,1,1.2
2025-08-18,traditional_baguette,Traditional Baguette,Bread,evening,21,1.11875
2025-08-18,traditional_baguette,Traditional Baguette,Bread,midday,55,1.1317073170731706
2025-08-18,traditional_baguette,Traditional Baguette,Bread,morning,48,1.0999999999999999
2025-08-19,brioche,Brioche,Pastry,evening,1,5.0
2025-08-19,brioche,Brioche,Pastry,midday,1,5.0
2025-08-19,butter_croissant,Butter Croissant,Pastry,evening,12,1.2
2025-08-19,butter_croissant,Butter Croissant,Pastry,midday,4,1.1
2025-08-19,butter_croissant,Butter Croissant,Pastry,morning,6,1.1
2025-08-19,chocolate_cookie,Chocolate Cookie,Dessert,evening,1,1.0
2025-08-19,chocolate_cookie,Chocolate Cookie,Dessert,midday,1,1.0
2025-08-19,country_sourdough,Country Sourdough,Bread,evening,6,2.175
2025-08-19,country_sourdough,Country Sourdough,Bread,midday,9,1.96875
2025-08-19,country_sourdough,Country Sourdough,Bread,morning,6,1.28
2025-08-19,fruit_tart,Fruit Tart,Dessert,midday,2,2.0
2025-08-19,ham_cheese_sandwich,Ham & Cheese Sandwich,Savory,midday,10,5.5
2025-08-19,ham_cheese_sandwich,Ham & Cheese Sandwich,Savory,morning,5,4.5
2025-08-19,pain_au_chocolat,Pain au Chocolat,Pastry,evening,5,1.2
2025-08-19,pain_au_chocolat,Pain au Chocolat,Pastry,midday,6,1.2
2025-08-19,pain_au_chocolat,Pain au Chocolat,Pastry,morning,3,1.2
2025-08-19,traditional_baguette,Traditional Baguette,Bread,evening,30,1.1724999999999999
2025-08-19,traditional_baguette,Traditional Baguette,Bread,midday,31,1.2916666666666667
2025-08-19,traditional_baguette,Traditional Baguette,Bread,morning,35,1.082142857142857
2025-08-21,butter_croissant,Butter Croissant,Pastry,midday,2,1.4
2025-08-21,butter_croissant,Butter Croissant,Pastry,morning,21,1.1857142857142857
2025-08-21,chocolate_cookie,Chocolate Cookie,Dessert,evening,3,1.0
2025-08-21,chocolate_cookie,Chocolate Cookie,Dessert,midday,2,1.0
2025-08-21,coffee_bun_sweet_bun,Coffee Bun / Sweet Bun,Pastry,midday,3,2.1
2025-08-21,country_sourdough,Country Sourdough,Bread,evening,3,2.6
2025-08-21,country_sourdough,Country Sourdough,Bread,midday,11,2.033333333333333
2025-08-21,country_sourdough,Country Sourdough,Bread,morning,16,1.3499999999999999
2025-08-21,fruit_tart,Fruit Tart,Dessert,midday,5,2.0
2025-08-21,fruit_tart,Fruit Tart,Dessert,morning,2,2.0
2025-08-21,ham_cheese_sandwich,Ham & Cheese Sandwich,Savory,midday,15,5.333333333333333
2025-08-21,ham_cheese_sandwich,Ham & Cheese Sandwich,Savory,morning,2,3.5
2025-08-21,pain_au_chocolat,Pain au Chocolat,Pastry,midday,3,1.2
2025-08-21,pain_au_chocolat,Pain au Chocolat,Pastry,morning,20,1.2
2025-08-21,traditional_baguette,Traditional Baguette,Bread,evening,18,1.1538461538461537
2025-08-21,traditional_baguette,Traditional Baguette,Bread,midday,59,1.1342857142857143
2025-08-21,traditional_baguette,Traditional Baguette,Bread,morning,34,1.0923076923076922
2025-08-22,brioche,Brioche,Pastry,midday,2,5.0
2025-08-22,butter_croissant,Butter Croissant,Pastry,evening,8,1.1600000000000001
2025-08-22,butter_croissant,Butter Croissant,Pastry,midday,2,1.4
2025-08-22,butter_croissant,Butter Croissant,Pastry,morning,3,1.1
2025-08-22,chocolate_cookie,Chocolate Cookie,Dessert,evening,5,1.0
2025-08-22,country_sourdough,Country Sourdough,Bread,evening,2,2.4
2025-08-22,country_sourdough,Country Sourdough,Bread,midday,8,1.2571428571428573
2025-08-22,country_sourdough,Country Sourdough,Bread,morning,10,1.5999999999999999
2025-08-22,fruit_tart,Fruit Tart,Dessert,midday,2,2.0
2025-08-22,ham_cheese_sandwich,Ham & Cheese Sandwich,Savory,midday,17,5.214285714285714
2025-08-22,ham_cheese_sandwich,Ham & Cheese Sandwich,Savory,morning,1,6.5
2025-08-22,pain_au_chocolat,Pain au Chocolat,Pastry,evening,3,1.2
2025-08-22,pain_au_chocolat,Pain au Chocolat,Pastry,morning,27,1.2
2025-08-22,traditional_baguette,Traditional Baguette,Bread,evening,36,1.191304347826087
2025-08-22,traditional_baguette,Traditional Baguette,Bread,midday,46,1.1636363636363636
2025-08-22,traditional_baguette,Traditional Baguette,Bread,morning,35,1.0333333333333332
2025-08-23,brioche,Brioche,Pastry,morning,1,5.0
2025-08-23,butter_croissant,Butter Croissant,Pastry,evening,9,1.25
2025-08-23,butter_croissant,Butter Croissant,Pastry,midday,7,1.1
2025-08-23,butter_croissant,Butter Croissant,Pastry,morning,25,1.1600000000000001
2025-08-23,chocolate_cookie,Chocolate Cookie,Dessert,evening,3,1.0
2025-08-23,chocolate_cookie,Chocolate Cookie,Dessert,midday,2,1.0
2025-08-23,chocolate_cookie,Chocolate Cookie,Dessert,morning,1,1.0
2025-08-23,coffee_bun_sweet_bun,Coffee Bun / Sweet Bun,Pastry,evening,1,2.1
2025-08-23,coffee_bun_sweet_bun,Coffee Bun / Sweet Bun,Pastry,midday,2,2.1
2025-08-23,country_sourdough,Country Sourdough,Bread,midday,7,2.3000000000000003
2025-08-23,country_sourdough,Country Sourdough,Bread,morning,19,1.6071428571428572
2025-08-23,fruit_tart,Fruit Tart,Dessert,evening,1,2.0
2025-08-23,fruit_tart,Fruit Tart,Dessert,midday,1,2.0
2025-08-23,ham_cheese_sandwich,Ham & Cheese Sandwich,Savory,midday,1,4.5
2025-08-23,ham_cheese_sandwich,Ham & Cheese Sandwich,Savory,morning,1,4.5
2025-08-23,pain_au_chocolat,Pain au Chocolat,Pastry,evening,1,1.2
2025-08-23,pain_au_chocolat,Pain au Chocolat,Pastry,midday,2,1.2
2025-08-23,pain_au_chocolat,Pain au Chocolat,Pastry,morning,9,1.2
2025-08-23,traditional_baguette,Traditional Baguette,Bread,evening,29,1.15
2025-08-23,traditional_baguette,Traditional Baguette,Bread,midday,79,1.124468085106383
2025-08-23,traditional_baguette,Traditional Baguette,Bread,morning,61,1.0935897435897435
2025-08-24,brioche,Brioche,Pastry,morning,1,5.0
2025-08-24,butter_croissant,Butter Croissant,Pastry,midday,9,1.1600000000000001
2025-08-24,butter_croissant,Butter Croissant,Pastry,morning,51,1.1187500000000001
2025-08-24,chocolate_cookie,Chocolate Cookie,Dessert,midday,6,1.0
2025-08-24,chocolate_cookie,Chocolate Cookie,Dessert,morning,1,1.0
2025-08-24,coffee_bun_sweet_bun,Coffee Bun / Sweet Bun,Pastry,midday,1,7.5
2025-08-24,country_sourdough,Country Sourdough,Bread,midday,16,1.5733333333333335
2025-08-24,country_sourdough,Country Sourdough,Bread,morning,22,1.605263157894737
2025-08-24,fruit_tart,Fruit Tart,Dessert,midday,3,2.0
2025-08-24,fruit_tart,Fruit Tart,Dessert,morning,11,2.0
2025-08-24,pain_au_chocolat,Pain au Chocolat,Pastry,midday,4,1.2
2025-08-24,pain_au_chocolat,Pain au Chocolat,Pastry,morning,34,1.2
2025-08-24,traditional_baguette,Traditional Baguette,Bread,midday,92,1.1375
2025-08-24,traditional_baguette,Traditional Baguette,Bread,morning,115,1.113768115942029
2025-08-25,brioche,Brioche,Pastry,morning,1,5.0
2025-08-25,butter_croissant,Butter Croissant,Pastry,evening,4,1.25
2025-08-25,butter_croissant,Butter Croissant,Pastry,midday,4,1.2
2025-08-25,butter_croissant,Butter Croissant,Pastry,morning,5,1.175
2025-08-25,chocolate_cookie,Chocolate Cookie,Dessert,evening,1,1.0
2025-08-25,chocolate_cookie,Chocolate Cookie,Dessert,morning,2,1.0
2025-08-25,country_sourdough,Country Sourdough,Bread,evening,5,2.2
2025-08-25,country_sourdough,Country Sourdough,Bread,midday,7,1.7333333333333334
2025-08-25,country_sourdough,Country Sourdough,Bread,morning,10,1.34
2025-08-25,fruit_tart,Fruit Tart,Dessert,evening,1,2.0
2025-08-25,fruit_tart,Fruit Tart,Dessert,morning,1,2.0
2025-08-25,ham_cheese_sandwich,Ham & Cheese Sandwich,Savory,midday,16,5.857142857142857
2025-08-25,ham_cheese_sandwich,Ham & Cheese Sandwich,Savory,morning,1,4.5
2025-08-25,pain_au_chocolat,Pain au Chocolat,Pastry,evening,3,1.2
2025-08-25,pain_au_chocolat,Pain au Chocolat,Pastry,morning,4,1.2
2025-08-25,traditional_baguette,Traditional Baguette,Bread,evening,38,1.1645833333333333
2025-08-25,traditional_baguette,Traditional Baguette,Bread,midday,41,1.135
2025-08-25,traditional_baguette,Traditional Baguette,Bread,morning,35,1.0875
2025-08-26,brioche,Brioche,Pastry,morning,1,5.0
2025-08-26,butter_croissant,Butter Croissant,Pastry,evening,4,1.2
2025-08-26,butter_croissant,Butter Croissant,Pastry,midday,1,1.1
2025-08-26,butter_croissant,Butter Croissant,Pastry,morning,9,1.1428571428571428
2025-08-26,chocolate_cookie,Chocolate Cookie,Dessert,evening,2,1.0
2025-08-26,country_sourdough,Country Sourdough,Bread,evening,6,1.8166666666666667
2025-08-26,country_sourdough,Country Sourdough,Bread,midday,6,1.9666666666666668
2025-08-26,country_sourdough,Country Sourdough,Bread,morning,14,1.5166666666666666
2025-08-26,fruit_tart,Fruit Tart,Dessert,midday,2,2.0
2025-08-26,ham_cheese_sandwich,Ham & Cheese Sandwich,Savory,evening,1,4.5
2025-08-26,ham_cheese_sandwich,Ham & Cheese Sandwich,Savory,midday,11,5.863636363636363
2025-08-26,ham_cheese_sandwich,Ham & Cheese Sandwich,Savory,morning,4,5.25
2025-08-26,pain_au_chocolat,Pain au Chocolat,Pastry,evening,10,1.2
2025-08-26,pain_au_chocolat,Pain au Chocolat,Pastry,midday,3,1.2
2025-08-26,pain_au_chocolat,Pain au Chocolat,Pastry,morning,10,1.2
2025-08-26,traditional_baguette,Traditional Baguette,Bread,evening,40,1.136206896551724
2025-08-26,traditional_baguette,Traditional Baguette,Bread,midday,33,1.126086956521739
2025-08-26,traditional_baguette,Traditional Baguette,Bread,morning,39,1.11
2025-08-28,brioche,Brioche,Pastry,evening,1,5.0
2025-08-28,brioche,Brioche,Pastry,morning,1,5.0
2025-08-28,butter_croissant,Butter Croissant,Pastry,evening,8,1.2
2025-08-28,butter_croissant,Butter Croissant,Pastry,midday,5,1.2
2025-08-28,butter_croissant,Butter Croissant,Pastry,morning,15,1.1500000000000001
2025-08-28,chocolate_cookie,Chocolate Cookie,Dessert,evening,1,1.0
2025-08-28,chocolate_cookie,Chocolate Cookie,Dessert,midday,2,1.0
2025-08-28,chocolate_cookie,Chocolate Cookie,Dessert,morning,3,1.0
2025-08-28,coffee_bun_sweet_bun,Coffee Bun / Sweet Bun,Pastry,evening,1,2.1
2025-08-28,country_sourdough,Country Sourdough,Bread,evening,13,1.9600000000000002
2025-08-28,country_sourdough,Country Sourdough,Bread,midday,3,1.6333333333333335
2025-08-28,country_sourdough,Country Sourdough,Bread,morning,7,1.3833333333333335
2025-08-28,fruit_tart,Fruit Tart,Dessert,evening,1,2.0
2025-08-28,fruit_tart,Fruit Tart,Dessert,midday,3,2.0
2025-08-28,ham_cheese_sandwich,Ham & Cheese Sandwich,Savory,midday,15,5.8076923076923075
2025-08-28,ham_cheese_sandwich,Ham & Cheese Sandwich,Savory,morning,3,5.833333333333333
2025-08-28,pain_au_chocolat,Pain au Chocolat,Pastry,evening,13,1.2
2025-08-28,pain_au_chocolat,Pain au Chocolat,Pastry,morning,10,1.2
2025-08-28,traditional_baguette,Traditional Baguette,Bread,evening,35,1.1760869565217391
2025-08-28,traditional_baguette,Traditional Baguette,Bread,midday,56,1.1642857142857144
2025-08-28,traditional_baguette,Traditional Baguette,Bread,morning,47,1.0446428571428572
2025-08-29,brioche,Brioche,Pastry,midday,1,5.0
2025-08-29,butter_croissant,Butter Croissant,Pastry,evening,5,1.2
2025-08-29,butter_croissant,Butter Croissant,Pastry,midday,5,1.175
2025-08-29,butter_croissant,Butter Croissant,Pastry,morning,33,1.1
2025-08-29,chocolate_cookie,Chocolate Cookie,Dessert,evening,1,1.0
2025-08-29,chocolate_cookie,Chocolate Cookie,Dessert,morning,6,1.0
2025-08-29,country_sourdough,Country Sourdough,Bread,evening,5,1.9249999999999998
2025-08-29,country_sourdough,Country Sourdough,Bread,midday,6,1.5699999999999998
2025-08-29,country_sourdough,Country Sourdough,Bread,morning,11,1.6111111111111112
2025-08-29,fruit_tart,Fruit Tart,Dessert,midday,1,2.0
2025-08-29,fruit_tart,Fruit Tart,Dessert,morning,2,2.0
2025-08-29,ham_cheese_sandwich,Ham & Cheese Sandwich,Savory,midday,12,5.318181818181818
2025-08-29,ham_cheese_sandwich,Ham & Cheese Sandwich,Savory,morning,4,6.5
2025-08-29,pain_au_chocolat,Pain au Chocolat,Pastry,evening,1,1.2
2025-08-29,pain_au_chocolat,Pain au Chocolat,Pastry,midday,2,1.2
2025-08-29,pain_au_chocolat,Pain au Chocolat,Pastry,morning,26,1.2
2025-08-29,traditional_baguette,Traditional Baguette,Bread,evening,14,1.088888888888889
2025-08-29,traditional_baguette,Traditional Baguette,Bread,midday,33,1.1210526315789473
2025-08-29,traditional_baguette,Traditional Baguette,Bread,morning,45,1.0966666666666667
2025-08-30,brioche,Brioche,Pastry,morning,2,5.0
2025-08-30,butter_croissant,Butter Croissant,Pastry,midday,2,1.1
2025-08-30,butter_croissant,Butter Croissant,Pastry,morning,35,1.1272727272727272
2025-08-30,chocolate_cookie,Chocolate Cookie,Dessert,evening,1,1.0
2025-08-30,chocolate_cookie,Chocolate Cookie,Dessert,morning,3,1.0
2025-08-30,coffee_bun_sweet_bun,Coffee Bun / Sweet Bun,Pastry,morning,2,7.5
2025-08-30,country_sourdough,Country Sourdough,Bread,evening,2,1.9
2025-08-30,country_sourdough,Country Sourdough,Bread,midday,9,1.9285714285714286
2025-08-30,country_sourdough,Country Sourdough,Bread,morning,16,1.473076923076923
2025-08-30,fruit_tart,Fruit Tart,Dessert,evening,11,8.0
2025-08-30,fruit_tart,Fruit Tart,Dessert,midday,5,5.333333333333333
2025-08-30,ham_cheese_sandwich,Ham & Cheese Sandwich,Savory,midday,6,4.5
2025-08-30,ham_cheese_sandwich,Ham & Cheese Sandwich,Savory,morning,2,4.0
2025-08-30,pain_au_chocolat,Pain au Chocolat,Pastry,midday,3,1.2
2025-08-30,pain_au_chocolat,Pain au Chocolat,Pastry,morning,26,1.2
2025-08-30,traditional_baguette,Traditional Baguette,Bread,evening,30,1.2
2025-08-30,traditional_baguette,Traditional Baguette,Bread,midday,47,1.159375
2025-08-30,traditional_baguette,Traditional Baguette,Bread,morning,50,1.1196969696969699
2025-08-31,brioche,Brioche,Pastry,midday,1,5.0
2025-08-31,brioche,Brioche,Pastry,morning,2,5.0
2025-08-31,butter_croissant,Butter Croissant,Pastry,midday,2,1.4
2025-08-31,butter_croissant,Butter Croissant,Pastry,morning,49,1.1187500000000001
2025-08-31,chocolate_cookie,Chocolate Cookie,Dessert,morning,5,1.0
2025-08-31,coffee_bun_sweet_bun,Coffee Bun / Sweet Bun,Pastry,midday,3,4.8
2025-08-31,coffee_bun_sweet_bun,Coffee Bun / Sweet Bun,Pastry,morning,6,3.9
2025-08-31,country_sourdough,Country Sourdough,Bread,midday,13,1.7615384615384615
2025-08-31,country_sourdough,Country Sourdough,Bread,morning,22,1.4722222222222223
2025-08-31,fruit_tart,Fruit Tart,Dessert,midday,2,7.0
2025-08-31,fruit_tart,Fruit Tart,Dessert,morning,6,4.8
2025-08-31,pain_au_chocolat,Pain au Chocolat,Pastry,midday,8,1.2
2025-08-31,pain_au_chocolat,Pain au Chocolat,Pastry,morning,40,1.2
2025-08-31,traditional_baguette,Traditional Baguette,Bread,midday,103,1.1666666666666667
2025-08-31,traditional_baguette,Traditional Baguette,Bread,morning,102,1.118548387096774
2025-09-01,butter_croissant,Butter Croissant,Pastry,evening,5,1.2
2025-09-01,butter_croissant,Butter Croissant,Pastry,midday,3,1.25
2025-09-01,butter_croissant,Butter Croissant,Pastry,morning,11,1.1
2025-09-01,chocolate_cookie,Chocolate Cookie,Dessert,evening,5,1.0
2025-09-01,country_sourdough,Country Sourdough,Bread,midday,7,1.4357142857142857
2025-09-01,country_sourdough,Country Sourdough,Bread,morning,14,1.7999999999999998
2025-09-01,fruit_tart,Fruit Tart,Dessert,evening,2,2.0
2025-09-01,fruit_tart,Fruit Tart,Dessert,midday,4,2.0
2025-09-01,fruit_tart,Fruit Tart,Dessert,morning,1,2.0
2025-09-01,ham_cheese_sandwich,Ham & Cheese Sandwich,Savory,midday,11,5.5
2025-09-01,ham_cheese_sandwich,Ham & Cheese Sandwich,Savory,morning,1,6.5
2025-09-01,pain_au_chocolat,Pain au Chocolat,Pastry,evening,4,1.2
2025-09-01,pain_au_chocolat,Pain au Chocolat,Pastry,morning,8,1.2
2025-09-01,traditional_baguette,Traditional Baguette,Bread,evening,24,1.173529411764706
2025-09-01,traditional_baguette,Traditional Baguette,Bread,midday,48,1.227142857142857
2025-09-01,traditional_baguette,Traditional Baguette,Bread,morning,39,1.1116666666666668
2025-09-02,brioche,Brioche,Pastry,midday,1,5.0
2025-09-02,butter_croissant,Butter Croissant,Pastry,evening,3,1.25
2025-09-02,butter_croissant,Butter Croissant,Pastry,morning,8,1.1600000000000001
2025-09-02,country_sourdough,Country Sourdough,Bread,evening,3,2.5666666666666664
2025-09-02,country_sourdough,Country Sourdough,Bread,midday,6,1.7666666666666666
2025-09-02,country_sourdough,Country Sourdough,Bread,morning,23,1.40625
2025-09-02,fruit_tart,Fruit Tart,Dessert,midday,1,2.0
2025-09-02,ham_cheese_sandwich,Ham & Cheese Sandwich,Savory,midday,8,5.875
2025-09-02,ham_cheese_sandwich,Ham & Cheese Sandwich,Savory,morning,2,4.75
2025-09-02,pain_au_chocolat,Pain au Chocolat,Pastry,midday,1,1.2
2025-09-02,pain_au_chocolat,Pain au Chocolat,Pastry,morning,11,1.2
2025-09-02,traditional_baguette,Traditional Baguette,Bread,evening,43,1.1204545454545454
2025-09-02,traditional_baguette,Traditional Baguette,Bread,midday,46,1.145
2025-09-02,traditional_baguette,Traditional Baguette,Bread,morning,45,1.0712121212121213
2025-09-04,butter_croissant,Butter Croissant,Pastry,evening,3,1.1
2025-09-04,butter_croissant,Butter Croissant,Pastry,midday,4,1.2
2025-09-04,butter_croissant,Butter Croissant,Pastry,morning,15,1.1
2025-09-04,chocolate_cookie,Chocolate Cookie,Dessert,evening,1,1.0
2025-09-04,chocolate_cookie,Chocolate Cookie,Dessert,midday,2,1.0
2025-09-04,coffee_bun_sweet_bun,Coffee Bun / Sweet Bun,Pastry,morning,2,2.1
2025-09-04,country_sourdough,Country Sourdough,Bread,evening,5,1.58
2025-09-04,country_sourdough,Country Sourdough,Bread,midday,6,2.7
2025-09-04,country_sourdough,Country Sourdough,Bread,morning,23,1.3357142857142856
2025-09-04,fruit_tart,Fruit Tart,Dessert,evening,5,2.0
2025-09-04,fruit_tart,Fruit Tart,Dessert,morning,2,2.0
2025-09-04,ham_cheese_sandwich,Ham & Cheese Sandwich,Savory,midday,15,5.142857142857143
2025-09-04,ham_cheese_sandwich,Ham & Cheese Sandwich,Savory,morning,4,6.0
2025-09-04,pain_au_chocolat,Pain au Chocolat,Pastry,evening,2,1.2
2025-09-04,pain_au_chocolat,Pain au Chocolat,Pastry,midday,6,1.2
2025-09-04,pain_au_chocolat,Pain au Chocolat,Pastry,morning,14,1.2
2025-09-04,traditional_baguette,Traditional Baguette,Bread,evening,44,1.1384615384615384
2025-09-04,traditional_baguette,Traditional Baguette,Bread,midday,31,1.1541666666666666
2025-09-04,traditional_baguette,Traditional Baguette,Bread,morning,42,1.1796875
2025-09-05,brioche,Brioche,Pastry,midday,1,5.0
2025-09-05,butter_croissant,Butter Croissant,Pastry,midday,3,1.3999999999999997
2025-09-05,butter_croissant,Butter Croissant,Pastry,morning,15,1.1
2025-09-05,chocolate_cookie,Chocolate Cookie,Dessert,evening,2,1.0
2025-09-05,chocolate_cookie,Chocolate Cookie,Dessert,midday,4,1.0
2025-09-05,chocolate_cookie,Chocolate Cookie,Dessert,morning,8,1.0
2025-09-05,country_sourdough,Country Sourdough,Bread,evening,1,1.5
2025-09-05,country_sourdough,Country Sourdough,Bread,midday,11,2.16
2025-09-05,country_sourdough,Country Sourdough,Bread,morning,4,1.475
2025-09-05,fruit_tart,Fruit Tart,Dessert,morning,5,2.0
2025-09-05,ham_cheese_sandwich,Ham & Cheese Sandwich,Savory,midday,24,5.261904761904762
2025-09-05,ham_cheese_sandwich,Ham & Cheese Sandwich,Savory,morning,1,6.5
2025-09-05,pain_au_chocolat,Pain au Chocolat,Pastry,midday,1,1.2
2025-09-05,pain_au_chocolat,Pain au Chocolat,Pastry,morning,7,1.2
2025-09-05,traditional_baguette,Traditional Baguette,Bread,evening,22,1.1676470588235293
2025-09-05,traditional_baguette,Traditional Baguette,Bread,midday,46,1.1517241379310343
2025-09-05,traditional_baguette,Traditional Baguette,Bread,morning,36,1.1222222222222222
2025-09-06,brioche,Brioche,Pastry,midday,1,5.0
2025-09-06,butter_croissant,Butter Croissant,Pastry,evening,5,1.1
2025-09-06,butter_croissant,Butter Croissant,Pastry,midday,8,1.1
2025-09-06,butter_croissant,Butter Croissant,Pastry,morning,11,1.1
2025-09-06,chocolate_cookie,Chocolate Cookie,Dessert,evening,2,1.0
2025-09-06,chocolate_cookie,Chocolate Cookie,Dessert,morning,1,1.0
2025-09-06,coffee_bun_sweet_bun,Coffee Bun / Sweet Bun,Pastry,morning,1,7.5
2025-09-06,country_sourdough,Country Sourdough,Bread,evening,3,2.8666666666666667
2025-09-06,country_sourdough,Country Sourdough,Bread,midday,14,1.6818181818181819
2025-09-06,country_sourdough,Country Sourdough,Bread,morning,16,1.626923076923077
2025-09-06,fruit_tart,Fruit Tart,Dessert,evening,6,2.0
2025-09-06,fruit_tart,Fruit Tart,Dessert,midday,7,2.0
2025-09-06,fruit_tart,Fruit Tart,Dessert,morning,2,5.5
2025-09-06,ham_cheese_sandwich,Ham & Cheese Sandwich,Savory,midday,3,4.166666666666667
2025-09-06,ham_cheese_sandwich,Ham & Cheese Sandwich,Savory,morning,2,5.5
2025-09-06,pain_au_chocolat,Pain au Chocolat,Pastry,evening,5,1.2
2025-09-06,pain_au_chocolat,Pain au Chocolat,Pastry,midday,2,1.2
2025-09-06,pain_au_chocolat,Pain au Chocolat,Pastry,morning,12,1.2
2025-09-06,traditional_baguette,Traditional Baguette,Bread,evening,23,1.1821428571428572
2025-09-06,traditional_baguette,Traditional Baguette,Bread,midday,58,1.1324999999999998
2025-09-06,traditional_baguette,Traditional Baguette,Bread,morning,53,1.0902777777777777
2025-09-07,brioche,Brioche,Pastry,midday,2,0.8
2025-09-07,brioche,Brioche,Pastry,morning,5,3.95
2025-09-07,butter_croissant,Butter Croissant,Pastry,midday,11,1.1500000000000001
2025-09-07,butter_croissant,Butter Croissant,Pastry,morning,69,1.1272727272727272
2025-09-07,chocolate_cookie,Chocolate Cookie,Dessert,midday,3,1.0
2025-09-07,chocolate_cookie,Chocolate Cookie,Dessert,morning,5,1.0
2025-09-07,country_sourdough,Country Sourdough,Bread,midday,18,1.828125
2025-09-07,country_sourdough,Country Sourdough,Bread,morning,25,1.5525
2025-09-07,fruit_tart,Fruit Tart,Dessert,midday,4,2.0
2025-09-07,fruit_tart,Fruit Tart,Dessert,morning,6,4.8
2025-09-07,pain_au_chocolat,Pain au Chocolat,Pastry,midday,6,1.2
2025-09-07,pain_au_chocolat,Pain au Chocolat,Pastry,morning,32,1.2
2025-09-07,traditional_baguette,Traditional Baguette,Bread,midday,112,1.1616438356164382
2025-09-07,traditional_baguette,Traditional Baguette,Bread,morning,124,1.0960526315789474
2025-09-08,brioche,Brioche,Pastry,evening,1,6.0
2025-09-08,brioche,Brioche,Pastry,midday,2,6.0
2025-09-08,butter_croissant,Butter Croissant,Pastry,evening,4,1.325
2025-09-08,butter_croissant,Butter Croissant,Pastry,midday,5,1.15
2025-09-08,butter_croissant,Butter Croissant,Pastry,morning,6,1.2374999999999998
2025-09-08,chocolate_cookie,Chocolate Cookie,Dessert,evening,1,1.1
2025-09-08,chocolate_cookie,Chocolate Cookie,Dessert,morning,2,1.1
2025-09-08,coffee_bun_sweet_bun,Coffee Bun / Sweet Bun,Pastry,evening,2,2.2
2025-09-08,country_sourdough,Country Sourdough,Bread,evening,7,1.49
2025-09-08,country_sourdough,Country Sourdough,Bread,midday,11,1.8850000000000002
2025-09-08,country_sourdough,Country Sourdough,Bread,morning,8,1.45
2025-09-08,fruit_tart,Fruit Tart,Dessert,evening,2,2.1
2025-09-08,fruit_tart,Fruit Tart,Dessert,midday,1,2.1
2025-09-08,fruit_tart,Fruit Tart,Dessert,morning,3,2.1
2025-09-08,ham_cheese_sandwich,Ham & Cheese Sandwich,Savory,midday,11,4.863636363636363
2025-09-08,ham_cheese_sandwich,Ham & Cheese Sandwich,Savory,morning,2,5.0
2025-09-08,pain_au_chocolat,Pain au Chocolat,Pastry,evening,4,1.25
2025-09-08,pain_au_chocolat,Pain au Chocolat,Pastry,morning,10,1.25
2025-09-08,traditional_baguette,Traditional Baguette,Bread,evening,24,1.1266666666666665
2025-09-08,traditional_baguette,Traditional Baguette,Bread,midday,62,1.182051282051282
2025-09-08,traditional_baguette,Traditional Baguette,Bread,morning,54,1.16
2025-09-09,butter_croissant,Butter Croissant,Pastry,evening,4,1.15
2025-09-09,butter_croissant,Butter Croissant,Pastry,midday,1,1.5
2025-09-09,butter_croissant,Butter Croissant,Pastry,morning,3,1.3833333333333335
2025-09-09,chocolate_cookie,Chocolate Cookie,Dessert,evening,5,1.1
2025-09-09,chocolate_cookie,Chocolate Cookie,Dessert,midday,2,1.1
2025-09-09,coffee_bun_sweet_bun,Coffee Bun / Sweet Bun,Pastry,morning,3,2.2
2025-09-09,country_sourdough,Country Sourdough,Bread,evening,10,2.3285714285714287
2025-09-09,country_sourdough,Country Sourdough,Bread,midday,3,2.5
2025-09-09,country_sourdough,Country Sourdough,Bread,morning,17,1.6076923076923075
2025-09-09,fruit_tart,Fruit Tart,Dessert,evening,5,2.1
2025-09-09,fruit_tart,Fruit Tart,Dessert,midday,2,2.1
2025-09-09,ham_cheese_sandwich,Ham & Cheese Sandwich,Savory,midday,14,5.666666666666667
2025-09-09,ham_cheese_sandwich,Ham & Cheese Sandwich,Savory,morning,3,3.5
2025-09-09,pain_au_chocolat,Pain au Chocolat,Pastry,evening,5,1.25
2025-09-09,pain_au_chocolat,Pain au Chocolat,Pastry,midday,3,1.25
2025-09-09,pain_au_chocolat,Pain au Chocolat,Pastry,morning,16,1.25
2025-09-09,traditional_baguette,Traditional Baguette,Bread,evening,27,1.1214285714285714
2025-09-09,traditional_baguette,Traditional Baguette,Bread,midday,53,1.193103448275862
2025-09-09,traditional_baguette,Traditional Baguette,Bread,morning,43,1.1296875
2025-09-11,butter_croissant,Butter Croissant,Pastry,evening,1,1.5
2025-09-11,butter_croissant,Butter Croissant,Pastry,morning,31,1.15
2025-09-11,chocolate_cookie,Chocolate Cookie,Dessert,midday,4,1.1
2025-09-11,chocolate_cookie,Chocolate Cookie,Dessert,morning,1,1.1
2025-09-11,coffee_bun_sweet_bun,Coffee Bun / Sweet Bun,Pastry,midday,1,2.2
2025-09-11,country_sourdough,Country Sourdough,Bread,evening,1,2.5
2025-09-11,country_sourdough,Country Sourdough,Bread,midday,10,2.3
2025-09-11,country_sourdough,Country Sourdough,Bread,morning,16,1.395
2025-09-11,fruit_tart,Fruit Tart,Dessert,evening,1,2.1
2025-09-11,fruit_tart,Fruit Tart,Dessert,midday,4,2.1
2025-09-11,ham_cheese_sandwich,Ham & Cheese Sandwich,Savory,evening,2,6.5
2025-09-11,ham_cheese_sandwich,Ham & Cheese Sandwich,Savory,midday,12,5.166666666666667
2025-09-11,pain_au_chocolat,Pain au Chocolat,Pastry,evening,1,1.25
2025-09-11,pain_au_chocolat,Pain au Chocolat,Pastry,midday,9,1.25
2025-09-11,pain_au_chocolat,Pain au Chocolat,Pastry,morning,19,1.25
2025-09-11,traditional_baguette,Traditional Baguette,Bread,evening,43,1.1565217391304348
2025-09-11,traditional_baguette,Traditional Baguette,Bread,midday,47,1.2028571428571428
2025-09-11,traditional_baguette,Traditional Baguette,Bread,morning,43,1.0852941176470587
2025-09-12,brioche,Brioche,Pastry,midday,3,6.0
2025-09-12,butter_croissant,Butter Croissant,Pastry,evening,2,1.325
2025-09-12,butter_croissant,Butter Croissant,Pastry,midday,1,1.5
2025-09-12,butter_croissant,Butter Croissant,Pastry,morning,16,1.22
2025-09-12,chocolate_cookie,Chocolate Cookie,Dessert,evening,2,1.1
2025-09-12,chocolate_cookie,Chocolate Cookie,Dessert,midday,1,1.1
2025-09-12,chocolate_cookie,Chocolate Cookie,Dessert,morning,6,1.1
2025-09-12,coffee_bun_sweet_bun,Coffee Bun / Sweet Bun,Pastry,evening,2,2.2
2025-09-12,country_sourdough,Country Sourdough,Bread,evening,3,1.7166666666666668
2025-09-12,country_sourdough,Country Sourdough,Bread,midday,4,1.55
2025-09-12,country_sourdough,Country Sourdough,Bread,morning,16,1.842857142857143
2025-09-12,fruit_tart,Fruit Tart,Dessert,evening,4,2.1
2025-09-12,fruit_tart,Fruit Tart,Dessert,midday,1,2.1
2025-09-12,fruit_tart,Fruit Tart,Dessert,morning,1,2.1
2025-09-12,ham_cheese_sandwich,Ham & Cheese Sandwich,Savory,midday,19,5.2
2025-09-12,ham_cheese_sandwich,Ham & Cheese Sandwich,Savory,morning,5,5.9
2025-09-12,pain_au_chocolat,Pain au Chocolat,Pastry,evening,2,1.25
2025-09-12,pain_au_chocolat,Pain au Chocolat,Pastry,midday,8,1.25
2025-09-12,pain_au_chocolat,Pain au Chocolat,Pastry,morning,13,1.25
2025-09-12,traditional_baguette,Traditional Baguette,Bread,evening,32,1.1800000000000002
2025-09-12,traditional_baguette,Traditional Baguette,Bread,midday,47,1.2116666666666667
2025-09-12,traditional_baguette,Traditional Baguette,Bread,morning,38,1.2666666666666668
2025-09-13,brioche,Brioche,Pastry,morning,2,6.0
2025-09-13,butter_croissant,Butter Croissant,Pastry,evening,1,1.15
2025-09-13,butter_croissant,Butter Croissant,Pastry,midday,7,1.15
2025-09-13,butter_croissant,Butter Croissant,Pastry,morning,25,1.15
2025-09-13,chocolate_cookie,Chocolate Cookie,Dessert,evening,1,1.1
2025-09-13,chocolate_cookie,Chocolate Cookie,Dessert,midday,4,1.1
2025-09-13,coffee_bun_sweet_bun,Coffee Bun / Sweet Bun,Pastry,midday,1,8.0
2025-09-13,country_sourdough,Country Sourdough,Bread,evening,6,1.625
2025-09-13,country_sourdough,Country Sourdough,Bread,midday,12,1.9958333333333333
2025-09-13,country_sourdough,Country Sourdough,Bread,morning,14,1.8964285714285716
2025-09-13,fruit_tart,Fruit Tart,Dessert,midday,4,2.1
2025-09-13,fruit_tart,Fruit Tart,Dessert,morning,4,4.55
2025-09-13,ham_cheese_sandwich,Ham & Cheese Sandwich,Savory,midday,14,4.833333333333333
2025-09-13,pain_au_chocolat,Pain au Chocolat,Pastry,evening,1,1.25
2025-09-13,pain_au_chocolat,Pain au Chocolat,Pastry,midday,7,1.25
2025-09-13,pain_au_chocolat,Pain au Chocolat,Pastry,morning,9,1.25
2025-09-13,traditional_baguette,Traditional Baguette,Bread,evening,29,1.2325
2025-09-13,traditional_baguette,Traditional Baguette,Bread,midday,92,1.2148148148148148
2025-09-13,traditional_baguette,Traditional Baguette,Bread,morning,67,1.175
2025-09-14,brioche,Brioche,Pastry,midday,1,6.0
2025-09-14,brioche,Brioche,Pastry,morning,2,6.0
2025-09-14,butter_croissant,Butter Croissant,Pastry,midday,5,1.15
2025-09-14,butter_croissant,Butter Croissant,Pastry,morning,77,1.206
2025-09-14,chocolate_cookie,Chocolate Cookie,Dessert,midday,4,1.1
2025-09-14,coffee_bun_sweet_bun,Coffee Bun / Sweet Bun,Pastry,midday,4,5.1
2025-09-14,country_sourdough,Country Sourdough,Bread,midday,8,2.475
2025-09-14,country_sourdough,Country Sourdough,Bread,morning,37,1.806896551724138
2025-09-14,fruit_tart,Fruit Tart,Dessert,midday,10,5.628571428571428
2025-09-14,fruit_tart,Fruit Tart,Dessert,morning,12,4.575
2025-09-14,ham_cheese_sandwich,Ham & Cheese Sandwich,Savory,midday,2,5.0
2025-09-14,pain_au_chocolat,Pain au Chocolat,Pastry,midday,7,1.25
2025-09-14,pain_au_chocolat,Pain au Chocolat,Pastry,morning,46,1.25
2025-09-14,traditional_baguette,Traditional Baguette,Bread,midday,136,1.2127906976744185
2025-09-14,traditional_baguette,Traditional Baguette,Bread,morning,131,1.1710526315789473
2025-09-15,brioche,Brioche,Pastry,midday,1,6.0
2025-09-15,brioche,Brioche,Pastry,morning,1,6.0
2025-09-15,butter_croissant,Butter Croissant,Pastry,evening,4,1.2666666666666666
2025-09-15,butter_croissant,Butter Croissant,Pastry,midday,4,1.15
2025-09-15,butter_croissant,Butter Croissant,Pastry,morning,15,1.15
2025-09-15,chocolate_cookie,Chocolate Cookie,Dessert,evening,3,1.1
2025-09-15,chocolate_cookie,Chocolate Cookie,Dessert,morning,5,1.1
2025-09-15,coffee_bun_sweet_bun,Coffee Bun / Sweet Bun,Pastry,evening,1,2.2
2025-09-15,coffee_bun_sweet_bun,Coffee Bun / Sweet Bun,Pastry,morning,1,8.0
2025-09-15,country_sourdough,Country Sourdough,Bread,evening,5,1.9600000000000002
2025-09-15,country_sourdough,Country Sourdough,Bread,midday,9,2.011111111111111
2025-09-15,country_sourdough,Country Sourdough,Bread,morning,22,1.4769230769230768
2025-09-15,fruit_tart,Fruit Tart,Dessert,evening,2,2.1
2025-09-15,fruit_tart,Fruit Tart,Dessert,midday,2,2.1
2025-09-15,fruit_tart,Fruit Tart,Dessert,morning,1,2.1
2025-09-15,ham_cheese_sandwich,Ham & Cheese Sandwich,Savory,midday,13,5.25
2025-09-15,ham_cheese_sandwich,Ham & Cheese Sandwich,Savory,morning,2,4.5
2025-09-15,pain_au_chocolat,Pain au Chocolat,Pastry,evening,2,1.25
2025-09-15,pain_au_chocolat,Pain au Chocolat,Pastry,midday,1,1.25
2025-09-15,pain_au_chocolat,Pain au Chocolat,Pastry,morning,15,1.25
2025-09-15,traditional_baguette,Traditional Baguette,Bread,evening,37,1.1648148148148147
2025-09-15,traditional_baguette,Traditional Baguette,Bread,midday,70,1.1942307692307692
2025-09-15,traditional_baguette,Traditional Baguette,Bread,morning,61,1.1647058823529413
2025-09-16,brioche,Brioche,Pastry,evening,1,6.0
2025-09-16,brioche,Brioche,Pastry,midday,1,6.0
2025-09-16,butter_croissant,Butter Croissant,Pastry,evening,15,1.1999999999999997
2025-09-16,butter_croissant,Butter Croissant,Pastry,midday,3,1.15
2025-09-16,butter_croissant,Butter Croissant,Pastry,morning,39,1.1791666666666665
2025-09-16,chocolate_cookie,Chocolate Cookie,Dessert,morning,8,1.1
2025-09-16,coffee_bun_sweet_bun,Coffee Bun / Sweet Bun,Pastry,evening,2,5.1
2025-09-16,coffee_bun_sweet_bun,Coffee Bun / Sweet Bun,Pastry,midday,2,2.2
2025-09-16,country_sourdough,Country Sourdough,Bread,evening,9,1.7000000000000002
2025-09-16,country_sourdough,Country Sourdough,Bread,midday,14,2.175
2025-09-16,country_sourdough,Country Sourdough,Bread,morning,32,1.525
2025-09-16,ham_cheese_sandwich,Ham & Cheese Sandwich,Savory,midday,24,5.555555555555555
2025-09-16,ham_cheese_sandwich,Ham & Cheese Sandwich,Savory,morning,2,4.5
2025-09-16,pain_au_chocolat,Pain au Chocolat,Pastry,evening,8,1.25
2025-09-16,pain_au_chocolat,Pain au Chocolat,Pastry,midday,7,1.25
2025-09-16,pain_au_chocolat,Pain au Chocolat,Pastry,morning,31,1.25
2025-09-16,traditional_baguette,Traditional Baguette,Bread,evening,39,1.1576923076923078
2025-09-16,traditional_baguette,Traditional Baguette,Bread,midday,93,1.350925925925926
2025-09-16,traditional_baguette,Traditional Baguette,Bread,morning,63,1.1566666666666665
2025-09-18,brioche,Brioche,Pastry,morning,2,6.0
2025-09-18,butter_croissant,Butter Croissant,Pastry,evening,2,1.5
2025-09-18,butter_croissant,Butter Croissant,Pastry,midday,3,1.5
2025-09-18,butter_croissant,Butter Croissant,Pastry,morning,11,1.15
2025-09-18,chocolate_cookie,Chocolate Cookie,Dessert,evening,2,1.1
2025-09-18,chocolate_cookie,Chocolate Cookie,Dessert,midday,1,1.1
2025-09-18,chocolate_cookie,Chocolate Cookie,Dessert,morning,2,1.1
2025-09-18,coffee_bun_sweet_bun,Coffee Bun / Sweet Bun,Pastry,evening,1,2.2
2025-09-18,country_sourdough,Country Sourdough,Bread,evening,10,2.1125
2025-09-18,country_sourdough,Country Sourdough,Bread,midday,10,1.97
2025-09-18,country_sourdough,Country Sourdough,Bread,morning,30,1.613888888888889
2025-09-18,fruit_tart,Fruit Tart,Dessert,evening,1,2.1
2025-09-18,fruit_tart,Fruit Tart,Dessert,midday,4,2.1
2025-09-18,ham_cheese_sandwich,Ham & Cheese Sandwich,Savory,midday,27,5.657894736842105
2025-09-18,ham_cheese_sandwich,Ham & Cheese Sandwich,Savory,morning,2,3.5
2025-09-18,pain_au_chocolat,Pain au Chocolat,Pastry,evening,8,1.25
2025-09-18,pain_au_chocolat,Pain au Chocolat,Pastry,midday,5,1.25
2025-09-18,pain_au_chocolat,Pain au Chocolat,Pastry,morning,13,1.25
2025-09-18,traditional_baguette,Traditional Baguette,Bread,evening,57,1.2411764705882353
2025-09-18,traditional_baguette,Traditional Baguette,Bread,midday,85,1.1408333333333334
2025-09-18,traditional_baguette,Traditional Baguette,Bread,morning,66,1.1593023255813955
2025-09-19,butter_croissant,Butter Croissant,Pastry,evening,3,1.2666666666666666
2025-09-19,butter_croissant,Butter Croissant,Pastry,midday,2,1.15
2025-09-19,butter_croissant,Butter Croissant,Pastry,morning,14,1.1999999999999997
2025-09-19,chocolate_cookie,Chocolate Cookie,Dessert,midday,6,1.1
2025-09-19,chocolate_cookie,Chocolate Cookie,Dessert,morning,2,1.1
2025-09-19,coffee_bun_sweet_bun,Coffee Bun / Sweet Bun,Pastry,morning,5,5.1
2025-09-19,country_sourdough,Country Sourdough,Bread,evening,4,1.6
2025-09-19,country_sourdough,Country Sourdough,Bread,midday,16,2.0533333333333332
2025-09-19,country_sourdough,Country Sourdough,Bread,morning,21,1.731818181818182
2025-09-19,fruit_tart,Fruit Tart,Dessert,midday,11,2.1
2025-09-19,ham_cheese_sandwich,Ham & Cheese Sandwich,Savory,midday,11,5.611111111111111
2025-09-19,ham_cheese_sandwich,Ham & Cheese Sandwich,Savory,morning,1,6.5
2025-09-19,pain_au_chocolat,Pain au Chocolat,Pastry,evening,6,1.25
2025-09-19,pain_au_chocolat,Pain au Chocolat,Pastry,midday,4,1.25
2025-09-19,pain_au_chocolat,Pain au Chocolat,Pastry,morning,36,1.25
2025-09-19,traditional_baguette,Traditional Baguette,Bread,evening,29,1.2184210526315788
2025-09-19,traditional_baguette,Traditional Baguette,Bread,midday,87,1.181521739130435
2025-09-19,traditional_baguette,Traditional Baguette,Bread,morning,92,1.1327586206896552
2025-09-20,brioche,Brioche,Pastry,midday,1,6.0
2025-09-20,butter_croissant,Butter Croissant,Pastry,evening,6,1.15
2025-09-20,butter_croissant,Butter Croissant,Pastry,midday,5,1.325
2025-09-20,butter_croissant,Butter Croissant,Pastry,morning,35,1.1791666666666665
2025-09-20,chocolate_cookie,Chocolate Cookie,Dessert,evening,4,1.1
2025-09-20,chocolate_cookie,Chocolate Cookie,Dessert,midday,8,1.1
2025-09-20,coffee_bun_sweet_bun,Coffee Bun / Sweet Bun,Pastry,morning,2,8.0
2025-09-20,country_sourdough,Country Sourdough,Bread,evening,6,1.9000000000000001
2025-09-20,country_sourdough,Country Sourdough,Bread,midday,16,2.0833333333333335
2025-09-20,country_sourdough,Country Sourdough,Bread,morning,24,1.5763157894736841
2025-09-20,fruit_tart,Fruit Tart,Dessert,evening,10,2.1
2025-09-20,fruit_tart,Fruit Tart,Dessert,midday,8,7.328571428571428
2025-09-20,ham_cheese_sandwich,Ham & Cheese Sandwich,Savory,midday,2,6.5
2025-09-20,ham_cheese_sandwich,Ham & Cheese Sandwich,Savory,morning,2,5.5
2025-09-20,pain_au_chocolat,Pain au Chocolat,Pastry,evening,7,1.25
2025-09-20,pain_au_chocolat,Pain au Chocolat,Pastry,midday,3,1.25
2025-09-20,pain_au_chocolat,Pain au Chocolat,Pastry,morning,18,1.25
2025-09-20,traditional_baguette,Traditional Baguette,Bread,evening,42,1.2145833333333333
2025-09-20,traditional_baguette,Traditional Baguette,Bread,midday,107,1.2265151515151516
2025-09-20,traditional_baguette,Traditional Baguette,Bread,morning,86,1.143
2025-09-21,brioche,Brioche,Pastry,midday,3,6.0
2025-09-21,brioche,Brioche,Pastry,morning,3,6.0
2025-09-21,butter_croissant,Butter Croissant,Pastry,midday,2,1.5
2025-09-21,butter_croissant,Butter Croissant,Pastry,morning,99,1.1712121212121211
2025-09-21,chocolate_cookie,Chocolate Cookie,Dessert,midday,2,1.1
2025-09-21,chocolate_cookie,Chocolate Cookie,Dessert,morning,6,1.1
2025-09-21,coffee_bun_sweet_bun,Coffee Bun / Sweet Bun,Pastry,morning,2,2.2
2025-09-21,country_sourdough,Country Sourdough,Bread,midday,11,2.0
2025-09-21,country_sourdough,Country Sourdough,Bread,morning,38,1.6961538461538461
2025-09-21,fruit_tart,Fruit Tart,Dessert,midday,20,3.6923076923076925
2025-09-21,fruit_tart,Fruit Tart,Dessert,morning,13,2.8000000000000003
2025-09-21,pain_au_chocolat,Pain au Chocolat,Pastry,midday,14,1.25
2025-09-21,pain_au_chocolat,Pain au Chocolat,Pastry,morning,73,1.25
2025-09-21,traditional_baguette,Traditional Baguette,Bread,midday,149,1.2217171717171718
2025-09-21,traditional_baguette,Traditional Baguette,Bread,morning,193,1.1878378378378378
2025-09-22,butter_croissant,Butter Croissant,Pastry,midday,1,1.15
2025-09-22,butter_croissant,Butter Croissant,Pastry,morning,17,1.15
2025-09-22,chocolate_cookie,Chocolate Cookie,Dessert,evening,1,1.1
2025-09-22,chocolate_cookie,Chocolate Cookie,Dessert,morning,4,1.1
2025-09-22,coffee_bun_sweet_bun,Coffee Bun / Sweet Bun,Pastry,evening,1,2.2
2025-09-22,country_sourdough,Country Sourdough,Bread,evening,6,1.9749999999999999
2025-09-22,country_sourdough,Country Sourdough,Bread,midday,12,1.7636363636363634
2025-09-22,country_sourdough,Country Sourdough,Bread,morning,16,1.8607142857142858
2025-09-22,fruit_tart,Fruit Tart,Dessert,evening,3,6.066666666666666
2025-09-22,ham_cheese_sandwich,Ham & Cheese Sandwich,Savory,midday,16,5.785714285714286
2025-09-22,ham_cheese_sandwich,Ham & Cheese Sandwich,Savory,morning,4,5.25
2025-09-22,pain_au_chocolat,Pain au Chocolat,Pastry,evening,1,1.25
2025-09-22,pain_au_chocolat,Pain au Chocolat,Pastry,midday,2,1.25
2025-09-22,pain_au_chocolat,Pain au Chocolat,Pastry,morning,13,1.25
2025-09-22,traditional_baguette,Traditional Baguette,Bread,evening,36,1.2434782608695654
2025-09-22,traditional_baguette,Traditional Baguette,Bread,midday,53,1.1833333333333333
2025-09-22,traditional_baguette,Traditional Baguette,Bread,morning,52,1.1583333333333334
2025-09-23,butter_croissant,Butter Croissant,Pastry,evening,13,1.15
2025-09-23,butter_croissant,Butter Croissant,Pastry,midday,1,1.15
2025-09-23,butter_croissant,Butter Croissant,Pastry,morning,15,1.1999999999999997
2025-09-23,chocolate_cookie,Chocolate Cookie,Dessert,morning,1,1.1
2025-09-23,coffee_bun_sweet_bun,Coffee Bun / Sweet Bun,Pastry,evening,1,2.2
2025-09-23,country_sourdough,Country Sourdough,Bread,evening,6,1.9749999999999999
2025-09-23,country_sourdough,Country Sourdough,Bread,midday,12,1.675
2025-09-23,country_sourdough,Country Sourdough,Bread,morning,20,1.953125
2025-09-23,ham_cheese_sandwich,Ham & Cheese Sandwich,Savory,midday,9,6.125
2025-09-23,ham_cheese_sandwich,Ham & Cheese Sandwich,Savory,morning,3,5.0
2025-09-23,pain_au_chocolat,Pain au Chocolat,Pastry,evening,10,1.25
2025-09-23,pain_au_chocolat,Pain au Chocolat,Pastry,morning,10,1.25
2025-09-23,traditional_baguette,Traditional Baguette,Bread,evening,42,1.2214285714285715
2025-09-23,traditional_baguette,Traditional Baguette,Bread,midday,65,1.1976190476190476
2025-09-23,traditional_baguette,Traditional Baguette,Bread,morning,66,1.1653061224489796
2025-09-25,butter_croissant,Butter Croissant,Pastry,evening,8,1.15
2025-09-25,butter_croissant,Butter Croissant,Pastry,midday,6,1.325
2025-09-25,butter_croissant,Butter Croissant,Pastry,morning,10,1.1999999999999997
2025-09-25,chocolate_cookie,Chocolate Cookie,Dessert,evening,4,1.1
2025-09-25,chocolate_cookie,Chocolate Cookie,Dessert,midday,1,1.1
2025-09-25,chocolate_cookie,Chocolate Cookie,Dessert,morning,2,1.1
2025-09-25,coffee_bun_sweet_bun,Coffee Bun / Sweet Bun,Pastry,evening,1,2.2
2025-09-25,country_sourdough,Country Sourdough,Bread,evening,5,1.78
2025-09-25,country_sourdough,Country Sourdough,Bread,midday,12,2.2666666666666666
2025-09-25,country_sourdough,Country Sourdough,Bread,morning,24,1.385
2025-09-25,fruit_tart,Fruit Tart,Dessert,evening,6,2.1
2025-09-25,fruit_tart,Fruit Tart,Dessert,midday,1,2.1
2025-09-25,fruit_tart,Fruit Tart,Dessert,morning,5,2.1
2025-09-25,ham_cheese_sandwich,Ham & Cheese Sandwich,Savory,midday,11,5.2727272727272725
2025-09-25,ham_cheese_sandwich,Ham & Cheese Sandwich,Savory,morning,7,5.714285714285714
2025-09-25,pain_au_chocolat,Pain au Chocolat,Pastry,evening,9,1.25
2025-09-25,pain_au_chocolat,Pain au Chocolat,Pastry,midday,7,1.25
2025-09-25,pain_au_chocolat,Pain au Chocolat,Pastry,morning,18,1.25
2025-09-25,traditional_baguette,Traditional Baguette,Bread,evening,58,1.203846153846154
2025-09-25,traditional_baguette,Traditional Baguette,Bread,midday,58,1.21
2025-09-25,traditional_baguette,Traditional Baguette,Bread,morning,80,1.175
2025-09-26,brioche,Brioche,Pastry,midday,2,6.0
2025-09-26,brownie,Brownie,Dessert,evening,1,2.5
2025-09-26,butter_croissant,Butter Croissant,Pastry,evening,7,1.2666666666666666
2025-09-26,butter_croissant,Butter Croissant,Pastry,midday,1,1.15
2025-09-26,butter_croissant,Butter Croissant,Pastry,morning,8,1.15
2025-09-26,chocolate_cookie,Chocolate Cookie,Dessert,midday,6,1.1
2025-09-26,chocolate_cookie,Chocolate Cookie,Dessert,morning,2,1.1
2025-09-26,coffee_bun_sweet_bun,Coffee Bun / Sweet Bun,Pastry,evening,4,2.2
2025-09-26,country_sourdough,Country Sourdough,Bread,evening,5,1.4833333333333334
2025-09-26,country_sourdough,Country Sourdough,Bread,midday,16,1.965625
2025-09-26,country_sourdough,Country Sourdough,Bread,morning,15,1.6500000000000001
2025-09-26,fruit_tart,Fruit Tart,Dessert,evening,7,3.325
2025-09-26,fruit_tart,Fruit Tart,Dessert,midday,8,2.1
2025-09-26,fruit_tart,Fruit Tart,Dessert,morning,1,2.1
2025-09-26,ham_cheese_sandwich,Ham & Cheese Sandwich,Savory,midday,12,6.818181818181818
2025-09-26,ham_cheese_sandwich,Ham & Cheese Sandwich,Savory,morning,7,5.25
2025-09-26,pain_au_chocolat,Pain au Chocolat,Pastry,evening,7,1.25
2025-09-26,pain_au_chocolat,Pain au Chocolat,Pastry,midday,6,1.25
2025-09-26,pain_au_chocolat,Pain au Chocolat,Pastry,morning,24,1.25
2025-09-26,traditional_baguette,Traditional Baguette,Bread,evening,46,1.2222222222222223
2025-09-26,traditional_baguette,Traditional Baguette,Bread,midday,58,1.1546511627906977
2025-09-26,traditional_baguette,Traditional Baguette,Bread,morning,87,1.162962962962963
2025-09-27,brioche,Brioche,Pastry,midday,1,6.0
2025-09-27,brioche,Brioche,Pastry,morning,2,6.0
2025-09-27,brownie,Brownie,Dessert,midday,2,2.5
2025-09-27,butter_croissant,Butter Croissant,Pastry,evening,1,1.15
2025-09-27,butter_croissant,Butter Croissant,Pastry,midday,7,1.2666666666666666
2025-09-27,butter_croissant,Butter Croissant,Pastry,morning,47,1.1956521739130435
2025-09-27,chocolate_cookie,Chocolate Cookie,Dessert,midday,7,1.1
2025-09-27,chocolate_cookie,Chocolate Cookie,Dessert,morning,5,1.1
2025-09-27,coffee_bun_sweet_bun,Coffee Bun / Sweet Bun,Pastry,evening,4,6.066666666666666
2025-09-27,coffee_bun_sweet_bun,Coffee Bun / Sweet Bun,Pastry,midday,2,2.2
2025-09-27,coffee_bun_sweet_bun,Coffee Bun / Sweet Bun,Pastry,morning,1,8.0
2025-09-27,country_sourdough,Country Sourdough,Bread,evening,3,1.5333333333333332
2025-09-27,country_sourdough,Country Sourdough,Bread,midday,21,1.8499999999999999
2025-09-27,country_sourdough,Country Sourdough,Bread,morning,23,1.869047619047619
2025-09-27,fruit_tart,Fruit Tart,Dessert,evening,4,7.366666666666667
2025-09-27,fruit_tart,Fruit Tart,Dessert,midday,7,4.733333333333333
2025-09-27,fruit_tart,Fruit Tart,Dessert,morning,7,2.1
2025-09-27,ham_cheese_sandwich,Ham & Cheese Sandwich,Savory,evening,1,5.0
2025-09-27,ham_cheese_sandwich,Ham & Cheese Sandwich,Savory,midday,1,7.0
2025-09-27,pain_au_chocolat,Pain au Chocolat,Pastry,evening,1,1.25
2025-09-27,pain_au_chocolat,Pain au Chocolat,Pastry,midday,3,1.25
2025-09-27,pain_au_chocolat,Pain au Chocolat,Pastry,morning,35,1.25
2025-09-27,traditional_baguette,Traditional Baguette,Bread,evening,42,1.24
2025-09-27,traditional_baguette,Traditional Baguette,Bread,midday,100,1.2045454545454546
2025-09-27,traditional_baguette,Traditional Baguette,Bread,morning,119,1.1647058823529413
2025-09-28,brioche,Brioche,Pastry,midday,3,6.0
2025-09-28,brioche,Brioche,Pastry,morning,4,6.0
2025-09-28,butter_croissant,Butter Croissant,Pastry,midday,16,1.28125
2025-09-28,butter_croissant,Butter Croissant,Pastry,morning,84,1.15
2025-09-28,chocolate_cookie,Chocolate Cookie,Dessert,midday,2,1.1
2025-09-28,chocolate_cookie,Chocolate Cookie,Dessert,morning,4,1.1
2025-09-28,coffee_bun_sweet_bun,Coffee Bun / Sweet Bun,Pastry,midday,4,4.133333333333334
2025-09-28,coffee_bun_sweet_bun,Coffee Bun / Sweet Bun,Pastry,morning,1,8.0
2025-09-28,country_sourdough,Country Sourdough,Bread,midday,16,1.7653846153846153
2025-09-28,country_sourdough,Country Sourdough,Bread,morning,46,1.6637499999999998
2025-09-28,fruit_tart,Fruit Tart,Dessert,midday,28,4.213333333333334
2025-09-28,fruit_tart,Fruit Tart,Dessert,morning,18,3.4166666666666665
2025-09-28,pain_au_chocolat,Pain au Chocolat,Pastry,midday,7,1.25
2025-09-28,pain_au_chocolat,Pain au Chocolat,Pastry,morning,61,1.25
2025-09-28,traditional_baguette,Traditional Baguette,Bread,midday,129,1.1980263157894737
2025-09-28,traditional_baguette,Traditional Baguette,Bread,morning,229,1.1943661971830986
2025-09-29,brioche,Brioche,Pastry,evening,1,6.0
2025-09-29,brioche,Brioche,Pastry,morning,1,6.0
2025-09-29,butter_croissant,Butter Croissant,Pastry,evening,2,1.15
2025-09-29,butter_croissant,Butter Croissant,Pastry,midday,3,1.325
2025-09-29,butter_croissant,Butter Croissant,Pastry,morning,12,1.15
2025-09-29,chocolate_cookie,Chocolate Cookie,Dessert,evening,2,1.1
2025-09-29,chocolate_cookie,Chocolate Cookie,Dessert,midday,3,1.1
2025-09-29,chocolate_cookie,Chocolate Cookie,Dessert,morning,3,1.1
2025-09-29,coffee_bun_sweet_bun,Coffee Bun / Sweet Bun,Pastry,midday,1,2.2
2025-09-29,country_sourdough,Country Sourdough,Bread,evening,9,2.1166666666666667
2025-09-29,country_sourdough,Country Sourdough,Bread,midday,14,1.7107142857142856
2025-09-29,country_sourdough,Country Sourdough,Bread,morning,10,1.8
2025-09-29,fruit_tart,Fruit Tart,Dessert,evening,2,2.1
2025-09-29,fruit_tart,Fruit Tart,Dessert,midday,4,6.066666666666666
2025-09-29,fruit_tart,Fruit Tart,Dessert,morning,3,2.1
2025-09-29,ham_cheese_sandwich,Ham & Cheese Sandwich,Savory,midday,17,6.266666666666667
2025-09-29,ham_cheese_sandwich,Ham & Cheese Sandwich,Savory,morning,2,4.0
2025-09-29,pain_au_chocolat,Pain au Chocolat,Pastry,evening,6,1.25
2025-09-29,pain_au_chocolat,Pain au Chocolat,Pastry,midday,1,1.25
2025-09-29,pain_au_chocolat,Pain au Chocolat,Pastry,morning,8,1.25
2025-09-29,traditional_baguette,Traditional Baguette,Bread,evening,58,1.2308823529411765
2025-09-29,traditional_baguette,Traditional Baguette,Bread,midday,71,1.2952380952380953
2025-09-29,traditional_baguette,Traditional Baguette,Bread,morning,57,1.1666666666666667
2025-09-30,brioche,Brioche,Pastry,evening,1,6.0
2025-09-30,brownie,Brownie,Dessert,evening,2,2.5
2025-09-30,butter_croissant,Butter Croissant,Pastry,evening,4,1.2666666666666666
2025-09-30,butter_croissant,Butter Croissant,Pastry,midday,1,1.5
2025-09-30,butter_croissant,Butter Croissant,Pastry,morning,16,1.1818181818181819
2025-09-30,chocolate_cookie,Chocolate Cookie,Dessert,evening,5,1.1
2025-09-30,coffee_bun_sweet_bun,Coffee Bun / Sweet Bun,Pastry,evening,2,5.1
2025-09-30,country_sourdough,Country Sourdough,Bread,evening,12,1.85
2025-09-30,country_sourdough,Country Sourdough,Bread,midday,12,1.981818181818182
2025-09-30,country_sourdough,Country Sourdough,Bread,morning,16,1.609375
2025-09-30,fruit_tart,Fruit Tart,Dessert,evening,1,2.1
2025-09-30,fruit_tart,Fruit Tart,Dessert,midday,6,6.066666666666666
2025-09-30,ham_cheese_sandwich,Ham & Cheese Sandwich,Savory,midday,26,6.2272727272727275
2025-09-30,ham_cheese_sandwich,Ham & Cheese Sandwich,Savory,morning,4,6.5
2025-09-30,pain_au_chocolat,Pain au Chocolat,Pastry,evening,5,1.25
2025-09-30,pain_au_chocolat,Pain au Chocolat,Pastry,midday,1,1.25
2025-09-30,pain_au_chocolat,Pain au Chocolat,Pastry,morning,11,1.25
2025-09-30,traditional_baguette,Traditional Baguette,Bread,evening,54,1.236842105263158
2025-09-30,traditional_baguette,Traditional Baguette,Bread,midday,68,1.1761363636363635
2025-09-30,traditional_baguette,Traditional Baguette,Bread,morning,69,1.1063829787234043
2025-10-01,brioche,Brioche,Pastry,morning,1,6.0
2025-10-01,brownie,Brownie,Dessert,evening,2,2.5
2025-10-01,butter_croissant,Butter Croissant,Pastry,evening,8,1.2899999999999998
2025-10-01,butter_croissant,Butter Croissant,Pastry,midday,1,1.15
2025-10-01,butter_croissant,Butter Croissant,Pastry,morning,17,1.15
2025-10-01,chocolate_cookie,Chocolate Cookie,Dessert,midday,2,1.1
2025-10-01,chocolate_cookie,Chocolate Cookie,Dessert,morning,4,1.1
2025-10-01,country_sourdough,Country Sourdough,Bread,evening,5,2.1
2025-10-01,country_sourdough,Country Sourdough,Bread,midday,9,1.838888888888889
2025-10-01,country_sourdough,Country Sourdough,Bread,morning,17,1.525
2025-10-01,fruit_tart,Fruit Tart,Dessert,evening,4,2.1
2025-10-01,fruit_tart,Fruit Tart,Dessert,midday,1,2.1
2025-10-01,ham_cheese_sandwich,Ham & Cheese Sandwich,Savory,midday,18,6.333333333333333
2025-10-01,ham_cheese_sandwich,Ham & Cheese Sandwich,Savory,morning,7,5.142857142857143
2025-10-01,pain_au_chocolat,Pain au Chocolat,Pastry,evening,4,1.25
2025-10-01,pain_au_chocolat,Pain au Chocolat,Pastry,midday,1,1.25
2025-10-01,pain_au_chocolat,Pain au Chocolat,Pastry,morning,10,1.25
2025-10-01,traditional_baguette,Traditional Baguette,Bread,evening,47,1.217857142857143
2025-10-01,traditional_baguette,Traditional Baguette,Bread,midday,54,1.1851351351351351
2025-10-01,traditional_baguette,Traditional Baguette,Bread,morning,41,1.2344827586206895
2025-10-02,brioche,Brioche,Pastry,morning,1,6.0
2025-10-02,butter_croissant,Butter Croissant,Pastry,evening,3,1.15
2025-10-02,butter_croissant,Butter Croissant,Pastry,midday,1,1.5
2025-10-02,butter_croissant,Butter Croissant,Pastry,morning,9,1.22
2025-10-02,chocolate_cookie,Chocolate Cookie,Dessert,midday,1,1.1
2025-10-02,chocolate_cookie,Chocolate Cookie,Dessert,morning,1,1.1
2025-10-02,country_sourdough,Country Sourdough,Bread,evening,3,1.8666666666666665
2025-10-02,country_sourdough,Country Sourdough,Bread,midday,6,2.0166666666666666
2025-10-02,country_sourdough,Country Sourdough,Bread,morning,13,1.3958333333333333
2025-10-02,fruit_tart,Fruit Tart,Dessert,evening,1,2.1
2025-10-02,fruit_tart,Fruit Tart,Dessert,midday,3,2.1
2025-10-02,fruit_tart,Fruit Tart,Dessert,morning,2,2.1
2025-10-02,ham_cheese_sandwich,Ham & Cheese Sandwich,Savory,midday,14,6.423076923076923
2025-10-02,ham_cheese_sandwich,Ham & Cheese Sandwich,Savory,morning,5,5.5
2025-10-02,pain_au_chocolat,Pain au Chocolat,Pastry,evening,6,1.25
2025-10-02,pain_au_chocolat,Pain au Chocolat,Pastry,midday,3,1.25
2025-10-02,pain_au_chocolat,Pain au Chocolat,Pastry,morning,13,1.25
2025-10-02,traditional_baguette,Traditional Baguette,Bread,evening,46,1.2185185185185186
2025-10-02,traditional_baguette,Traditional Baguette,Bread,midday,51,1.203846153846154
2025-10-02,traditional_baguette,Traditional Baguette,Bread,morning,56,1.1342857142857143
2025-10-03,brioche,Brioche,Pastry,morning,1,6.0
2025-10-03,butter_croissant,Butter Croissant,Pastry,evening,3,1.3833333333333335
2025-10-03,butter_croissant,Butter Croissant,Pastry,midday,1,1.5
2025-10-03,butter_croissant,Butter Croissant,Pastry,morning,25,1.15
2025-10-03,chocolate_cookie,Chocolate Cookie,Dessert,midday,5,1.1
2025-10-03,chocolate_cookie,Chocolate Cookie,Dessert,morning,2,1.1
2025-10-03,coffee_bun_sweet_bun,Coffee Bun / Sweet Bun,Pastry,midday,8,2.2
2025-10-03,country_sourdough,Country Sourdough,Bread,evening,8,2.43125
2025-10-03,country_sourdough,Country Sourdough,Bread,midday,12,1.9590909090909092
2025-10-03,country_sourdough,Country Sourdough,Bread,morning,16,1.4666666666666668
2025-10-03,ham_cheese_sandwich,Ham & Cheese Sandwich,Savory,midday,17,6.571428571428571
2025-10-03,ham_cheese_sandwich,Ham & Cheese Sandwich,Savory,morning,5,5.6
2025-10-03,pain_au_chocolat,Pain au Chocolat,Pastry,evening,2,1.25
2025-10-03,pain_au_chocolat,Pain au Chocolat,Pastry,midday,1,1.25
2025-10-03,pain_au_chocolat,Pain au Chocolat,Pastry,morning,20,1.25
2025-10-03,traditional_baguette,Traditional Baguette,Bread,evening,55,1.1844827586206896
2025-10-03,traditional_baguette,Traditional Baguette,Bread,midday,57,1.2107142857142859
2025-10-03,traditional_baguette,Traditional Baguette,Bread,morning,69,1.1543478260869566
2025-10-04,brioche,Brioche,Pastry,morning,1,6.0
2025-10-04,butter_croissant,Butter Croissant,Pastry,evening,1,1.15
2025-10-04,butter_croissant,Butter Croissant,Pastry,midday,12,1.2666666666666666
2025-10-04,butter_croissant,Butter Croissant,Pastry,morning,44,1.1966666666666665
2025-10-04,chocolate_cookie,Chocolate Cookie,Dessert,evening,3,1.1
2025-10-04,chocolate_cookie,Chocolate Cookie,Dessert,morning,2,1.1
2025-10-04,coffee_bun_sweet_bun,Coffee Bun / Sweet Bun,Pastry,midday,1,8.0
2025-10-04,country_sourdough,Country Sourdough,Bread,evening,5,2.3375
2025-10-04,country_sourdough,Country Sourdough,Bread,midday,15,1.8541666666666667
2025-10-04,country_sourdough,Country Sourdough,Bread,morning,21,1.5588235294117647
2025-10-04,fruit_tart,Fruit Tart,Dessert,evening,8,2.1
2025-10-04,fruit_tart,Fruit Tart,Dessert,midday,6,6.3
2025-10-04,fruit_tart,Fruit Tart,Dessert,morning,7,5.64
2025-10-04,ham_cheese_sandwich,Ham & Cheese Sandwich,Savory,midday,2,7.0
2025-10-04,ham_cheese_sandwich,Ham & Cheese Sandwich,Savory,morning,5,5.5
2025-10-04,pain_au_chocolat,Pain au Chocolat,Pastry,midday,15,1.25
2025-10-04,pain_au_chocolat,Pain au Chocolat,Pastry,morning,30,1.25
2025-10-04,traditional_baguette,Traditional Baguette,Bread,evening,42,1.2339285714285713
2025-10-04,traditional_baguette,Traditional Baguette,Bread,midday,108,1.195967741935484
2025-10-04,traditional_baguette,Traditional Baguette,Bread,morning,104,1.1846774193548388
2025-10-05,brioche,Brioche,Pastry,midday,1,6.0
2025-10-05,brioche,Brioche,Pastry,morning,4,6.0
2025-10-05,butter_croissant,Butter Croissant,Pastry,midday,3,1.325
2025-10-05,butter_croissant,Butter Croissant,Pastry,morning,73,1.1838709677419355
2025-10-05,chocolate_cookie,Chocolate Cookie,Dessert,midday,2,1.1
2025-10-05,coffee_bun_sweet_bun,Coffee Bun / Sweet Bun,Pastry,morning,2,8.0
2025-10-05,country_sourdough,Country Sourdough,Bread,midday,14,2.1
2025-10-05,country_sourdough,Country Sourdough,Bread,morning,43,1.651470588235294
2025-10-05,fruit_tart,Fruit Tart,Dessert,midday,23,4.3
2025-10-05,fruit_tart,Fruit Tart,Dessert,morning,13,5.388888888888889
2025-10-05,pain_au_chocolat,Pain au Chocolat,Pastry,midday,5,1.25
2025-10-05,pain_au_chocolat,Pain au Chocolat,Pastry,morning,71,1.25
2025-10-05,traditional_baguette,Traditional Baguette,Bread,midday,120,1.2012987012987013
2025-10-05,traditional_baguette,Traditional Baguette,Bread,morning,199,1.2047008547008546
2025-10-06,butter_croissant,Butter Croissant,Pastry,evening,8,1.15
2025-10-06,butter_croissant,Butter Croissant,Pastry,midday,4,1.15
2025-10-06,butter_croissant,Butter Croissant,Pastry,morning,20,1.2083333333333333
2025-10-06,chocolate_cookie,Chocolate Cookie,Dessert,evening,3,1.1
2025-10-06,chocolate_cookie,Chocolate Cookie,Dessert,midday,1,1.1
2025-10-06,coffee_bun_sweet_bun,Coffee Bun / Sweet Bun,Pastry,morning,1,2.2
2025-10-06,country_sourdough,Country Sourdough,Bread,evening,9,2.15
2025-10-06,country_sourdough,Country Sourdough,Bread,midday,6,1.825
2025-10-06,country_sourdough,Country Sourdough,Bread,morning,20,1.7558823529411764
2025-10-06,fruit_tart,Fruit Tart,Dessert,evening,1,2.1
2025-10-06,fruit_tart,Fruit Tart,Dessert,midday,1,10.0
2025-10-06,ham_cheese_sandwich,Ham & Cheese Sandwich,Savory,midday,30,5.875
2025-10-06,ham_cheese_sandwich,Ham & Cheese Sandwich,Savory,morning,4,6.0
2025-10-06,pain_au_chocolat,Pain au Chocolat,Pastry,evening,4,1.25
2025-10-06,pain_au_chocolat,Pain au Chocolat,Pastry,midday,5,1.25
2025-10-06,pain_au_chocolat,Pain au Chocolat,Pastry,morning,14,1.25
2025-10-06,traditional_baguette,Traditional Baguette,Bread,evening,30,1.22
2025-10-06,traditional_baguette,Traditional Baguette,Bread,midday,82,1.2308510638297874
2025-10-06,traditional_baguette,Traditional Baguette,Bread,morning,67,1.1671428571428573
2025-10-07,brownie,Brownie,Dessert,evening,1,2.5
2025-10-07,butter_croissant,Butter Croissant,Pastry,evening,4,1.15
2025-10-07,butter_croissant,Butter Croissant,Pastry,morning,23,1.275
2025-10-07,chocolate_cookie,Chocolate Cookie,Dessert,evening,2,1.1
2025-10-07,chocolate_cookie,Chocolate Cookie,Dessert,midday,2,1.1
2025-10-07,chocolate_cookie,Chocolate Cookie,Dessert,morning,6,1.1
2025-10-07,country_sourdough,Country Sourdough,Bread,evening,8,1.6642857142857144
2025-10-07,country_sourdough,Country Sourdough,Bread,midday,5,1.6875
2025-10-07,country_sourdough,Country Sourdough,Bread,morning,12,1.6727272727272726
2025-10-07,fruit_tart,Fruit Tart,Dessert,midday,8,2.1
2025-10-07,fruit_tart,Fruit Tart,Dessert,morning,2,2.1
2025-10-07,ham_cheese_sandwich,Ham & Cheese Sandwich,Savory,midday,23,6.0
2025-10-07,ham_cheese_sandwich,Ham & Cheese Sandwich,Savory,morning,3,5.666666666666667
2025-10-07,pain_au_chocolat,Pain au Chocolat,Pastry,evening,1,1.25
2025-10-07,pain_au_chocolat,Pain au Chocolat,Pastry,midday,1,1.25
2025-10-07,pain_au_chocolat,Pain au Chocolat,Pastry,morning,18,1.25
2025-10-07,traditional_baguette,Traditional Baguette,Bread,evening,32,1.186842105263158
2025-10-07,traditional_baguette,Traditional Baguette,Bread,midday,35,1.3038461538461539
2025-10-07,traditional_baguette,Traditional Baguette,Bread,morning,45,1.3683333333333332
2025-10-08,brownie,Brownie,Dessert,midday,1,2.5
2025-10-08,butter_croissant,Butter Croissant,Pastry,evening,5,1.3833333333333335
2025-10-08,butter_croissant,Butter Croissant,Pastry,midday,3,1.15
2025-10-08,butter_croissant,Butter Croissant,Pastry,morning,14,1.22
2025-10-08,chocolate_cookie,Chocolate Cookie,Dessert,morning,1,1.1
2025-10-08,country_sourdough,Country Sourdough,Bread,evening,6,1.89
2025-10-08,country_sourdough,Country Sourdough,Bread,midday,5,2.33
2025-10-08,country_sourdough,Country Sourdough,Bread,morning,5,1.4
2025-10-08,fruit_tart,Fruit Tart,Dessert,evening,2,2.1
2025-10-08,fruit_tart,Fruit Tart,Dessert,midday,1,2.1
2025-10-08,fruit_tart,Fruit Tart,Dessert,morning,6,2.1
2025-10-08,ham_cheese_sandwich,Ham & Cheese Sandwich,Savory,evening,1,7.0
2025-10-08,ham_cheese_sandwich,Ham & Cheese Sandwich,Savory,midday,13,6.384615384615385
2025-10-08,pain_au_chocolat,Pain au Chocolat,Pastry,evening,3,1.25
2025-10-08,pain_au_chocolat,Pain au Chocolat,Pastry,midday,2,1.25
2025-10-08,pain_au_chocolat,Pain au Chocolat,Pastry,morning,26,1.25
2025-10-08,traditional_baguette,Traditional Baguette,Bread,evening,8,1.1500000000000001
2025-10-08,traditional_baguette,Traditional Baguette,Bread,midday,26,1.1973684210526316
2025-10-08,traditional_baguette,Traditional Baguette,Bread,morning,42,1.095
2025-10-09,brownie,Brownie,Dessert,evening,2,2.5
2025-10-09,butter_croissant,Butter Croissant,Pastry,evening,12,1.2374999999999998
2025-10-09,butter_croissant,Butter Croissant,Pastry,morning,12,1.1937499999999999
2025-10-09,chocolate_cookie,Chocolate Cookie,Dessert,evening,1,1.1
2025-10-09,chocolate_cookie,Chocolate Cookie,Dessert,midday,2,1.1
2025-10-09,coffee_bun_sweet_bun,Coffee Bun / Sweet Bun,Pastry,evening,4,2.2
2025-10-09,coffee_bun_sweet_bun,Coffee Bun / Sweet Bun,Pastry,midday,1,2.2
2025-10-09,country_sourdough,Country Sourdough,Bread,evening,2,2.5
2025-10-09,country_sourdough,Country Sourdough,Bread,midday,8,1.8285714285714287
2025-10-09,country_sourdough,Country Sourdough,Bread,morning,8,1.2714285714285716
2025-10-09,fruit_tart,Fruit Tart,Dessert,evening,9,2.1
2025-10-09,fruit_tart,Fruit Tart,Dessert,midday,4,2.1
2025-10-09,ham_cheese_sandwich,Ham & Cheese Sandwich,Savory,midday,9,6.333333333333333
2025-10-09,ham_cheese_sandwich,Ham & Cheese Sandwich,Savory,morning,5,6.6
2025-10-09,pain_au_chocolat,Pain au Chocolat,Pastry,evening,4,1.25
2025-10-09,pain_au_chocolat,Pain au Chocolat,Pastry,midday,5,1.25
2025-10-09,pain_au_chocolat,Pain au Chocolat,Pastry,morning,9,1.25
2025-10-09,traditional_baguette,Traditional Baguette,Bread,evening,21,1.1933333333333331
2025-10-09,traditional_baguette,Traditional Baguette,Bread,midday,37,1.2
2025-10-09,traditional_baguette,Traditional Baguette,Bread,morning,34,1.119047619047619
2025-10-10,brioche,Brioche,Pastry,evening,2,6.0
2025-10-10,butter_croissant,Butter Croissant,Pastry,evening,1,1.5
2025-10-10,butter_croissant,Butter Croissant,Pastry,midday,3,1.5
2025-10-10,butter_croissant,Butter Croissant,Pastry,morning,19,1.2277777777777776
2025-10-10,chocolate_cookie,Chocolate Cookie,Dessert,midday,2,1.1
2025-10-10,chocolate_cookie,Chocolate Cookie,Dessert,morning,1,1.1
2025-10-10,country_sourdough,Country Sourdough,Bread,evening,6,1.56
2025-10-10,country_sourdough,Country Sourdough,Bread,midday,4,1.45
2025-10-10,country_sourdough,Country Sourdough,Bread,morning,8,1.4
2025-10-10,fruit_tart,Fruit Tart,Dessert,midday,1,14.0
2025-10-10,ham_cheese_sandwich,Ham & Cheese Sandwich,Savory,midday,12,6.0
2025-10-10,ham_cheese_sandwich,Ham & Cheese Sandwich,Savory,morning,2,7.0
2025-10-10,pain_au_chocolat,Pain au Chocolat,Pastry,evening,5,1.25
2025-10-10,pain_au_chocolat,Pain au Chocolat,Pastry,midday,1,1.25
2025-10-10,pain_au_chocolat,Pain au Chocolat,Pastry,morning,6,1.25
2025-10-10,traditional_baguette,Traditional Baguette,Bread,evening,42,1.1928571428571428
2025-10-10,traditional_baguette,Traditional Baguette,Bread,midday,37,1.2
2025-10-10,traditional_baguette,Traditional Baguette,Bread,morning,29,1.1145833333333333
2025-10-11,brioche,Brioche,Pastry,midday,1,6.0
2025-10-11,butter_croissant,Butter Croissant,Pastry,midday,6,1.15
2025-10-11,butter_croissant,Butter Croissant,Pastry,morning,19,1.255
2025-10-11,chocolate_cookie,Chocolate Cookie,Dessert,evening,4,1.1
2025-10-11,coffee_bun_sweet_bun,Coffee Bun / Sweet Bun,Pastry,morning,6,2.2
2025-10-11,country_sourdough,Country Sourdough,Bread,evening,6,1.1749999999999998
2025-10-11,country_sourdough,Country Sourdough,Bread,midday,10,1.69
2025-10-11,country_sourdough,Country Sourdough,Bread,morning,13,1.5590909090909089
2025-10-11,fruit_tart,Fruit Tart,Dessert,evening,1,2.1
2025-10-11,fruit_tart,Fruit Tart,Dessert,midday,3,4.733333333333333
2025-10-11,fruit_tart,Fruit Tart,Dessert,morning,8,4.55
2025-10-11,ham_cheese_sandwich,Ham & Cheese Sandwich,Savory,midday,5,4.75
2025-10-11,pain_au_chocolat,Pain au Chocolat,Pastry,evening,2,1.25
2025-10-11,pain_au_chocolat,Pain au Chocolat,Pastry,midday,1,1.25
2025-10-11,pain_au_chocolat,Pain au Chocolat,Pastry,morning,24,1.25
2025-10-11,traditional_baguette,Traditional Baguette,Bread,evening,15,1.2550000000000001
2025-10-11,traditional_baguette,Traditional Baguette,Bread,midday,41,1.2051724137931035
2025-10-11,traditional_baguette,Traditional Baguette,Bread,morning,75,1.1711111111111112
2025-10-12,brioche,Brioche,Pastry,midday,1,6.0
2025-10-12,brioche,Brioche,Pastry,morning,2,6.0
2025-10-12,brownie,Brownie,Dessert,midday,1,2.5
2025-10-12,butter_croissant,Butter Croissant,Pastry,morning,63,1.2173076923076922
2025-10-12,chocolate_cookie,Chocolate Cookie,Dessert,midday,1,1.1
2025-10-12,chocolate_cookie,Chocolate Cookie,Dessert,morning,6,1.1
2025-10-12,country_sourdough,Country Sourdough,Bread,midday,12,1.981818181818182
2025-10-12,country_sourdough,Country Sourdough,Bread,morning,30,1.7653846153846153
2025-10-12,fruit_tart,Fruit Tart,Dessert,midday,15,5.622222222222223
2025-10-12,fruit_tart,Fruit Tart,Dessert,morning,4,2.1
2025-10-12,ham_cheese_sandwich,Ham & Cheese Sandwich,Savory,midday,2,7.0
2025-10-12,pain_au_chocolat,Pain au Chocolat,Pastry,midday,10,1.25
2025-10-12,pain_au_chocolat,Pain au Chocolat,Pastry,morning,40,1.25
2025-10-12,traditional_baguette,Traditional Baguette,Bread,midday,106,1.2
2025-10-12,traditional_baguette,Traditional Baguette,Bread,morning,128,1.1969512195121952
2025-10-13,brioche,Brioche,Pastry,evening,1,6.0
2025-10-13,butter_croissant,Butter Croissant,Pastry,evening,3,1.15
2025-10-13,butter_croissant,Butter Croissant,Pastry,midday,7,1.2666666666666666
2025-10-13,butter_croissant,Butter Croissant,Pastry,morning,14,1.15
2025-10-13,chocolate_cookie,Chocolate Cookie,Dessert,evening,2,1.1
2025-10-13,chocolate_cookie,Chocolate Cookie,Dessert,midday,3,1.1
2025-10-13,country_sourdough,Country Sourdough,Bread,evening,4,1.6875
2025-10-13,country_sourdough,Country Sourdough,Bread,midday,9,1.8928571428571428
2025-10-13,country_sourdough,Country Sourdough,Bread,morning,12,1.6681818181818182
2025-10-13,ham_cheese_sandwich,Ham & Cheese Sandwich,Savory,evening,2,4.5
2025-10-13,ham_cheese_sandwich,Ham & Cheese Sandwich,Savory,midday,30,6.037037037037037
2025-10-13,pain_au_chocolat,Pain au Chocolat,Pastry,evening,6,1.25
2025-10-13,pain_au_chocolat,Pain au Chocolat,Pastry,midday,1,1.25
2025-10-13,pain_au_chocolat,Pain au Chocolat,Pastry,morning,6,1.25
2025-10-13,traditional_baguette,Traditional Baguette,Bread,evening,24,1.1933333333333331
2025-10-13,traditional_baguette,Traditional Baguette,Bread,midday,43,1.1810344827586208
2025-10-13,traditional_baguette,Traditional Baguette,Bread,morning,49,1.1500000000000001
2025-10-14,brownie,Brownie,Dessert,midday,1,2.5
2025-10-14,brownie,Brownie,Dessert,morning,2,2.5
2025-10-14,butter_croissant,Butter Croissant,Pastry,evening,2,1.15
2025-10-14,butter_croissant,Butter Croissant,Pastry,midday,1,1.15
2025-10-14,butter_croissant,Butter Croissant,Pastry,morning,13,1.2772727272727271
2025-10-14,chocolate_cookie,Chocolate Cookie,Dessert,midday,2,1.1
2025-10-14,chocolate_cookie,Chocolate Cookie,Dessert,morning,3,1.1
2025-10-14,country_sourdough,Country Sourdough,Bread,evening,4,1.6875
2025-10-14,country_sourdough,Country Sourdough,Bread,midday,7,1.9714285714285715
2025-10-14,country_sourdough,Country Sourdough,Bread,morning,13,1.4722222222222223
2025-10-14,fruit_tart,Fruit Tart,Dessert,midday,1,2.1
2025-10-14,fruit_tart,Fruit Tart,Dessert,morning,2,2.1
2025-10-14,ham_cheese_sandwich,Ham & Cheese Sandwich,Savory,evening,1,5.0
2025-10-14,ham_cheese_sandwich,Ham & Cheese Sandwich,Savory,midday,15,5.714285714285714
2025-10-14,ham_cheese_sandwich,Ham & Cheese Sandwich,Savory,morning,1,7.0
2025-10-14,pain_au_chocolat,Pain au Chocolat,Pastry,evening,3,1.25
2025-10-14,pain_au_chocolat,Pain au Chocolat,Pastry,morning,17,1.25
2025-10-14,traditional_baguette,Traditional Baguette,Bread,evening,29,1.21
2025-10-14,traditional_baguette,Traditional Baguette,Bread,midday,37,1.1964285714285714
2025-10-14,traditional_baguette,Traditional Baguette,Bread,morning,40,1.1155172413793104
2025-10-15,butter_croissant,Butter Croissant,Pastry,evening,5,1.325
2025-10-15,butter_croissant,Butter Croissant,Pastry,midday,4,1.15
2025-10-15,butter_croissant,Butter Croissant,Pastry,morning,14,1.15
2025-10-15,coffee_bun_sweet_bun,Coffee Bun / Sweet Bun,Pastry,morning,1,2.2
2025-10-15,country_sourdough,Country Sourdough,Bread,evening,6,1.6583333333333332
2025-10-15,country_sourdough,Country Sourdough,Bread,midday,5,1.3800000000000001
2025-10-15,country_sourdough,Country Sourdough,Bread,morning,5,1.7600000000000002
2025-10-15,fruit_tart,Fruit Tart,Dessert,midday,5,2.1
2025-10-15,ham_cheese_sandwich,Ham & Cheese Sandwich,Savory,midday,18,6.3076923076923075
2025-10-15,ham_cheese_sandwich,Ham & Cheese Sandwich,Savory,morning,4,5.666666666666667
2025-10-15,pain_au_chocolat,Pain au Chocolat,Pastry,evening,4,1.25
2025-10-15,pain_au_chocolat,Pain au Chocolat,Pastry,morning,20,1.25
2025-10-15,traditional_baguette,Traditional Baguette,Bread,evening,12,1.25
2025-10-15,traditional_baguette,Traditional Baguette,Bread,midday,31,1.2022727272727272
2025-10-15,traditional_baguette,Traditional Baguette,Bread,morning,28,1.0763157894736841
2025-10-16,brioche,Brioche,Pastry,morning,1,6.0
2025-10-16,butter_croissant,Butter Croissant,Pastry,evening,2,1.325
2025-10-16,butter_croissant,Butter Croissant,Pastry,midday,4,1.15
2025-10-16,butter_croissant,Butter Croissant,Pastry,morning,9,1.15
2025-10-16,chocolate_cookie,Chocolate Cookie,Dessert,midday,4,1.1
2025-10-16,chocolate_cookie,Chocolate Cookie,Dessert,morning,2,1.1
2025-10-16,coffee_bun_sweet_bun,Coffee Bun / Sweet Bun,Pastry,midday,1,2.2
2025-10-16,country_sourdough,Country Sourdough,Bread,evening,6,1.67
2025-10-16,country_sourdough,Country Sourdough,Bread,midday,1,2.5
2025-10-16,country_sourdough,Country Sourdough,Bread,morning,10,1.5944444444444443
2025-10-16,fruit_tart,Fruit Tart,Dessert,midday,7,2.1
2025-10-16,fruit_tart,Fruit Tart,Dessert,morning,2,2.1
2025-10-16,ham_cheese_sandwich,Ham & Cheese Sandwich,Savory,midday,17,6.5
2025-10-16,ham_cheese_sandwich,Ham & Cheese Sandwich,Savory,morning,6,6.0
2025-10-16,pain_au_chocolat,Pain au Chocolat,Pastry,evening,1,1.25
2025-10-16,pain_au_chocolat,Pain au Chocolat,Pastry,midday,3,1.25
2025-10-16,pain_au_chocolat,Pain au Chocolat,Pastry,morning,14,1.25
2025-10-16,traditional_baguette,Traditional Baguette,Bread,evening,8,1.207142857142857
2025-10-16,traditional_baguette,Traditional Baguette,Bread,midday,37,1.2166666666666668
2025-10-16,traditional_baguette,Traditional Baguette,Bread,morning,38,1.1760869565217391
2025-10-17,brioche,Brioche,Pastry,evening,1,6.0
2025-10-17,brownie,Brownie,Dessert,midday,1,2.5
2025-10-17,brownie,Brownie,Dessert,morning,1,2.5
2025-10-17,butter_croissant,Butter Croissant,Pastry,evening,3,1.3833333333333335
2025-10-17,butter_croissant,Butter Croissant,Pastry,midday,3,1.325
2025-10-17,butter_croissant,Butter Croissant,Pastry,morning,22,1.15
2025-10-17,chocolate_cookie,Chocolate Cookie,Dessert,evening,3,1.1
2025-10-17,chocolate_cookie,Chocolate Cookie,Dessert,midday,2,1.1
2025-10-17,chocolate_cookie,Chocolate Cookie,Dessert,morning,4,1.1
2025-10-17,coffee_bun_sweet_bun,Coffee Bun / Sweet Bun,Pastry,evening,2,2.2
2025-10-17,coffee_bun_sweet_bun,Coffee Bun / Sweet Bun,Pastry,midday,2,2.2
2025-10-17,country_sourdough,Country Sourdough,Bread,evening,4,1.55
2025-10-17,country_sourdough,Country Sourdough,Bread,midday,3,1.6333333333333335
2025-10-17,country_sourdough,Country Sourdough,Bread,morning,19,1.603846153846154
2025-10-17,fruit_tart,Fruit Tart,Dessert,evening,3,2.1
2025-10-17,fruit_tart,Fruit Tart,Dessert,midday,1,2.1
2025-10-17,fruit_tart,Fruit Tart,Dessert,morning,1,7.0
2025-10-17,ham_cheese_sandwich,Ham & Cheese Sandwich,Savory,midday,16,5.6923076923076925
2025-10-17,ham_cheese_sandwich,Ham & Cheese Sandwich,Savory,morning,1,4.0
2025-10-17,pain_au_chocolat,Pain au Chocolat,Pastry,midday,2,1.25
2025-10-17,pain_au_chocolat,Pain au Chocolat,Pastry,morning,26,1.25
2025-10-17,traditional_baguette,Traditional Baguette,Bread,evening,43,1.232
2025-10-17,traditional_baguette,Traditional Baguette,Bread,midday,38,1.1839285714285714
2025-10-17,traditional_baguette,Traditional Baguette,Bread,morning,24,1.145
2025-10-18,brioche,Brioche,Pastry,midday,1,6.0
2025-10-18,brioche,Brioche,Pastry,morning,1,6.0
2025-10-18,butter_croissant,Butter Croissant,Pastry,midday,3,1.15
2025-10-18,butter_croissant,Butter Croissant,Pastry,morning,27,1.1769230769230767
2025-10-18,chocolate_cookie,Chocolate Cookie,Dessert,evening,1,1.1
2025-10-18,country_sourdough,Country Sourdough,Bread,evening,3,2.5
2025-10-18,country_sourdough,Country Sourdough,Bread,midday,6,2.066666666666667
2025-10-18,country_sourdough,Country Sourdough,Bread,morning,15,1.5
2025-10-18,fruit_tart,Fruit Tart,Dessert,evening,3,2.1
2025-10-18,fruit_tart,Fruit Tart,Dessert,midday,5,4.55
2025-10-18,fruit_tart,Fruit Tart,Dessert,morning,3,6.066666666666666
2025-10-18,ham_cheese_sandwich,Ham & Cheese Sandwich,Savory,midday,2,7.0
2025-10-18,ham_cheese_sandwich,Ham & Cheese Sandwich,Savory,morning,1,7.0
2025-10-18,pain_au_chocolat,Pain au Chocolat,Pastry,evening,3,1.25
2025-10-18,pain_au_chocolat,Pain au Chocolat,Pastry,midday,3,1.25
2025-10-18,pain_au_chocolat,Pain au Chocolat,Pastry,morning,25,1.25
2025-10-18,traditional_baguette,Traditional Baguette,Bread,evening,27,1.207142857142857
2025-10-18,traditional_baguette,Traditional Baguette,Bread,midday,69,1.191304347826087
2025-10-18,traditional_baguette,Traditional Baguette,Bread,morning,67,1.1824999999999999
2025-10-19,brioche,Brioche,Pastry,morning,4,6.0
2025-10-19,butter_croissant,Butter Croissant,Pastry,midday,8,1.22
2025-10-19,butter_croissant,Butter Croissant,Pastry,morning,93,1.2083333333333333
2025-10-19,chocolate_cookie,Chocolate Cookie,Dessert,midday,1,1.1
2025-10-19,chocolate_cookie,Chocolate Cookie,Dessert,morning,2,1.1
2025-10-19,coffee_bun_sweet_bun,Coffee Bun / Sweet Bun,Pastry,midday,5,2.2
2025-10-19,country_sourdough,Country Sourdough,Bread,midday,7,1.7333333333333334
2025-10-19,country_sourdough,Country Sourdough,Bread,morning,25,1.9452380952380952
2025-10-19,fruit_tart,Fruit Tart,Dessert,midday,10,5.8
2025-10-19,fruit_tart,Fruit Tart,Dessert,morning,6,4.075
2025-10-19,ham_cheese_sandwich,Ham & Cheese Sandwich,Savory,morning,1,4.0
2025-10-19,pain_au_chocolat,Pain au Chocolat,Pastry,midday,18,1.25
2025-10-19,pain_au_chocolat,Pain au Chocolat,Pastry,morning,62,1.25
2025-10-19,traditional_baguette,Traditional Baguette,Bread,midday,123,1.2104166666666667
2025-10-19,traditional_baguette,Traditional Baguette,Bread,morning,141,1.1866279069767443
2025-10-20,brioche,Brioche,Pastry,morning,1,6.0
2025-10-20,butter_croissant,Butter Croissant,Pastry,evening,2,1.5
2025-10-20,butter_croissant,Butter Croissant,Pastry,midday,7,1.2666666666666666
2025-10-20,butter_croissant,Butter Croissant,Pastry,morning,23,1.1818181818181819
2025-10-20,coffee_bun_sweet_bun,Coffee Bun / Sweet Bun,Pastry,morning,1,8.0
2025-10-20,country_sourdough,Country Sourdough,Bread,evening,6,1.6666666666666667
2025-10-20,country_sourdough,Country Sourdough,Bread,midday,11,1.6388888888888888
2025-10-20,country_sourdough,Country Sourdough,Bread,morning,13,1.6090909090909091
2025-10-20,fruit_tart,Fruit Tart,Dessert,evening,3,2.1
2025-10-20,fruit_tart,Fruit Tart,Dessert,midday,1,2.1
2025-10-20,fruit_tart,Fruit Tart,Dessert,morning,1,2.1
2025-10-20,ham_cheese_sandwich,Ham & Cheese Sandwich,Savory,midday,19,6.647058823529412
2025-10-20,ham_cheese_sandwich,Ham & Cheese Sandwich,Savory,morning,8,6.0
2025-10-20,pain_au_chocolat,Pain au Chocolat,Pastry,evening,1,1.25
2025-10-20,pain_au_chocolat,Pain au Chocolat,Pastry,midday,3,1.25
2025-10-20,pain_au_chocolat,Pain au Chocolat,Pastry,morning,22,1.25
2025-10-20,traditional_baguette,Traditional Baguette,Bread,evening,32,1.123076923076923
2025-10-20,traditional_baguette,Traditional Baguette,Bread,midday,44,1.215151515151515
2025-10-20,traditional_baguette,Traditional Baguette,Bread,morning,59,1.2757142857142856
2025-10-21,brioche,Brioche,Pastry,evening,1,6.0
2025-10-21,brownie,Brownie,Dessert,evening,1,2.5
2025-10-21,butter_croissant,Butter Croissant,Pastry,evening,6,1.15
2025-10-21,butter_croissant,Butter Croissant,Pastry,midday,5,1.15
2025-10-21,butter_croissant,Butter Croissant,Pastry,morning,17,1.1888888888888889
2025-10-21,chocolate_cookie,Chocolate Cookie,Dessert,morning,3,1.1
2025-10-21,coffee_bun_sweet_bun,Coffee Bun / Sweet Bun,Pastry,evening,1,2.2
2025-10-21,country_sourdough,Country Sourdough,Bread,evening,6,2.125
2025-10-21,country_sourdough,Country Sourdough,Bread,midday,4,1.45
2025-10-21,country_sourdough,Country Sourdough,Bread,morning,17,1.8
2025-10-21,fruit_tart,Fruit Tart,Dessert,evening,1,2.1
2025-10-21,fruit_tart,Fruit Tart,Dessert,midday,3,2.1
2025-10-21,ham_cheese_sandwich,Ham & Cheese Sandwich,Savory,midday,20,6.625
2025-10-21,ham_cheese_sandwich,Ham & Cheese Sandwich,Savory,morning,3,7.0
2025-10-21,pain_au_chocolat,Pain au Chocolat,Pastry,evening,5,1.25
2025-10-21,pain_au_chocolat,Pain au Chocolat,Pastry,midday,4,1.25
2025-10-21,pain_au_chocolat,Pain au Chocolat,Pastry,morning,8,1.25
2025-10-21,traditional_baguette,Traditional Baguette,Bread,evening,37,1.2119047619047618
2025-10-21,traditional_baguette,Traditional Baguette,Bread,midday,40,1.1620689655172414
2025-10-21,traditional_baguette,Traditional Baguette,Bread,morning,33,1.1458333333333333
2025-10-22,brownie,Brownie,Dessert,evening,1,2.5
2025-10-22,butter_croissant,Butter Croissant,Pastry,evening,5,1.325
2025-10-22,butter_croissant,Butter Croissant,Pastry,midday,8,1.2374999999999998
2025-10-22,butter_croissant,Butter Croissant,Pastry,morning,23,1.2277777777777776
2025-10-22,chocolate_cookie,Chocolate Cookie,Dessert,midday,2,1.1
2025-10-22,country_sourdough,Country Sourdough,Bread,evening,5,1.425
2025-10-22,country_sourdough,Country Sourdough,Bread,midday,5,1.78
2025-10-22,country_sourdough,Country Sourdough,Bread,morning,4,1.4875
2025-10-22,fruit_tart,Fruit Tart,Dessert,evening,2,2.1
2025-10-22,fruit_tart,Fruit Tart,Dessert,midday,1,2.1
2025-10-22,fruit_tart,Fruit Tart,Dessert,morning,2,2.1
2025-10-22,ham_cheese_sandwich,Ham & Cheese Sandwich,Savory,midday,18,6.1875
2025-10-22,ham_cheese_sandwich,Ham & Cheese Sandwich,Savory,morning,9,5.428571428571429
2025-10-22,pain_au_chocolat,Pain au Chocolat,Pastry,evening,4,1.25
2025-10-22,pain_au_chocolat,Pain au Chocolat,Pastry,midday,2,1.25
2025-10-22,pain_au_chocolat,Pain au Chocolat,Pastry,morning,26,1.25
2025-10-22,traditional_baguette,Traditional Baguette,Bread,evening,14,1.1541666666666666
2025-10-22,traditional_baguette,Traditional Baguette,Bread,midday,39,1.23
2025-10-22,traditional_baguette,Traditional Baguette,Bread,morning,42,1.191935483870968
2025-10-23,butter_croissant,Butter Croissant,Pastry,evening,3,1.5
2025-10-23,butter_croissant,Butter Croissant,Pastry,morning,21,1.2083333333333333
2025-10-23,chocolate_cookie,Chocolate Cookie,Dessert,midday,2,1.1
2025-10-23,country_sourdough,Country Sourdough,Bread,evening,5,1.72
2025-10-23,country_sourdough,Country Sourdough,Bread,midday,4,2.075
2025-10-23,country_sourdough,Country Sourdough,Bread,morning,13,1.4541666666666666
2025-10-23,fruit_tart,Fruit Tart,Dessert,evening,1,2.1
2025-10-23,fruit_tart,Fruit Tart,Dessert,midday,4,2.1
2025-10-23,ham_cheese_sandwich,Ham & Cheese Sandwich,Savory,midday,20,6.277777777777778
2025-10-23,ham_cheese_sandwich,Ham & Cheese Sandwich,Savory,morning,6,5.0
2025-10-23,pain_au_chocolat,Pain au Chocolat,Pastry,evening,2,1.25
2025-10-23,pain_au_chocolat,Pain au Chocolat,Pastry,midday,5,1.25
2025-10-23,pain_au_chocolat,Pain au Chocolat,Pastry,morning,22,1.25
2025-10-23,traditional_baguette,Traditional Baguette,Bread,evening,17,1.1576923076923078
2025-10-23,traditional_baguette,Traditional Baguette,Bread,midday,40,1.3189655172413792
2025-10-23,traditional_baguette,Traditional Baguette,Bread,morning,42,1.293939393939394
2025-10-24,brioche,Brioche,Pastry,evening,1,6.0
2025-10-24,butter_croissant,Butter Croissant,Pastry,evening,2,1.15
2025-10-24,butter_croissant,Butter Croissant,Pastry,morning,37,1.1791666666666665
2025-10-24,chocolate_cookie,Chocolate Cookie,Dessert,evening,5,1.1
2025-10-24,country_sourdough,Country Sourdough,Bread,evening,6,2.12
2025-10-24,country_sourdough,Country Sourdough,Bread,midday,4,1.5375
2025-10-24,country_sourdough,Country Sourdough,Bread,morning,12,1.6458333333333333
2025-10-24,fruit_tart,Fruit Tart,Dessert,evening,2,2.1
2025-10-24,fruit_tart,Fruit Tart,Dessert,midday,1,2.1
2025-10-24,fruit_tart,Fruit Tart,Dessert,morning,2,2.1
2025-10-24,ham_cheese_sandwich,Ham & Cheese Sandwich,Savory,midday,14,6.230769230769231
2025-10-24,ham_cheese_sandwich,Ham & Cheese Sandwich,Savory,morning,4,6.0
2025-10-24,pain_au_chocolat,Pain au Chocolat,Pastry,evening,2,1.25
2025-10-24,pain_au_chocolat,Pain au Chocolat,Pastry,midday,3,1.25
2025-10-24,pain_au_chocolat,Pain au Chocolat,Pastry,morning,24,1.25
2025-10-24,traditional_baguette,Traditional Baguette,Bread,evening,24,1.2352941176470589
2025-10-24,traditional_baguette,Traditional Baguette,Bread,midday,27,1.1895833333333334
2025-10-24,traditional_baguette,Traditional Baguette,Bread,morning,61,1.1749999999999998
2025-10-25,brioche,Brioche,Pastry,midday,1,6.0
2025-10-25,brioche,Brioche,Pastry,morning,3,6.0
2025-10-25,butter_croissant,Butter Croissant,Pastry,evening,1,1.5
2025-10-25,butter_croissant,Butter Croissant,Pastry,midday,3,1.15
2025-10-25,butter_croissant,Butter Croissant,Pastry,morning,45,1.1937499999999999
2025-10-25,chocolate_cookie,Chocolate Cookie,Dessert,morning,8,1.1
2025-10-25,coffee_bun_sweet_bun,Coffee Bun / Sweet Bun,Pastry,evening,1,2.2
2025-10-25,coffee_bun_sweet_bun,Coffee Bun / Sweet Bun,Pastry,midday,1,8.0
2025-10-25,country_sourdough,Country Sourdough,Bread,evening,8,1.457142857142857
2025-10-25,country_sourdough,Country Sourdough,Bread,midday,13,2.173076923076923
2025-10-25,country_sourdough,Country Sourdough,Bread,morning,18,1.6533333333333333
2025-10-25,fruit_tart,Fruit Tart,Dessert,midday,8,2.1
2025-10-25,fruit_tart,Fruit Tart,Dessert,morning,3,6.05
2025-10-25,ham_cheese_sandwich,Ham & Cheese Sandwich,Savory,midday,1,5.0
2025-10-25,ham_cheese_sandwich,Ham & Cheese Sandwich,Savory,morning,3,5.0
2025-10-25,pain_au_chocolat,Pain au Chocolat,Pastry,evening,1,1.25
2025-10-25,pain_au_chocolat,Pain au Chocolat,Pastry,midday,2,1.25
2025-10-25,pain_au_chocolat,Pain au Chocolat,Pastry,morning,39,1.25
2025-10-25,traditional_baguette,Traditional Baguette,Bread,evening,34,1.1605263157894736
2025-10-25,traditional_baguette,Traditional Baguette,Bread,midday,80,1.2056603773584906
2025-10-25,traditional_baguette,Traditional Baguette,Bread,morning,96,1.1759259259259258
2025-10-26,brioche,Brioche,Pastry,midday,1,6.0
2025-10-26,brioche,Brioche,Pastry,morning,3,6.0
2025-10-26,butter_croissant,Butter Croissant,Pastry,midday,19,1.2277777777777776
2025-10-26,butter_croissant,Butter Croissant,Pastry,morning,80,1.1759259259259258
2025-10-26,chocolate_cookie,Chocolate Cookie,Dessert,midday,2,1.1
2025-10-26,coffee_bun_sweet_bun,Coffee Bun / Sweet Bun,Pastry,midday,5,6.55
2025-10-26,coffee_bun_sweet_bun,Coffee Bun / Sweet Bun,Pastry,morning,5,2.2
2025-10-26,country_sourdough,Country Sourdough,Bread,midday,21,1.736842105263158
2025-10-26,country_sourdough,Country Sourdough,Bread,morning,19,1.6558823529411764
2025-10-26,fruit_tart,Fruit Tart,Dessert,midday,13,4.575
2025-10-26,fruit_tart,Fruit Tart,Dessert,morning,2,4.55
2025-10-26,ham_cheese_sandwich,Ham & Cheese Sandwich,Savory,midday,2,7.0
2025-10-26,pain_au_chocolat,Pain au Chocolat,Pastry,midday,26,1.25
2025-10-26,pain_au_chocolat,Pain au Chocolat,Pastry,morning,39,1.25
2025-10-26,traditional_baguette,Traditional Baguette,Bread,midday,106,1.1901408450704225
2025-10-26,traditional_baguette,Traditional Baguette,Bread,morning,124,1.1837662337662338
2025-10-27,brioche,Brioche,Pastry,morning,1,6.0
2025-10-27,butter_croissant,Butter Croissant,Pastry,evening,3,1.15
2025-10-27,butter_croissant,Butter Croissant,Pastry,midday,6,1.2374999999999998
2025-10-27,butter_croissant,Butter Croissant,Pastry,morning,11,1.2374999999999998
2025-10-27,chocolate_cookie,Chocolate Cookie,Dessert,morning,1,1.1
2025-10-27,coffee_bun_sweet_bun,Coffee Bun / Sweet Bun,Pastry,evening,1,2.2
2025-10-27,country_sourdough,Country Sourdough,Bread,evening,4,2.7875
2025-10-27,country_sourdough,Country Sourdough,Bread,midday,11,1.74375
2025-10-27,country_sourdough,Country Sourdough,Bread,morning,14,1.5884615384615384
2025-10-27,fruit_tart,Fruit Tart,Dessert,evening,4,2.1
2025-10-27,fruit_tart,Fruit Tart,Dessert,midday,4,2.1
2025-10-27,ham_cheese_sandwich,Ham & Cheese Sandwich,Savory,midday,16,6.2
2025-10-27,ham_cheese_sandwich,Ham & Cheese Sandwich,Savory,morning,4,6.0
2025-10-27,pain_au_chocolat,Pain au Chocolat,Pastry,evening,6,1.25
2025-10-27,pain_au_chocolat,Pain au Chocolat,Pastry,morning,5,1.25
2025-10-27,traditional_baguette,Traditional Baguette,Bread,evening,23,1.2125
2025-10-27,traditional_baguette,Traditional Baguette,Bread,midday,74,1.196078431372549
2025-10-27,traditional_baguette,Traditional Baguette,Bread,morning,52,1.1375000000000002
2025-10-28,butter_croissant,Butter Croissant,Pastry,evening,3,1.15
2025-10-28,butter_croissant,Butter Croissant,Pastry,midday,5,1.15
2025-10-28,butter_croissant,Butter Croissant,Pastry,morning,8,1.2083333333333333
2025-10-28,chocolate_cookie,Chocolate Cookie,Dessert,midday,2,1.1
2025-10-28,chocolate_cookie,Chocolate Cookie,Dessert,morning,2,1.1
2025-10-28,coffee_bun_sweet_bun,Coffee Bun / Sweet Bun,Pastry,evening,1,2.2
2025-10-28,coffee_bun_sweet_bun,Coffee Bun / Sweet Bun,Pastry,midday,2,2.2
2025-10-28,country_sourdough,Country Sourdough,Bread,evening,6,1.5250000000000001
2025-10-28,country_sourdough,Country Sourdough,Bread,midday,9,1.9777777777777779
2025-10-28,country_sourdough,Country Sourdough,Bread,morning,11,1.6649999999999998
2025-10-28,fruit_tart,Fruit Tart,Dessert,evening,1,2.1
2025-10-28,fruit_tart,Fruit Tart,Dessert,midday,1,2.1
2025-10-28,ham_cheese_sandwich,Ham & Cheese Sandwich,Savory,evening,1,5.0
2025-10-28,ham_cheese_sandwich,Ham & Cheese Sandwich,Savory,midday,18,5.6
2025-10-28,pain_au_chocolat,Pain au Chocolat,Pastry,evening,3,1.25
2025-10-28,pain_au_chocolat,Pain au Chocolat,Pastry,midday,6,1.25
2025-10-28,pain_au_chocolat,Pain au Chocolat,Pastry,morning,8,1.25
2025-10-28,traditional_baguette,Traditional Baguette,Bread,evening,27,1.2361111111111112
2025-10-28,traditional_baguette,Traditional Baguette,Bread,midday,71,1.1989361702127659
2025-10-28,traditional_baguette,Traditional Baguette,Bread,morning,29,1.1021739130434782
2025-10-29,butter_croissant,Butter Croissant,Pastry,evening,8,1.325
2025-10-29,butter_croissant,Butter Croissant,Pastry,morning,12,1.15
2025-10-29,chocolate_cookie,Chocolate Cookie,Dessert,evening,2,1.1
2025-10-29,chocolate_cookie,Chocolate Cookie,Dessert,morning,2,1.1
2025-10-29,coffee_bun_sweet_bun,Coffee Bun / Sweet Bun,Pastry,midday,4,2.2
2025-10-29,country_sourdough,Country Sourdough,Bread,evening,2,2.05
2025-10-29,country_sourdough,Country Sourdough,Bread,midday,7,2.3785714285714286
2025-10-29,country_sourdough,Country Sourdough,Bread,morning,6,1.3916666666666666
2025-10-29,fruit_tart,Fruit Tart,Dessert,midday,4,2.1
2025-10-29,ham_cheese_sandwich,Ham & Cheese Sandwich,Savory,evening,1,5.0
2025-10-29,ham_cheese_sandwich,Ham & Cheese Sandwich,Savory,midday,10,6.555555555555555
2025-10-29,ham_cheese_sandwich,Ham & Cheese Sandwich,Savory,morning,7,6.25
2025-10-29,pain_au_chocolat,Pain au Chocolat,Pastry,evening,9,1.25
2025-10-29,pain_au_chocolat,Pain au Chocolat,Pastry,midday,2,1.25
2025-10-29,pain_au_chocolat,Pain au Chocolat,Pastry,morning,10,1.25
2025-10-29,traditional_baguette,Traditional Baguette,Bread,evening,31,1.188095238095238
2025-10-29,traditional_baguette,Traditional Baguette,Bread,midday,29,1.1625
2025-10-29,traditional_baguette,Traditional Baguette,Bread,morning,28,1.1065217391304347
2025-10-30,butter_croissant,Butter Croissant,Pastry,evening,12,1.325
2025-10-30,butter_croissant,Butter Croissant,Pastry,midday,1,1.15
2025-10-30,butter_croissant,Butter Croissant,Pastry,morning,3,1.15
2025-10-30,country_sourdough,Country Sourdough,Bread,evening,11,2.2375
2025-10-30,country_sourdough,Country Sourdough,Bread,midday,3,1.9333333333333333
2025-10-30,country_sourdough,Country Sourdough,Bread,morning,7,1.425
2025-10-30,fruit_tart,Fruit Tart,Dessert,midday,6,2.1
2025-10-30,ham_cheese_sandwich,Ham & Cheese Sandwich,Savory,evening,1,7.0
2025-10-30,ham_cheese_sandwich,Ham & Cheese Sandwich,Savory,midday,9,6.444444444444445
2025-10-30,ham_cheese_sandwich,Ham & Cheese Sandwich,Savory,morning,3,5.333333333333333
2025-10-30,pain_au_chocolat,Pain au Chocolat,Pastry,midday,2,1.25
2025-10-30,pain_au_chocolat,Pain au Chocolat,Pastry,morning,10,1.25
2025-10-30,traditional_baguette,Traditional Baguette,Bread,evening,37,1.2192307692307691
2025-10-30,traditional_baguette,Traditional Baguette,Bread,midday,47,1.1342857142857143
2025-10-30,traditional_baguette,Traditional Baguette,Bread,morning,28,1.115
2025-10-31,butter_croissant,Butter Croissant,Pastry,evening,4,1.3833333333333335
2025-10-31,butter_croissant,Butter Croissant,Pastry,midday,2,1.15
2025-10-31,butter_croissant,Butter Croissant,Pastry,morning,22,1.2136363636363636
2025-10-31,chocolate_cookie,Chocolate Cookie,Dessert,evening,4,1.1
2025-10-31,chocolate_cookie,Chocolate Cookie,Dessert,midday,1,1.1
2025-10-31,coffee_bun_sweet_bun,Coffee Bun / Sweet Bun,Pastry,evening,2,5.1
2025-10-31,country_sourdough,Country Sourdough,Bread,evening,7,2.6166666666666667
2025-10-31,country_sourdough,Country Sourdough,Bread,midday,6,1.7
2025-10-31,country_sourdough,Country Sourdough,Bread,morning,19,1.5236842105263158
2025-10-31,fruit_tart,Fruit Tart,Dessert,evening,3,2.1
2025-10-31,fruit_tart,Fruit Tart,Dessert,midday,4,2.1
2025-10-31,ham_cheese_sandwich,Ham & Cheese Sandwich,Savory,midday,15,6.357142857142857
2025-10-31,ham_cheese_sandwich,Ham & Cheese Sandwich,Savory,morning,5,5.6
2025-10-31,pain_au_chocolat,Pain au Chocolat,Pastry,midday,1,1.25
2025-10-31,pain_au_chocolat,Pain au Chocolat,Pastry,morning,32,1.25
2025-10-31,traditional_baguette,Traditional Baguette,Bread,evening,29,1.21
2025-10-31,traditional_baguette,Traditional Baguette,Bread,midday,43,1.2
2025-10-31,traditional_baguette,Traditional Baguette,Bread,morning,46,1.0883333333333334
2025-11-01,brioche,Brioche,Pastry,morning,1,6.0
2025-11-01,butter_croissant,Butter Croissant,Pastry,evening,4,1.2666666666666666
2025-11-01,butter_croissant,Butter Croissant,Pastry,midday,8,1.15
2025-11-01,butter_croissant,Butter Croissant,Pastry,morning,33,1.2038461538461538
2025-11-01,chocolate_cookie,Chocolate Cookie,Dessert,midday,3,1.1
2025-11-01,chocolate_cookie,Chocolate Cookie,Dessert,morning,7,1.1
2025-11-01,coffee_bun_sweet_bun,Coffee Bun / Sweet Bun,Pastry,evening,2,2.2
2025-11-01,country_sourdough,Country Sourdough,Bread,evening,6,1.9916666666666665
2025-11-01,country_sourdough,Country Sourdough,Bread,midday,11,2.065
2025-11-01,country_sourdough,Country Sourdough,Bread,morning,10,1.5944444444444443
2025-11-01,fruit_tart,Fruit Tart,Dessert,evening,3,6.05
2025-11-01,fruit_tart,Fruit Tart,Dessert,midday,7,3.08
2025-11-01,fruit_tart,Fruit Tart,Dessert,morning,2,4.55
2025-11-01,ham_cheese_sandwich,Ham & Cheese Sandwich,Savory,midday,4,5.75
2025-11-01,ham_cheese_sandwich,Ham & Cheese Sandwich,Savory,morning,1,7.0
2025-11-01,pain_au_chocolat,Pain au Chocolat,Pastry,midday,4,1.25
2025-11-01,pain_au_chocolat,Pain au Chocolat,Pastry,morning,21,1.25
2025-11-01,traditional_baguette,Traditional Baguette,Bread,evening,11,1.25
2025-11-01,traditional_baguette,Traditional Baguette,Bread,midday,61,1.1773809523809524
2025-11-01,traditional_baguette,Traditional Baguette,Bread,morning,69,1.2
2025-11-02,brioche,Brioche,Pastry,morning,1,6.0
2025-11-02,butter_croissant,Butter Croissant,Pastry,midday,8,1.15
2025-11-02,butter_croissant,Butter Croissant,Pastry,morning,64,1.192
2025-11-02,coffee_bun_sweet_bun,Coffee Bun / Sweet Bun,Pastry,midday,2,2.2
2025-11-02,coffee_bun_sweet_bun,Coffee Bun / Sweet Bun,Pastry,morning,1,2.2
2025-11-02,country_sourdough,Country Sourdough,Bread,midday,10,1.8
2025-11-02,country_sourdough,Country Sourdough,Bread,morning,36,1.7055555555555555
2025-11-02,fruit_tart,Fruit Tart,Dessert,midday,7,3.733333333333333
2025-11-02,fruit_tart,Fruit Tart,Dessert,morning,3,7.366666666666667
2025-11-02,pain_au_chocolat,Pain au Chocolat,Pastry,midday,5,1.25
2025-11-02,pain_au_chocolat,Pain au Chocolat,Pastry,morning,27,1.25
2025-11-02,traditional_baguette,Traditional Baguette,Bread,midday,112,1.21484375
2025-11-02,traditional_baguette,Traditional Baguette,Bread,morning,128,1.2125000000000001
2025-11-03,butter_croissant,Butter Croissant,Pastry,evening,1,1.5
2025-11-03,butter_croissant,Butter Croissant,Pastry,midday,13,1.2374999999999998
2025-11-03,butter_croissant,Butter Croissant,Pastry,morning,18,1.1888888888888889
2025-11-03,chocolate_cookie,Chocolate Cookie,Dessert,evening,1,1.1
2025-11-03,country_sourdough,Country Sourdough,Bread,midday,4,1.8
2025-11-03,country_sourdough,Country Sourdough,Bread,morning,9,1.5555555555555556
2025-11-03,fruit_tart,Fruit Tart,Dessert,midday,5,4.55
2025-11-03,ham_cheese_sandwich,Ham & Cheese Sandwich,Savory,evening,1,5.0
2025-11-03,ham_cheese_sandwich,Ham & Cheese Sandwich,Savory,midday,17,5.933333333333334
2025-11-03,ham_cheese_sandwich,Ham & Cheese Sandwich,Savory,morning,5,5.6
2025-11-03,pain_au_chocolat,Pain au Chocolat,Pastry,evening,4,1.25
2025-11-03,pain_au_chocolat,Pain au Chocolat,Pastry,morning,16,1.25
2025-11-03,traditional_baguette,Traditional Baguette,Bread,evening,30,1.2078947368421051
2025-11-03,traditional_baguette,Traditional Baguette,Bread,midday,43,1.1691176470588236
2025-11-03,traditional_baguette,Traditional Baguette,Bread,morning,42,1.1875
2025-11-04,brioche,Brioche,Pastry,morning,1,6.0
2025-11-04,butter_croissant,Butter Croissant,Pastry,evening,1,1.5
2025-11-04,butter_croissant,Butter Croissant,Pastry,morning,19,1.15
2025-11-04,chocolate_cookie,Chocolate Cookie,Dessert,evening,3,1.1
2025-11-04,chocolate_cookie,Chocolate Cookie,Dessert,morning,2,1.1
2025-11-04,coffee_bun_sweet_bun,Coffee Bun / Sweet Bun,Pastry,morning,7,2.2
2025-11-04,country_sourdough,Country Sourdough,Bread,evening,7,1.7
2025-11-04,country_sourdough,Country Sourdough,Bread,midday,9,1.875
2025-11-04,country_sourdough,Country Sourdough,Bread,morning,11,1.375
2025-11-04,fruit_tart,Fruit Tart,Dessert,midday,9,2.1
2025-11-04,fruit_tart,Fruit Tart,Dessert,morning,5,2.1
2025-11-04,ham_cheese_sandwich,Ham & Cheese Sandwich,Savory,midday,26,6.115384615384615
2025-11-04,ham_cheese_sandwich,Ham & Cheese Sandwich,Savory,morning,6,6.333333333333333
2025-11-04,pain_au_chocolat,Pain au Chocolat,Pastry,evening,5,1.25
2025-11-04,pain_au_chocolat,Pain au Chocolat,Pastry,midday,1,1.25
2025-11-04,pain_au_chocolat,Pain au Chocolat,Pastry,morning,16,1.25
2025-11-04,traditional_baguette,Traditional Baguette,Bread,evening,16,1.1555555555555557
2025-11-04,traditional_baguette,Traditional Baguette,Bread,midday,40,1.175
2025-11-04,traditional_baguette,Traditional Baguette,Bread,morning,55,1.2636363636363637
2025-11-05,brownie,Brownie,Dessert,midday,2,2.5
2025-11-05,butter_croissant,Butter Croissant,Pastry,evening,2,1.325
2025-11-05,butter_croissant,Butter Croissant,Pastry,midday,1,1.15
2025-11-05,butter_croissant,Butter Croissant,Pastry,morning,23,1.1937499999999999
2025-11-05,chocolate_cookie,Chocolate Cookie,Dessert,midday,1,1.1
2025-11-05,chocolate_cookie,Chocolate Cookie,Dessert,morning,1,1.1
2025-11-05,coffee_bun_sweet_bun,Coffee Bun / Sweet Bun,Pastry,evening,2,2.2
2025-11-05,country_sourdough,Country Sourdough,Bread,evening,2,1.55
2025-11-05,country_sourdough,Country Sourdough,Bread,midday,3,1.2666666666666666
2025-11-05,country_sourdough,Country Sourdough,Bread,morning,4,1.575
2025-11-05,fruit_tart,Fruit Tart,Dessert,midday,6,2.1
2025-11-05,ham_cheese_sandwich,Ham & Cheese Sandwich,Savory,midday,17,5.923076923076923
2025-11-05,ham_cheese_sandwich,Ham & Cheese Sandwich,Savory,morning,8,6.6
2025-11-05,pain_au_chocolat,Pain au Chocolat,Pastry,morning,8,1.25
2025-11-05,traditional_baguette,Traditional Baguette,Bread,evening,19,1.2045454545454546
2025-11-05,traditional_baguette,Traditional Baguette,Bread,midday,41,1.1481481481481481
2025-11-05,traditional_baguette,Traditional Baguette,Bread,morning,45,1.174074074074074
2025-11-06,brioche,Brioche,Pastry,evening,1,6.0
2025-11-06,brioche,Brioche,Pastry,morning,1,6.0
2025-11-06,butter_croissant,Butter Croissant,Pastry,evening,1,1.5
2025-11-06,butter_croissant,Butter Croissant,Pastry,midday,4,1.3833333333333335
2025-11-06,butter_croissant,Butter Croissant,Pastry,morning,25,1.15
2025-11-06,chocolate_cookie,Chocolate Cookie,Dessert,morning,1,1.1
2025-11-06,country_sourdough,Country Sourdough,Bread,evening,6,1.5416666666666667
2025-11-06,country_sourdough,Country Sourdough,Bread,midday,6,1.4333333333333333
2025-11-06,country_sourdough,Country Sourdough,Bread,morning,16,1.617857142857143
2025-11-06,fruit_tart,Fruit Tart,Dessert,evening,1,2.1
2025-11-06,fruit_tart,Fruit Tart,Dessert,midday,4,2.1
2025-11-06,fruit_tart,Fruit Tart,Dessert,morning,2,2.1
2025-11-06,ham_cheese_sandwich,Ham & Cheese Sandwich,Savory,evening,3,5.0
2025-11-06,ham_cheese_sandwich,Ham & Cheese Sandwich,Savory,midday,15,6.142857142857143
2025-11-06,ham_cheese_sandwich,Ham & Cheese Sandwich,Savory,morning,5,5.25
2025-11-06,pain_au_chocolat,Pain au Chocolat,Pastry,evening,1,1.25
2025-11-06,pain_au_chocolat,Pain au Chocolat,Pastry,morning,27,1.25
2025-11-06,traditional_baguette,Traditional Baguette,Bread,evening,44,1.1571428571428573
2025-11-06,traditional_baguette,Traditional Baguette,Bread,midday,49,1.1838235294117647
2025-11-06,traditional_baguette,Traditional Baguette,Bread,morning,23,1.15
2025-11-07,brownie,Brownie,Dessert,evening,2,2.5
2025-11-07,butter_croissant,Butter Croissant,Pastry,evening,1,1.5
2025-11-07,butter_croissant,Butter Croissant,Pastry,midday,2,1.325
2025-11-07,butter_croissant,Butter Croissant,Pastry,morning,16,1.15
2025-11-07,country_sourdough,Country Sourdough,Bread,evening,5,1.67
2025-11-07,country_sourdough,Country Sourdough,Bread,midday,4,1.9625
2025-11-07,country_sourdough,Country Sourdough,Bread,morning,8,1.6357142857142857
2025-11-07,fruit_tart,Fruit Tart,Dessert,evening,5,2.1
2025-11-07,fruit_tart,Fruit Tart,Dessert,midday,5,2.1
2025-11-07,ham_cheese_sandwich,Ham & Cheese Sandwich,Savory,evening,1,4.0
2025-11-07,ham_cheese_sandwich,Ham & Cheese Sandwich,Savory,midday,12,6.2727272727272725
2025-11-07,ham_cheese_sandwich,Ham & Cheese Sandwich,Savory,morning,2,6.0
2025-11-07,pain_au_chocolat,Pain au Chocolat,Pastry,midday,1,1.25
2025-11-07,pain_au_chocolat,Pain au Chocolat,Pastry,morning,12,1.25
2025-11-07,traditional_baguette,Traditional Baguette,Bread,evening,19,1.1928571428571428
2025-11-07,traditional_baguette,Traditional Baguette,Bread,midday,37,1.155
2025-11-07,traditional_baguette,Traditional Baguette,Bread,morning,34,1.184090909090909
2025-11-08,brownie,Brownie,Dessert,evening,1,2.5
2025-11-08,brownie,Brownie,Dessert,morning,2,2.5
2025-11-08,butter_croissant,Butter Croissant,Pastry,morning,32,1.1966666666666665
2025-11-08,chocolate_cookie,Chocolate Cookie,Dessert,midday,2,1.1
2025-11-08,coffee_bun_sweet_bun,Coffee Bun / Sweet Bun,Pastry,evening,1,2.2
2025-11-08,coffee_bun_sweet_bun,Coffee Bun / Sweet Bun,Pastry,midday,4,5.1
2025-11-08,country_sourdough,Country Sourdough,Bread,evening,3,1.4166666666666667
2025-11-08,country_sourdough,Country Sourdough,Bread,midday,9,2.40625
2025-11-08,country_sourdough,Country Sourdough,Bread,morning,17,1.4416666666666667
2025-11-08,fruit_tart,Fruit Tart,Dessert,midday,8,5.3
2025-11-08,ham_cheese_sandwich,Ham & Cheese Sandwich,Savory,midday,7,6.333333333333333
2025-11-08,ham_cheese_sandwich,Ham & Cheese Sandwich,Savory,morning,1,7.0
2025-11-08,pain_au_chocolat,Pain au Chocolat,Pastry,evening,1,1.25
2025-11-08,pain_au_chocolat,Pain au Chocolat,Pastry,midday,3,1.25
2025-11-08,pain_au_chocolat,Pain au Chocolat,Pastry,morning,28,1.25
2025-11-08,traditional_baguette,Traditional Baguette,Bread,evening,24,1.2333333333333334
2025-11-08,traditional_baguette,Traditional Baguette,Bread,midday,84,1.1679245283018869
2025-11-08,traditional_baguette,Traditional Baguette,Bread,morning,56,1.147142857142857
2025-11-09,brioche,Brioche,Pastry,morning,3,6.0
2025-11-09,butter_croissant,Butter Croissant,Pastry,midday,6,1.2666666666666666
2025-11-09,butter_croissant,Butter Croissant,Pastry,morning,87,1.1911764705882353
2025-11-09,chocolate_cookie,Chocolate Cookie,Dessert,midday,2,1.1
2025-11-09,chocolate_cookie,Chocolate Cookie,Dessert,morning,3,1.1
2025-11-09,coffee_bun_sweet_bun,Coffee Bun / Sweet Bun,Pastry,midday,3,2.2
2025-11-09,country_sourdough,Country Sourdough,Bread,midday,10,1.7166666666666666
2025-11-09,country_sourdough,Country Sourdough,Bread,morning,26,1.66875
2025-11-09,fruit_tart,Fruit Tart,Dessert,midday,6,2.1
2025-11-09,fruit_tart,Fruit Tart,Dessert,morning,5,2.1
2025-11-09,ham_cheese_sandwich,Ham & Cheese Sandwich,Savory,midday,6,6.333333333333333
2025-11-09,ham_cheese_sandwich,Ham & Cheese Sandwich,Savory,morning,14,4.75
2025-11-09,pain_au_chocolat,Pain au Chocolat,Pastry,midday,7,1.25
2025-11-09,pain_au_chocolat,Pain au Chocolat,Pastry,morning,39,1.25
2025-11-09,traditional_baguette,Traditional Baguette,Bread,midday,104,1.2507692307692306
2025-11-09,traditional_baguette,Traditional Baguette,Bread,morning,150,1.1624999999999999
2025-11-10,brioche,Brioche,Pastry,evening,1,6.0
2025-11-10,butter_croissant,Butter Croissant,Pastry,evening,2,1.5
2025-11-10,butter_croissant,Butter Croissant,Pastry,midday,3,1.15
2025-11-10,butter_croissant,Butter Croissant,Pastry,morning,17,1.1888888888888889
2025-11-10,chocolate_cookie,Chocolate Cookie,Dessert,evening,6,1.1
2025-11-10,chocolate_cookie,Chocolate Cookie,Dessert,morning,2,1.1
2025-11-10,coffee_bun_sweet_bun,Coffee Bun / Sweet Bun,Pastry,midday,1,8.0
2025-11-10,country_sourdough,Country Sourdough,Bread,evening,8,1.85625
2025-11-10,country_sourdough,Country Sourdough,Bread,midday,13,2.158333333333333
2025-11-10,country_sourdough,Country Sourdough,Bread,morning,20,1.4625
2025-11-10,fruit_tart,Fruit Tart,Dessert,morning,5,2.1
2025-11-10,ham_cheese_sandwich,Ham & Cheese Sandwich,Savory,midday,19,6.235294117647059
2025-11-10,ham_cheese_sandwich,Ham & Cheese Sandwich,Savory,morning,3,7.0
2025-11-10,pain_au_chocolat,Pain au Chocolat,Pastry,evening,6,1.25
2025-11-10,pain_au_chocolat,Pain au Chocolat,Pastry,midday,6,1.25
2025-11-10,pain_au_chocolat,Pain au Chocolat,Pastry,morning,9,1.25
2025-11-10,traditional_baguette,Traditional Baguette,Bread,evening,33,1.20625
2025-11-10,traditional_baguette,Traditional Baguette,Bread,midday,79,1.1500000000000001
2025-11-10,traditional_baguette,Traditional Baguette,Bread,morning,68,1.1734042553191488
2025-11-11,brioche,Brioche,Pastry,evening,1,6.0
2025-11-11,butter_croissant,Butter Croissant,Pastry,evening,1,1.5
2025-11-11,butter_croissant,Butter Croissant,Pastry,midday,6,1.2899999999999998
2025-11-11,butter_croissant,Butter Croissant,Pastry,morning,19,1.15
2025-11-11,chocolate_cookie,Chocolate Cookie,Dessert,evening,2,1.1
2025-11-11,chocolate_cookie,Chocolate Cookie,Dessert,morning,2,1.1
2025-11-11,country_sourdough,Country Sourdough,Bread,evening,7,1.9214285714285713
2025-11-11,country_sourdough,Country Sourdough,Bread,midday,6,1.5666666666666667
2025-11-11,country_sourdough,Country Sourdough,Bread,morning,9,1.8375
2025-11-11,fruit_tart,Fruit Tart,Dessert,evening,3,2.1
2025-11-11,fruit_tart,Fruit Tart,Dessert,midday,3,2.1
2025-11-11,ham_cheese_sandwich,Ham & Cheese Sandwich,Savory,midday,18,5.9411764705882355
2025-11-11,ham_cheese_sandwich,Ham & Cheese Sandwich,Savory,morning,3,6.0
2025-11-11,pain_au_chocolat,Pain au Chocolat,Pastry,evening,2,1.25
2025-11-11,pain_au_chocolat,Pain au Chocolat,Pastry,midday,4,1.25
2025-11-11,pain_au_chocolat,Pain au Chocolat,Pastry,morning,21,1.25
2025-11-11,traditional_baguette,Traditional Baguette,Bread,evening,31,1.25
2025-11-11,traditional_baguette,Traditional Baguette,Bread,midday,55,1.2125
2025-11-11,traditional_baguette,Traditional Baguette,Bread,morning,47,1.1774193548387097
2025-11-12,brioche,Brioche,Pastry,evening,1,6.0
2025-11-12,brioche,Brioche,Pastry,morning,1,6.0
2025-11-12,butter_croissant,Butter Croissant,Pastry,evening,3,1.325
2025-11-12,butter_croissant,Butter Croissant,Pastry,midday,2,1.325
2025-11-12,butter_croissant,Butter Croissant,Pastry,morning,18,1.15
2025-11-12,chocolate_cookie,Chocolate Cookie,Dessert,evening,4,1.1
2025-11-12,chocolate_cookie,Chocolate Cookie,Dessert,morning,1,1.1
2025-11-12,coffee_bun_sweet_bun,Coffee Bun / Sweet Bun,Pastry,midday,1,2.2
2025-11-12,country_sourdough,Country Sourdough,Bread,evening,4,1.825
2025-11-12,country_sourdough,Country Sourdough,Bread,midday,12,1.645
2025-11-12,country_sourdough,Country Sourdough,Bread,morning,10,1.65
2025-11-12,ham_cheese_sandwich,Ham & Cheese Sandwich,Savory,midday,19,6.153846153846154
2025-11-12,ham_cheese_sandwich,Ham & Cheese Sandwich,Savory,morning,4,6.0
2025-11-12,pain_au_chocolat,Pain au Chocolat,Pastry,evening,4,1.25
2025-11-12,pain_au_chocolat,Pain au Chocolat,Pastry,morning,10,1.25
2025-11-12,traditional_baguette,Traditional Baguette,Bread,evening,36,1.2291666666666667
2025-11-12,traditional_baguette,Traditional Baguette,Bread,midday,57,1.1682926829268292
2025-11-12,traditional_baguette,Traditional Baguette,Bread,morning,51,1.0986842105263157
2025-11-13,butter_croissant,Butter Croissant,Pastry,evening,7,1.2374999999999998
2025-11-13,butter_croissant,Butter Croissant,Pastry,midday,4,1.325
2025-11-13,butter_croissant,Butter Croissant,Pastry,morning,28,1.185
2025-11-13,chocolate_cookie,Chocolate Cookie,Dessert,evening,1,1.1
2025-11-13,chocolate_cookie,Chocolate Cookie,Dessert,midday,2,1.1
2025-11-13,coffee_bun_sweet_bun,Coffee Bun / Sweet Bun,Pastry,morning,1,8.0
2025-11-13,country_sourdough,Country Sourdough,Bread,evening,32,1.5964285714285715
2025-11-13,country_sourdough,Country Sourdough,Bread,midday,7,1.7285714285714284
2025-11-13,country_sourdough,Country Sourdough,Bread,morning,8,1.5357142857142858
2025-11-13,fruit_tart,Fruit Tart,Dessert,evening,2,2.1
2025-11-13,fruit_tart,Fruit Tart,Dessert,midday,5,2.1
2025-11-13,fruit_tart,Fruit Tart,Dessert,morning,3,2.1
2025-11-13,ham_cheese_sandwich,Ham & Cheese Sandwich,Savory,midday,10,5.111111111111111
2025-11-13,ham_cheese_sandwich,Ham & Cheese Sandwich,Savory,morning,3,5.666666666666667
2025-11-13,pain_au_chocolat,Pain au Chocolat,Pastry,evening,6,1.25
2025-11-13,pain_au_chocolat,Pain au Chocolat,Pastry,morning,15,1.25
2025-11-13,traditional_baguette,Traditional Baguette,Bread,evening,7,1.2583333333333333
2025-11-13,traditional_baguette,Traditional Baguette,Bread,midday,79,1.2205882352941178
2025-11-13,traditional_baguette,Traditional Baguette,Bread,morning,61,1.1565789473684212
2025-11-14,brioche,Brioche,Pastry,evening,1,6.0
2025-11-14,brioche,Brioche,Pastry,midday,1,6.0
2025-11-14,brownie,Brownie,Dessert,evening,1,2.5
2025-11-14,butter_croissant,Butter Croissant,Pastry,evening,1,1.15
2025-11-14,butter_croissant,Butter Croissant,Pastry,midday,2,1.5
2025-11-14,butter_croissant,Butter Croissant,Pastry,morning,21,1.2083333333333333
2025-11-14,chocolate_cookie,Chocolate Cookie,Dessert,evening,2,1.1
2025-11-14,chocolate_cookie,Chocolate Cookie,Dessert,midday,6,1.1
2025-11-14,country_sourdough,Country Sourdough,Bread,evening,14,1.9041666666666668
2025-11-14,country_sourdough,Country Sourdough,Bread,midday,14,1.8636363636363635
2025-11-14,country_sourdough,Country Sourdough,Bread,morning,20,1.615625
2025-11-14,fruit_tart,Fruit Tart,Dessert,evening,1,2.1
2025-11-14,fruit_tart,Fruit Tart,Dessert,midday,6,2.1
2025-11-14,fruit_tart,Fruit Tart,Dessert,morning,1,2.1
2025-11-14,ham_cheese_sandwich,Ham & Cheese Sandwich,Savory,midday,18,5.571428571428571
2025-11-14,ham_cheese_sandwich,Ham & Cheese Sandwich,Savory,morning,1,5.0
2025-11-14,pain_au_chocolat,Pain au Chocolat,Pastry,evening,2,1.25
2025-11-14,pain_au_chocolat,Pain au Chocolat,Pastry,morning,29,1.25
2025-11-14,traditional_baguette,Traditional Baguette,Bread,evening,43,1.2
2025-11-14,traditional_baguette,Traditional Baguette,Bread,midday,76,1.2081818181818182
2025-11-14,traditional_baguette,Traditional Baguette,Bread,morning,80,1.1759615384615385
2025-11-15,brioche,Brioche,Pastry,evening,1,6.0
2025-11-15,brioche,Brioche,Pastry,midday,1,6.0
2025-11-15,brioche,Brioche,Pastry,morning,4,6.0
2025-11-15,brownie,Brownie,Dessert,morning,2,2.5
2025-11-15,butter_croissant,Butter Croissant,Pastry,evening,2,1.15
2025-11-15,butter_croissant,Butter Croissant,Pastry,midday,4,1.15
2025-11-15,butter_croissant,Butter Croissant,Pastry,morning,84,1.1741379310344826
2025-11-15,chocolate_cookie,Chocolate Cookie,Dessert,evening,1,1.1
2025-11-15,chocolate_cookie,Chocolate Cookie,Dessert,midday,3,1.1
2025-11-15,chocolate_cookie,Chocolate Cookie,Dessert,morning,2,1.1
2025-11-15,coffee_bun_sweet_bun,Coffee Bun / Sweet Bun,Pastry,evening,1,2.2
2025-11-15,coffee_bun_sweet_bun,Coffee Bun / Sweet Bun,Pastry,midday,10,4.5200000000000005
2025-11-15,coffee_bun_sweet_bun,Coffee Bun / Sweet Bun,Pastry,morning,1,2.2
2025-11-15,country_sourdough,Country Sourdough,Bread,evening,14,1.4423076923076923
2025-11-15,country_sourdough,Country Sourdough,Bread,midday,9,1.5625
2025-11-15,country_sourdough,Country Sourdough,Bread,morning,44,1.8925
2025-11-15,fruit_tart,Fruit Tart,Dessert,evening,6,5.2
2025-11-15,fruit_tart,Fruit Tart,Dessert,midday,9,9.0875
2025-11-15,fruit_tart,Fruit Tart,Dessert,morning,17,6.0375
2025-11-15,ham_cheese_sandwich,Ham & Cheese Sandwich,Savory,midday,5,5.333333333333333
2025-11-15,ham_cheese_sandwich,Ham & Cheese Sandwich,Savory,morning,3,7.0
2025-11-15,pain_au_chocolat,Pain au Chocolat,Pastry,evening,4,1.25
2025-11-15,pain_au_chocolat,Pain au Chocolat,Pastry,midday,8,1.25
2025-11-15,pain_au_chocolat,Pain au Chocolat,Pastry,morning,70,1.25
2025-11-15,traditional_baguette,Traditional Baguette,Bread,evening,48,1.19
2025-11-15,traditional_baguette,Traditional Baguette,Bread,midday,141,1.1922077922077923
2025-11-15,traditional_baguette,Traditional Baguette,Bread,morning,204,1.1986238532110092
2025-11-16,brioche,Brioche,Pastry,midday,3,1.0
2025-11-16,brioche,Brioche,Pastry,morning,12,4.5
2025-11-16,butter_croissant,Butter Croissant,Pastry,midday,8,1.2666666666666666
2025-11-16,butter_croissant,Butter Croissant,Pastry,morning,131,1.1585365853658536
2025-11-16,chocolate_cookie,Chocolate Cookie,Dessert,morning,2,1.1
2025-11-16,coffee_bun_sweet_bun,Coffee Bun / Sweet Bun,Pastry,midday,7,6.55
2025-11-16,coffee_bun_sweet_bun,Coffee Bun / Sweet Bun,Pastry,morning,2,2.2
2025-11-16,country_sourdough,Country Sourdough,Bread,midday,12,1.5833333333333333
2025-11-16,country_sourdough,Country Sourdough,Bread,morning,24,1.8972222222222221
2025-11-16,fruit_tart,Fruit Tart,Dessert,midday,11,5.8
2025-11-16,fruit_tart,Fruit Tart,Dessert,morning,8,14.583333333333334
2025-11-16,pain_au_chocolat,Pain au Chocolat,Pastry,midday,8,1.25
2025-11-16,pain_au_chocolat,Pain au Chocolat,Pastry,morning,97,1.25
2025-11-16,traditional_baguette,Traditional Baguette,Bread,midday,150,1.2492424242424243
2025-11-16,traditional_baguette,Traditional Baguette,Bread,morning,191,1.1926136363636364
2025-11-17,brioche,Brioche,Pastry,midday,7,6.0
2025-11-17,brioche,Brioche,Pastry,morning,8,6.0
2025-11-17,butter_croissant,Butter Croissant,Pastry,midday,5,1.15
2025-11-17,butter_croissant,Butter Croissant,Pastry,morning,115,1.1791666666666665
2025-11-17,chocolate_cookie,Chocolate Cookie,Dessert,midday,2,1.1
2025-11-17,coffee_bun_sweet_bun,Coffee Bun / Sweet Bun,Pastry,midday,2,8.0
2025-11-17,coffee_bun_sweet_bun,Coffee Bun / Sweet Bun,Pastry,morning,2,5.1
2025-11-17,country_sourdough,Country Sourdough,Bread,midday,19,1.5852941176470587
2025-11-17,country_sourdough,Country Sourdough,Bread,morning,41,1.8763157894736842
2025-11-17,fruit_tart,Fruit Tart,Dessert,midday,17,6.776923076923077
2025-11-17,fruit_tart,Fruit Tart,Dessert,morning,12,7.311111111111111
2025-11-17,ham_cheese_sandwich,Ham & Cheese Sandwich,Savory,midday,10,4.6
2025-11-17,ham_cheese_sandwich,Ham & Cheese Sandwich,Savory,morning,3,5.5
2025-11-17,pain_au_chocolat,Pain au Chocolat,Pastry,midday,14,1.25
2025-11-17,pain_au_chocolat,Pain au Chocolat,Pastry,morning,79,1.25
2025-11-17,traditional_baguette,Traditional Baguette,Bread,midday,168,1.2083333333333333
2025-11-17,traditional_baguette,Traditional Baguette,Bread,morning,312,1.1969594594594595
2025-11-18,brioche,Brioche,Pastry,morning,1,6.0
2025-11-18,butter_croissant,Butter Croissant,Pastry,evening,7,1.2666666666666666
2025-11-18,butter_croissant,Butter Croissant,Pastry,midday,5,1.2666666666666666
2025-11-18,butter_croissant,Butter Croissant,Pastry,morning,39,1.15
2025-11-18,chocolate_cookie,Chocolate Cookie,Dessert,midday,3,1.1
2025-11-18,chocolate_cookie,Chocolate Cookie,Dessert,morning,7,1.1
2025-11-18,coffee_bun_sweet_bun,Coffee Bun / Sweet Bun,Pastry,midday,9,2.2
2025-11-18,country_sourdough,Country Sourdough,Bread,evening,13,1.85
2025-11-18,country_sourdough,Country Sourdough,Bread,midday,16,2.0466666666666664
2025-11-18,country_sourdough,Country Sourdough,Bread,morning,16,1.6900000000000002
2025-11-18,ham_cheese_sandwich,Ham & Cheese Sandwich,Savory,midday,29,6.1
2025-11-18,ham_cheese_sandwich,Ham & Cheese Sandwich,Savory,morning,1,4.0
2025-11-18,pain_au_chocolat,Pain au Chocolat,Pastry,evening,2,1.25
2025-11-18,pain_au_chocolat,Pain au Chocolat,Pastry,midday,6,1.25
2025-11-18,pain_au_chocolat,Pain au Chocolat,Pastry,morning,39,1.25
2025-11-18,traditional_baguette,Traditional Baguette,Bread,evening,5,1.19
2025-11-18,traditional_baguette,Traditional Baguette,Bread,midday,79,1.2051724137931035
2025-11-18,traditional_baguette,Traditional Baguette,Bread,morning,91,1.1820754716981132
2025-11-19,brioche,Brioche,Pastry,morning,2,6.0
2025-11-19,butter_croissant,Butter Croissant,Pastry,midday,10,1.2083333333333333
2025-11-19,butter_croissant,Butter Croissant,Pastry,morning,29,1.2199999999999998
2025-11-19,chocolate_cookie,Chocolate Cookie,Dessert,midday,4,1.1
2025-11-19,chocolate_cookie,Chocolate Cookie,Dessert,morning,3,1.1
2025-11-19,coffee_bun_sweet_bun,Coffee Bun / Sweet Bun,Pastry,midday,6,6.066666666666666
2025-11-19,country_sourdough,Country Sourdough,Bread,evening,5,1.65
2025-11-19,country_sourdough,Country Sourdough,Bread,midday,13,2.0076923076923077
2025-11-19,country_sourdough,Country Sourdough,Bread,morning,14,1.3708333333333333
2025-11-19,fruit_tart,Fruit Tart,Dessert,midday,5,2.1
2025-11-19,fruit_tart,Fruit Tart,Dessert,morning,2,2.1
2025-11-19,ham_cheese_sandwich,Ham & Cheese Sandwich,Savory,midday,15,5.461538461538462
2025-11-19,ham_cheese_sandwich,Ham & Cheese Sandwich,Savory,morning,5,4.333333333333333
2025-11-19,pain_au_chocolat,Pain au Chocolat,Pastry,midday,6,1.25
2025-11-19,pain_au_chocolat,Pain au Chocolat,Pastry,morning,20,1.25
2025-11-19,traditional_baguette,Traditional Baguette,Bread,evening,31,1.2291666666666667
2025-11-19,traditional_baguette,Traditional Baguette,Bread,midday,90,1.2275862068965517
2025-11-19,traditional_baguette,Traditional Baguette,Bread,morning,84,1.2456896551724137
2025-11-20,brioche,Brioche,Pastry,evening,1,6.0
2025-11-20,brioche,Brioche,Pastry,morning,2,6.0
2025-11-20,butter_croissant,Butter Croissant,Pastry,midday,1,1.15
2025-11-20,butter_croissant,Butter Croissant,Pastry,morning,37,1.185
2025-11-20,chocolate_cookie,Chocolate Cookie,Dessert,evening,3,1.1
2025-11-20,chocolate_cookie,Chocolate Cookie,Dessert,morning,6,1.1
2025-11-20,coffee_bun_sweet_bun,Coffee Bun / Sweet Bun,Pastry,evening,1,2.2
2025-11-20,coffee_bun_sweet_bun,Coffee Bun / Sweet Bun,Pastry,midday,3,8.0
2025-11-20,coffee_bun_sweet_bun,Coffee Bun / Sweet Bun,Pastry,morning,3,2.2
2025-11-20,country_sourdough,Country Sourdough,Bread,evening,5,1.225
2025-11-20,country_sourdough,Country Sourdough,Bread,midday,18,1.7676470588235293
2025-11-20,country_sourdough,Country Sourdough,Bread,morning,25,1.981818181818182
2025-11-20,fruit_tart,Fruit Tart,Dessert,evening,2,2.1
2025-11-20,fruit_tart,Fruit Tart,Dessert,midday,4,6.066666666666666
2025-11-20,fruit_tart,Fruit Tart,Dessert,morning,1,2.1
2025-11-20,ham_cheese_sandwich,Ham & Cheese Sandwich,Savory,midday,19,5.928571428571429
2025-11-20,ham_cheese_sandwich,Ham & Cheese Sandwich,Savory,morning,2,6.0
2025-11-20,pain_au_chocolat,Pain au Chocolat,Pastry,evening,1,1.25
2025-11-20,pain_au_chocolat,Pain au Chocolat,Pastry,morning,42,1.25
2025-11-20,traditional_baguette,Traditional Baguette,Bread,evening,45,1.229032258064516
2025-11-20,traditional_baguette,Traditional Baguette,Bread,midday,132,1.2036144578313255
2025-11-20,traditional_baguette,Traditional Baguette,Bread,morning,129,1.1825301204819278
2025-11-21,brioche,Brioche,Pastry,midday,1,6.0
2025-11-21,brownie,Brownie,Dessert,midday,1,2.5
2025-11-21,butter_croissant,Butter Croissant,Pastry,midday,3,1.15
2025-11-21,butter_croissant,Butter Croissant,Pastry,morning,23,1.1791666666666665
2025-11-21,chocolate_cookie,Chocolate Cookie,Dessert,evening,4,1.1
2025-11-21,chocolate_cookie,Chocolate Cookie,Dessert,midday,4,1.1
2025-11-21,chocolate_cookie,Chocolate Cookie,Dessert,morning,8,1.1
2025-11-21,coffee_bun_sweet_bun,Coffee Bun / Sweet Bun,Pastry,evening,3,5.1
2025-11-21,coffee_bun_sweet_bun,Coffee Bun / Sweet Bun,Pastry,midday,1,8.0
2025-11-21,coffee_bun_sweet_bun,Coffee Bun / Sweet Bun,Pastry,morning,1,8.0
2025-11-21,country_sourdough,Country Sourdough,Bread,evening,6,2.6166666666666667
2025-11-21,country_sourdough,Country Sourdough,Bread,midday,13,1.8153846153846156
2025-11-21,country_sourdough,Country Sourdough,Bread,morning,15,1.7433333333333334
2025-11-21,fruit_tart,Fruit Tart,Dessert,midday,3,12.366666666666667
2025-11-21,fruit_tart,Fruit Tart,Dessert,morning,11,2.1
2025-11-21,ham_cheese_sandwich,Ham & Cheese Sandwich,Savory,midday,11,5.7272727272727275
2025-11-21,ham_cheese_sandwich,Ham & Cheese Sandwich,Savory,morning,12,5.0
2025-11-21,pain_au_chocolat,Pain au Chocolat,Pastry,midday,10,1.25
2025-11-21,pain_au_chocolat,Pain au Chocolat,Pastry,morning,34,1.25
2025-11-21,traditional_baguette,Traditional Baguette,Bread,evening,41,1.2017857142857142
2025-11-21,traditional_baguette,Traditional Baguette,Bread,midday,79,1.2010416666666666
2025-11-21,traditional_baguette,Traditional Baguette,Bread,morning,91,1.1933962264150944
2025-11-22,brioche,Brioche,Pastry,morning,3,6.0
2025-11-22,butter_croissant,Butter Croissant,Pastry,evening,3,1.5
2025-11-22,butter_croissant,Butter Croissant,Pastry,midday,4,1.2666666666666666
2025-11-22,butter_croissant,Butter Croissant,Pastry,morning,48,1.2052631578947368
2025-11-22,chocolate_cookie,Chocolate Cookie,Dessert,evening,2,1.1
2025-11-22,chocolate_cookie,Chocolate Cookie,Dessert,midday,7,1.1
2025-11-22,chocolate_cookie,Chocolate Cookie,Dessert,morning,2,1.1
2025-11-22,coffee_bun_sweet_bun,Coffee Bun / Sweet Bun,Pastry,evening,3,2.2
2025-11-22,coffee_bun_sweet_bun,Coffee Bun / Sweet Bun,Pastry,morning,4,2.2
2025-11-22,country_sourdough,Country Sourdough,Bread,evening,13,1.457142857142857
2025-11-22,country_sourdough,Country Sourdough,Bread,midday,9,2.4388888888888887
2025-11-22,country_sourdough,Country Sourdough,Bread,morning,17,1.675
2025-11-22,fruit_tart,Fruit Tart,Dessert,evening,3,2.1
2025-11-22,fruit_tart,Fruit Tart,Dessert,midday,4,5.25
2025-11-22,fruit_tart,Fruit Tart,Dessert,morning,2,8.05
2025-11-22,ham_cheese_sandwich,Ham & Cheese Sandwich,Savory,midday,10,5.625
2025-11-22,ham_cheese_sandwich,Ham & Cheese Sandwich,Savory,morning,1,7.0
2025-11-22,pain_au_chocolat,Pain au Chocolat,Pastry,midday,7,1.25
2025-11-22,pain_au_chocolat,Pain au Chocolat,Pastry,morning,31,1.25
2025-11-22,traditional_baguette,Traditional Baguette,Bread,evening,26,1.1153846153846154
2025-11-22,traditional_baguette,Traditional Baguette,Bread,midday,86,1.2150943396226417
2025-11-22,traditional_baguette,Traditional Baguette,Bread,morning,70,1.1520408163265308
2025-11-23,brioche,Brioche,Pastry,morning,3,6.0
2025-11-23,butter_croissant,Butter Croissant,Pastry,midday,11,1.15
2025-11-23,butter_croissant,Butter Croissant,Pastry,morning,79,1.1888888888888889
2025-11-23,chocolate_cookie,Chocolate Cookie,Dessert,midday,3,1.1
2025-11-23,chocolate_cookie,Chocolate Cookie,Dessert,morning,2,1.1
2025-11-23,coffee_bun_sweet_bun,Coffee Bun / Sweet Bun,Pastry,midday,2,8.0
2025-11-23,coffee_bun_sweet_bun,Coffee Bun / Sweet Bun,Pastry,morning,1,2.2
2025-11-23,country_sourdough,Country Sourdough,Bread,midday,5,1.4300000000000002
2025-11-23,country_sourdough,Country Sourdough,Bread,morning,39,1.8294117647058825
2025-11-23,fruit_tart,Fruit Tart,Dessert,midday,9,5.0
2025-11-23,fruit_tart,Fruit Tart,Dessert,morning,19,6.233333333333333
2025-11-23,ham_cheese_sandwich,Ham & Cheese Sandwich,Savory,midday,1,4.0
2025-11-23,pain_au_chocolat,Pain au Chocolat,Pastry,morning,67,1.25
2025-11-23,traditional_baguette,Traditional Baguette,Bread,midday,116,1.2178571428571427
2025-11-23,traditional_baguette,Traditional Baguette,Bread,morning,162,1.1910526315789474
2025-11-24,brioche,Brioche,Pastry,midday,1,6.0
2025-11-24,brioche,Brioche,Pastry,morning,2,6.0
2025-11-24,butter_croissant,Butter Croissant,Pastry,evening,7,1.15
2025-11-24,butter_croissant,Butter Croissant,Pastry,midday,5,1.2666666666666666
2025-11-24,butter_croissant,Butter Croissant,Pastry,morning,15,1.15
2025-11-24,chocolate_cookie,Chocolate Cookie,Dessert,evening,1,1.1
2025-11-24,chocolate_cookie,Chocolate Cookie,Dessert,midday,3,1.1
2025-11-24,chocolate_cookie,Chocolate Cookie,Dessert,morning,2,1.1
2025-11-24,coffee_bun_sweet_bun,Coffee Bun / Sweet Bun,Pastry,midday,2,2.2
2025-11-24,coffee_bun_sweet_bun,Coffee Bun / Sweet Bun,Pastry,morning,1,2.2
2025-11-24,country_sourdough,Country Sourdough,Bread,evening,9,1.738888888888889
2025-11-24,country_sourdough,Country Sourdough,Bread,midday,9,1.961111111111111
2025-11-24,country_sourdough,Country Sourdough,Bread,morning,14,1.5384615384615385
2025-11-24,fruit_tart,Fruit Tart,Dessert,midday,3,8.05
2025-11-24,ham_cheese_sandwich,Ham & Cheese Sandwich,Savory,evening,1,4.0
2025-11-24,ham_cheese_sandwich,Ham & Cheese Sandwich,Savory,midday,14,6.3076923076923075
2025-11-24,ham_cheese_sandwich,Ham & Cheese Sandwich,Savory,morning,2,4.5
2025-11-24,pain_au_chocolat,Pain au Chocolat,Pastry,evening,14,1.25
2025-11-24,pain_au_chocolat,Pain au Chocolat,Pastry,midday,1,1.25
2025-11-24,pain_au_chocolat,Pain au Chocolat,Pastry,morning,12,1.25
2025-11-24,traditional_baguette,Traditional Baguette,Bread,evening,48,1.19
2025-11-24,traditional_baguette,Traditional Baguette,Bread,midday,76,1.2040816326530612
2025-11-24,traditional_baguette,Traditional Baguette,Bread,morning,73,1.2029411764705882
2025-11-25,brioche,Brioche,Pastry,midday,1,6.0
2025-11-25,brioche,Brioche,Pastry,morning,1,6.0
2025-11-25,butter_croissant,Butter Croissant,Pastry,evening,2,1.325
2025-11-25,butter_croissant,Butter Croissant,Pastry,midday,1,1.5
2025-11-25,butter_croissant,Butter Croissant,Pastry,morning,21,1.2374999999999998
2025-11-25,chocolate_cookie,Chocolate Cookie,Dessert,evening,3,1.1
2025-11-25,chocolate_cookie,Chocolate Cookie,Dessert,midday,1,1.1
2025-11-25,coffee_bun_sweet_bun,Coffee Bun / Sweet Bun,Pastry,midday,6,3.6500000000000004
2025-11-25,country_sourdough,Country Sourdough,Bread,evening,5,2.1
2025-11-25,country_sourdough,Country Sourdough,Bread,midday,8,1.9214285714285713
2025-11-25,country_sourdough,Country Sourdough,Bread,morning,10,1.48
2025-11-25,fruit_tart,Fruit Tart,Dessert,evening,2,2.8
2025-11-25,fruit_tart,Fruit Tart,Dessert,midday,2,2.1
2025-11-25,ham_cheese_sandwich,Ham & Cheese Sandwich,Savory,evening,2,7.0
2025-11-25,ham_cheese_sandwich,Ham & Cheese Sandwich,Savory,midday,23,6.0
2025-11-25,ham_cheese_sandwich,Ham & Cheese Sandwich,Savory,morning,5,5.6
2025-11-25,pain_au_chocolat,Pain au Chocolat,Pastry,evening,6,1.25
2025-11-25,pain_au_chocolat,Pain au Chocolat,Pastry,midday,3,1.25
2025-11-25,pain_au_chocolat,Pain au Chocolat,Pastry,morning,19,1.25
2025-11-25,traditional_baguette,Traditional Baguette,Bread,evening,24,1.21
2025-11-25,traditional_baguette,Traditional Baguette,Bread,midday,62,1.2136363636363636
2025-11-25,traditional_baguette,Traditional Baguette,Bread,morning,53,1.188235294117647
2025-11-26,brioche,Brioche,Pastry,evening,1,6.0
2025-11-26,brioche,Brioche,Pastry,midday,1,6.0
2025-11-26,butter_croissant,Butter Croissant,Pastry,evening,5,1.5
2025-11-26,butter_croissant,Butter Croissant,Pastry,midday,8,1.15
2025-11-26,butter_croissant,Butter Croissant,Pastry,morning,9,1.15
2025-11-26,chocolate_cookie,Chocolate Cookie,Dessert,midday,4,1.1
2025-11-26,coffee_bun_sweet_bun,Coffee Bun / Sweet Bun,Pastry,evening,1,2.2
2025-11-26,coffee_bun_sweet_bun,Coffee Bun / Sweet Bun,Pastry,midday,5,2.2
2025-11-26,country_sourdough,Country Sourdough,Bread,evening,8,2.0
2025-11-26,country_sourdough,Country Sourdough,Bread,midday,8,2.11875
2025-11-26,country_sourdough,Country Sourdough,Bread,morning,14,1.5875000000000001
2025-11-26,fruit_tart,Fruit Tart,Dessert,evening,2,2.1
2025-11-26,fruit_tart,Fruit Tart,Dessert,midday,1,2.1
2025-11-26,fruit_tart,Fruit Tart,Dessert,morning,5,2.8
2025-11-26,ham_cheese_sandwich,Ham & Cheese Sandwich,Savory,midday,19,5.8125
2025-11-26,ham_cheese_sandwich,Ham & Cheese Sandwich,Savory,morning,10,5.375
2025-11-26,pain_au_chocolat,Pain au Chocolat,Pastry,evening,1,1.25
2025-11-26,pain_au_chocolat,Pain au Chocolat,Pastry,morning,24,1.25
2025-11-26,traditional_baguette,Traditional Baguette,Bread,evening,44,1.2058823529411764
2025-11-26,traditional_baguette,Traditional Baguette,Bread,midday,57,1.2307692307692308
2025-11-26,traditional_baguette,Traditional Baguette,Bread,morning,77,1.1733333333333333
2025-11-27,brioche,Brioche,Pastry,morning,1,6.0
2025-11-27,butter_croissant,Butter Croissant,Pastry,evening,3,1.325
2025-11-27,butter_croissant,Butter Croissant,Pastry,midday,2,1.325
2025-11-27,butter_croissant,Butter Croissant,Pastry,morning,12,1.1999999999999997
2025-11-27,chocolate_cookie,Chocolate Cookie,Dessert,evening,1,1.1
2025-11-27,chocolate_cookie,Chocolate Cookie,Dessert,midday,2,1.1
2025-11-27,chocolate_cookie,Chocolate Cookie,Dessert,morning,1,1.1
2025-11-27,coffee_bun_sweet_bun,Coffee Bun / Sweet Bun,Pastry,midday,4,4.133333333333334
2025-11-27,coffee_bun_sweet_bun,Coffee Bun / Sweet Bun,Pastry,morning,1,2.2
2025-11-27,country_sourdough,Country Sourdough,Bread,evening,9,2.025
2025-11-27,country_sourdough,Country Sourdough,Bread,midday,8,1.40625
2025-11-27,country_sourdough,Country Sourdough,Bread,morning,20,1.6277777777777778
2025-11-27,fruit_tart,Fruit Tart,Dessert,evening,1,2.1
2025-11-27,fruit_tart,Fruit Tart,Dessert,morning,2,2.1
2025-11-27,ham_cheese_sandwich,Ham & Cheese Sandwich,Savory,midday,13,5.916666666666667
2025-11-27,ham_cheese_sandwich,Ham & Cheese Sandwich,Savory,morning,11,5.636363636363637
2025-11-27,pain_au_chocolat,Pain au Chocolat,Pastry,evening,4,1.25
2025-11-27,pain_au_chocolat,Pain au Chocolat,Pastry,midday,3,1.25
2025-11-27,pain_au_chocolat,Pain au Chocolat,Pastry,morning,12,1.25
2025-11-27,traditional_baguette,Traditional Baguette,Bread,evening,37,1.212962962962963
2025-11-27,traditional_baguette,Traditional Baguette,Bread,midday,62,1.2032608695652174
2025-11-27,traditional_baguette,Traditional Baguette,Bread,morning,64,1.2577777777777779
2025-11-28,brioche,Brioche,Pastry,midday,1,6.0
2025-11-28,brioche,Brioche,Pastry,morning,2,6.0
2025-11-28,butter_croissant,Butter Croissant,Pastry,evening,3,1.15
2025-11-28,butter_croissant,Butter Croissant,Pastry,midday,7,1.15
2025-11-28,butter_croissant,Butter Croissant,Pastry,morning,27,1.175
2025-11-28,chocolate_cookie,Chocolate Cookie,Dessert,evening,3,1.1
2025-11-28,chocolate_cookie,Chocolate Cookie,Dessert,midday,2,1.1
2025-11-28,coffee_bun_sweet_bun,Coffee Bun / Sweet Bun,Pastry,evening,3,2.2
2025-11-28,country_sourdough,Country Sourdough,Bread,evening,1,1.6
2025-11-28,country_sourdough,Country Sourdough,Bread,midday,6,1.675
2025-11-28,country_sourdough,Country Sourdough,Bread,morning,24,1.6272727272727272
2025-11-28,fruit_tart,Fruit Tart,Dessert,evening,1,2.1
2025-11-28,fruit_tart,Fruit Tart,Dessert,morning,5,6.533333333333334
2025-11-28,ham_cheese_sandwich,Ham & Cheese Sandwich,Savory,midday,14,6.7272727272727275
2025-11-28,ham_cheese_sandwich,Ham & Cheese Sandwich,Savory,morning,7,6.285714285714286
2025-11-28,pain_au_chocolat,Pain au Chocolat,Pastry,midday,2,1.25
2025-11-28,pain_au_chocolat,Pain au Chocolat,Pastry,morning,41,1.25
2025-11-28,traditional_baguette,Traditional Baguette,Bread,evening,28,1.2176470588235293
2025-11-28,traditional_baguette,Traditional Baguette,Bread,midday,54,1.1857142857142857
2025-11-28,traditional_baguette,Traditional Baguette,Bread,morning,82,1.1775510204081634
2025-11-29,brioche,Brioche,Pastry,evening,1,6.0
2025-11-29,brioche,Brioche,Pastry,midday,3,6.0
2025-11-29,brioche,Brioche,Pastry,morning,2,6.0
2025-11-29,butter_croissant,Butter Croissant,Pastry,evening,5,1.15
2025-11-29,butter_croissant,Butter Croissant,Pastry,midday,1,1.5
2025-11-29,butter_croissant,Butter Croissant,Pastry,morning,69,1.2038461538461538
2025-11-29,chocolate_cookie,Chocolate Cookie,Dessert,midday,1,1.1
2025-11-29,chocolate_cookie,Chocolate Cookie,Dessert,morning,3,1.1
2025-11-29,coffee_bun_sweet_bun,Coffee Bun / Sweet Bun,Pastry,evening,3,5.1
2025-11-29,coffee_bun_sweet_bun,Coffee Bun / Sweet Bun,Pastry,midday,6,5.68
2025-11-29,country_sourdough,Country Sourdough,Bread,midday,16,1.5133333333333332
2025-11-29,country_sourdough,Country Sourdough,Bread,morning,31,1.8020833333333333
2025-11-29,fruit_tart,Fruit Tart,Dessert,evening,3,12.366666666666667
2025-11-29,fruit_tart,Fruit Tart,Dessert,midday,13,4.557142857142857
2025-11-29,fruit_tart,Fruit Tart,Dessert,morning,3,6.05
2025-11-29,ham_cheese_sandwich,Ham & Cheese Sandwich,Savory,midday,12,6.222222222222222
2025-11-29,ham_cheese_sandwich,Ham & Cheese Sandwich,Savory,morning,2,4.0
2025-11-29,pain_au_chocolat,Pain au Chocolat,Pastry,midday,2,1.25
2025-11-29,pain_au_chocolat,Pain au Chocolat,Pastry,morning,54,1.25
2025-11-29,traditional_baguette,Traditional Baguette,Bread,evening,61,1.1916666666666667
2025-11-29,traditional_baguette,Traditional Baguette,Bread,midday,151,1.2153846153846153
2025-11-29,traditional_baguette,Traditional Baguette,Bread,morning,145,1.18375
2025-11-30,brioche,Brioche,Pastry,midday,1,6.0
2025-11-30,brioche,Brioche,Pastry,morning,2,6.0
2025-11-30,butter_croissant,Butter Croissant,Pastry,midday,14,1.2083333333333333
2025-11-30,butter_croissant,Butter Croissant,Pastry,morning,119,1.1728260869565217
2025-11-30,chocolate_cookie,Chocolate Cookie,Dessert,midday,1,1.1
2025-11-30,chocolate_cookie,Chocolate Cookie,Dessert,morning,8,1.1
2025-11-30,coffee_bun_sweet_bun,Coffee Bun / Sweet Bun,Pastry,midday,8,7.033333333333334
2025-11-30,coffee_bun_sweet_bun,Coffee Bun / Sweet Bun,Pastry,morning,7,2.2
2025-11-30,country_sourdough,Country Sourdough,Bread,midday,19,1.7666666666666666
2025-11-30,country_sourdough,Country Sourdough,Bread,morning,35,1.7181818181818183
2025-11-30,fruit_tart,Fruit Tart,Dessert,midday,35,7.117391304347826
2025-11-30,fruit_tart,Fruit Tart,Dessert,morning,22,5.20625
2025-11-30,ham_cheese_sandwich,Ham & Cheese Sandwich,Savory,midday,4,5.75
2025-11-30,ham_cheese_sandwich,Ham & Cheese Sandwich,Savory,morning,8,5.833333333333333
2025-11-30,pain_au_chocolat,Pain au Chocolat,Pastry,midday,13,1.25
2025-11-30,pain_au_chocolat,Pain au Chocolat,Pastry,morning,77,1.25
2025-11-30,traditional_baguette,Traditional Baguette,Bread,midday,136,1.2425925925925927
2025-11-30,traditional_baguette,Traditional Baguette,Bread,morning,265,1.1863945578231292
2025-12-01,brioche,Brioche,Pastry,midday,3,6.0
2025-12-01,butter_croissant,Butter Croissant,Pastry,evening,8,1.2666666666666666
2025-12-01,butter_croissant,Butter Croissant,Pastry,midday,4,1.325
2025-12-01,butter_croissant,Butter Croissant,Pastry,morning,26,1.15
2025-12-01,chocolate_cookie,Chocolate Cookie,Dessert,evening,3,1.1
2025-12-01,chocolate_cookie,Chocolate Cookie,Dessert,morning,2,1.1
2025-12-01,coffee_bun_sweet_bun,Coffee Bun / Sweet Bun,Pastry,evening,1,2.2
2025-12-01,coffee_bun_sweet_bun,Coffee Bun / Sweet Bun,Pastry,midday,3,5.1
2025-12-01,country_sourdough,Country Sourdough,Bread,evening,4,2.3375
2025-12-01,country_sourdough,Country Sourdough,Bread,midday,10,1.735
2025-12-01,country_sourdough,Country Sourdough,Bread,morning,24,1.6931818181818181
2025-12-01,fruit_tart,Fruit Tart,Dessert,evening,2,2.1
2025-12-01,fruit_tart,Fruit Tart,Dessert,midday,3,6.05
2025-12-01,ham_cheese_sandwich,Ham & Cheese Sandwich,Savory,midday,23,6.45
2025-12-01,ham_cheese_sandwich,Ham & Cheese Sandwich,Savory,morning,6,5.5
2025-12-01,pain_au_chocolat,Pain au Chocolat,Pastry,evening,4,1.25
2025-12-01,pain_au_chocolat,Pain au Chocolat,Pastry,midday,5,1.25
2025-12-01,pain_au_chocolat,Pain au Chocolat,Pastry,morning,31,1.25
2025-12-01,traditional_baguette,Traditional Baguette,Bread,evening,70,1.2086956521739132
2025-12-01,traditional_baguette,Traditional Baguette,Bread,midday,97,1.26
2025-12-01,traditional_baguette,Traditional Baguette,Bread,morning,100,1.2198412698412697
2025-12-02,brioche,Brioche,Pastry,midday,2,6.0
2025-12-02,butter_croissant,Butter Croissant,Pastry,evening,6,1.325
2025-12-02,butter_croissant,Butter Croissant,Pastry,midday,2,1.325
2025-12-02,butter_croissant,Butter Croissant,Pastry,morning,17,1.2454545454545454
2025-12-02,chocolate_cookie,Chocolate Cookie,Dessert,midday,7,1.1
2025-12-02,chocolate_cookie,Chocolate Cookie,Dessert,morning,2,1.1
2025-12-02,coffee_bun_sweet_bun,Coffee Bun / Sweet Bun,Pastry,midday,1,8.0
2025-12-02,country_sourdough,Country Sourdough,Bread,evening,4,1.4875
2025-12-02,country_sourdough,Country Sourdough,Bread,midday,10,1.85
2025-12-02,country_sourdough,Country Sourdough,Bread,morning,21,1.773684210526316
2025-12-02,fruit_tart,Fruit Tart,Dessert,evening,7,2.1
2025-12-02,fruit_tart,Fruit Tart,Dessert,midday,4,2.1
2025-12-02,ham_cheese_sandwich,Ham & Cheese Sandwich,Savory,evening,1,5.0
2025-12-02,ham_cheese_sandwich,Ham & Cheese Sandwich,Savory,midday,20,5.8
2025-12-02,ham_cheese_sandwich,Ham & Cheese Sandwich,Savory,morning,3,4.666666666666667
2025-12-02,pain_au_chocolat,Pain au Chocolat,Pastry,evening,2,1.25
2025-12-02,pain_au_chocolat,Pain au Chocolat,Pastry,midday,2,1.25
2025-12-02,pain_au_chocolat,Pain au Chocolat,Pastry,morning,13,1.25
2025-12-02,traditional_baguette,Traditional Baguette,Bread,evening,38,1.2192307692307691
2025-12-02,traditional_baguette,Traditional Baguette,Bread,midday,76,1.2254901960784315
2025-12-02,traditional_baguette,Traditional Baguette,Bread,morning,72,1.1872093023255814
2025-12-04,brioche,Brioche,Pastry,midday,3,6.0
2025-12-04,brownie,Brownie,Dessert,morning,1,2.5
2025-12-04,butter_croissant,Butter Croissant,Pastry,evening,6,1.2666666666666666
2025-12-04,butter_croissant,Butter Croissant,Pastry,midday,1,1.5
2025-12-04,butter_croissant,Butter Croissant,Pastry,morning,25,1.15
2025-12-04,chocolate_cookie,Chocolate Cookie,Dessert,morning,5,1.1
2025-12-04,coffee_bun_sweet_bun,Coffee Bun / Sweet Bun,Pastry,midday,1,2.2
2025-12-04,country_sourdough,Country Sourdough,Bread,evening,6,2.12
2025-12-04,country_sourdough,Country Sourdough,Bread,midday,11,1.94
2025-12-04,country_sourdough,Country Sourdough,Bread,morning,16,1.82
2025-12-04,fruit_tart,Fruit Tart,Dessert,evening,1,2.1
2025-12-04,fruit_tart,Fruit Tart,Dessert,midday,2,2.1
2025-12-04,fruit_tart,Fruit Tart,Dessert,morning,1,3.5
2025-12-04,ham_cheese_sandwich,Ham & Cheese Sandwich,Savory,midday,27,5.636363636363637
2025-12-04,ham_cheese_sandwich,Ham & Cheese Sandwich,Savory,morning,3,5.666666666666667
2025-12-04,pain_au_chocolat,Pain au Chocolat,Pastry,evening,5,1.25
2025-12-04,pain_au_chocolat,Pain au Chocolat,Pastry,midday,2,1.25
2025-12-04,pain_au_chocolat,Pain au Chocolat,Pastry,morning,25,1.25
2025-12-04,traditional_baguette,Traditional Baguette,Bread,evening,49,1.2265625
2025-12-04,traditional_baguette,Traditional Baguette,Bread,midday,66,1.2202127659574469
2025-12-04,traditional_baguette,Traditional Baguette,Bread,morning,66,1.2023809523809523
2025-12-05,brioche,Brioche,Pastry,evening,1,6.0
2025-12-05,butter_croissant,Butter Croissant,Pastry,evening,4,1.5
2025-12-05,butter_croissant,Butter Croissant,Pastry,midday,2,1.325
2025-12-05,butter_croissant,Butter Croissant,Pastry,morning,13,1.1937499999999999
2025-12-05,coffee_bun_sweet_bun,Coffee Bun / Sweet Bun,Pastry,morning,7,2.2
2025-12-05,country_sourdough,Country Sourdough,Bread,evening,5,1.9125
2025-12-05,country_sourdough,Country Sourdough,Bread,midday,10,1.7999999999999998
2025-12-05,country_sourdough,Country Sourdough,Bread,morning,18,1.7874999999999999
2025-12-05,fruit_tart,Fruit Tart,Dessert,midday,12,2.1
2025-12-05,fruit_tart,Fruit Tart,Dessert,morning,9,2.1
2025-12-05,ham_cheese_sandwich,Ham & Cheese Sandwich,Savory,evening,4,7.0
2025-12-05,ham_cheese_sandwich,Ham & Cheese Sandwich,Savory,midday,24,6.411764705882353
2025-12-05,ham_cheese_sandwich,Ham & Cheese Sandwich,Savory,morning,7,5.333333333333333
2025-12-05,pain_au_chocolat,Pain au Chocolat,Pastry,midday,3,1.25
2025-12-05,pain_au_chocolat,Pain au Chocolat,Pastry,morning,16,1.25
2025-12-05,traditional_baguette,Traditional Baguette,Bread,evening,31,1.2159090909090908
2025-12-05,traditional_baguette,Traditional Baguette,Bread,midday,73,1.1945652173913044
2025-12-05,traditional_baguette,Traditional Baguette,Bread,morning,86,1.2153061224489796
2025-12-06,brioche,Brioche,Pastry,midday,1,6.0
2025-12-06,brioche,Brioche,Pastry,morning,3,6.0
2025-12-06,butter_croissant,Butter Croissant,Pastry,midday,5,1.325
2025-12-06,butter_croissant,Butter Croissant,Pastry,morning,43,1.1659090909090908
2025-12-06,chocolate_cookie,Chocolate Cookie,Dessert,midday,2,1.1
2025-12-06,coffee_bun_sweet_bun,Coffee Bun / Sweet Bun,Pastry,morning,7,6.55
2025-12-06,country_sourdough,Country Sourdough,Bread,evening,2,3.3
2025-12-06,country_sourdough,Country Sourdough,Bread,midday,17,1.684375
2025-12-06,country_sourdough,Country Sourdough,Bread,morning,25,1.9475000000000002
2025-12-06,fruit_tart,Fruit Tart,Dessert,evening,5,4.55
2025-12-06,fruit_tart,Fruit Tart,Dessert,midday,7,7.840000000000001
2025-12-06,fruit_tart,Fruit Tart,Dessert,morning,1,3.5
2025-12-06,ham_cheese_sandwich,Ham & Cheese Sandwich,Savory,midday,1,5.0
2025-12-06,ham_cheese_sandwich,Ham & Cheese Sandwich,Savory,morning,5,6.0
2025-12-06,pain_au_chocolat,Pain au Chocolat,Pastry,evening,4,1.25
2025-12-06,pain_au_chocolat,Pain au Chocolat,Pastry,midday,1,1.25
2025-12-06,pain_au_chocolat,Pain au Chocolat,Pastry,morning,32,1.25
2025-12-06,traditional_baguette,Traditional Baguette,Bread,evening,41,1.214705882352941
2025-12-06,traditional_baguette,Traditional Baguette,Bread,midday,106,1.2085714285714284
2025-12-06,traditional_baguette,Traditional Baguette,Bread,morning,104,1.163076923076923
2025-12-07,brioche,Brioche,Pastry,midday,2,6.0
2025-12-07,brioche,Brioche,Pastry,morning,3,6.0
2025-12-07,butter_croissant,Butter Croissant,Pastry,midday,11,1.25
2025-12-07,butter_croissant,Butter Croissant,Pastry,morning,83,1.1982758620689655
2025-12-07,chocolate_cookie,Chocolate Cookie,Dessert,midday,3,1.1
2025-12-07,chocolate_cookie,Chocolate Cookie,Dessert,morning,6,1.1
2025-12-07,coffee_bun_sweet_bun,Coffee Bun / Sweet Bun,Pastry,midday,4,2.2
2025-12-07,coffee_bun_sweet_bun,Coffee Bun / Sweet Bun,Pastry,morning,3,2.2
2025-12-07,country_sourdough,Country Sourdough,Bread,midday,8,2.05
2025-12-07,country_sourdough,Country Sourdough,Bread,morning,42,1.604054054054054
2025-12-07,fruit_tart,Fruit Tart,Dessert,midday,15,4.2700000000000005
2025-12-07,fruit_tart,Fruit Tart,Dessert,morning,16,5.616666666666667
2025-12-07,ham_cheese_sandwich,Ham & Cheese Sandwich,Savory,morning,1,4.0
2025-12-07,pain_au_chocolat,Pain au Chocolat,Pastry,midday,12,1.25
2025-12-07,pain_au_chocolat,Pain au Chocolat,Pastry,morning,66,1.25
2025-12-07,traditional_baguette,Traditional Baguette,Bread,midday,132,1.2127906976744185
2025-12-07,traditional_baguette,Traditional Baguette,Bread,morning,198,1.1888392857142858
2025-12-08,butter_croissant,Butter Croissant,Pastry,evening,2,1.15
2025-12-08,butter_croissant,Butter Croissant,Pastry,morning,19,1.2375
2025-12-08,chocolate_cookie,Chocolate Cookie,Dessert,evening,2,1.1
2025-12-08,chocolate_cookie,Chocolate Cookie,Dessert,midday,1,1.1
2025-12-08,coffee_bun_sweet_bun,Coffee Bun / Sweet Bun,Pastry,evening,1,8.0
2025-12-08,country_sourdough,Country Sourdough,Bread,evening,6,2.0300000000000002
2025-12-08,country_sourdough,Country Sourdough,Bread,midday,5,1.67
2025-12-08,country_sourdough,Country Sourdough,Bread,morning,17,1.75
2025-12-08,fruit_tart,Fruit Tart,Dessert,evening,1,2.1
2025-12-08,fruit_tart,Fruit Tart,Dessert,morning,2,2.1
2025-12-08,ham_cheese_sandwich,Ham & Cheese Sandwich,Savory,evening,2,5.0
2025-12-08,ham_cheese_sandwich,Ham & Cheese Sandwich,Savory,midday,16,5.8
2025-12-08,ham_cheese_sandwich,Ham & Cheese Sandwich,Savory,morning,11,5.285714285714286
2025-12-08,pain_au_chocolat,Pain au Chocolat,Pastry,evening,4,1.25
2025-12-08,pain_au_chocolat,Pain au Chocolat,Pastry,midday,1,1.25
2025-12-08,pain_au_chocolat,Pain au Chocolat,Pastry,morning,21,1.25
2025-12-08,traditional_baguette,Traditional Baguette,Bread,evening,54,1.2194444444444443
2025-12-08,traditional_baguette,Traditional Baguette,Bread,midday,58,1.2
2025-12-08,traditional_baguette,Traditional Baguette,Bread,morning,80,1.2433962264150944
2025-12-09,brioche,Brioche,Pastry,evening,1,6.0
2025-12-09,butter_croissant,Butter Croissant,Pastry,evening,1,1.5
2025-12-09,butter_croissant,Butter Croissant,Pastry,midday,1,1.15
2025-12-09,butter_croissant,Butter Croissant,Pastry,morning,20,1.2666666666666666
2025-12-09,chocolate_cookie,Chocolate Cookie,Dessert,evening,4,1.1
2025-12-09,chocolate_cookie,Chocolate Cookie,Dessert,midday,1,1.1
2025-12-09,chocolate_cookie,Chocolate Cookie,Dessert,morning,1,1.1
2025-12-09,coffee_bun_sweet_bun,Coffee Bun / Sweet Bun,Pastry,evening,1,2.2
2025-12-09,coffee_bun_sweet_bun,Coffee Bun / Sweet Bun,Pastry,midday,1,2.2
2025-12-09,coffee_bun_sweet_bun,Coffee Bun / Sweet Bun,Pastry,morning,2,2.2
2025-12-09,country_sourdough,Country Sourdough,Bread,evening,2,1.6
2025-12-09,country_sourdough,Country Sourdough,Bread,midday,8,1.907142857142857
2025-12-09,country_sourdough,Country Sourdough,Bread,morning,19,1.8777777777777775
2025-12-09,ham_cheese_sandwich,Ham & Cheese Sandwich,Savory,midday,17,5.666666666666667
2025-12-09,ham_cheese_sandwich,Ham & Cheese Sandwich,Savory,morning,10,5.428571428571429
2025-12-09,pain_au_chocolat,Pain au Chocolat,Pastry,morning,26,1.25
2025-12-09,traditional_baguette,Traditional Baguette,Bread,evening,29,1.2125
2025-12-09,traditional_baguette,Traditional Baguette,Bread,midday,47,1.2765625
2025-12-09,traditional_baguette,Traditional Baguette,Bread,morning,79,1.220909090909091
2025-12-10,butter_croissant,Butter Croissant,Pastry,evening,5,1.3833333333333335
2025-12-10,butter_croissant,Butter Croissant,Pastry,midday,1,1.5
2025-12-10,butter_croissant,Butter Croissant,Pastry,morning,16,1.1937499999999999
2025-12-10,chocolate_cookie,Chocolate Cookie,Dessert,evening,6,1.1
2025-12-10,chocolate_cookie,Chocolate Cookie,Dessert,morning,1,1.1
2025-12-10,country_sourdough,Country Sourdough,Bread,evening,10,1.74375
2025-12-10,country_sourdough,Country Sourdough,Bread,midday,7,1.8
2025-12-10,country_sourdough,Country Sourdough,Bread,morning,8,1.61875
2025-12-10,fruit_tart,Fruit Tart,Dessert,evening,1,2.1
2025-12-10,fruit_tart,Fruit Tart,Dessert,midday,7,2.566666666666667
2025-12-10,fruit_tart,Fruit Tart,Dessert,morning,3,2.1
2025-12-10,ham_cheese_sandwich,Ham & Cheese Sandwich,Savory,midday,12,5.636363636363637
2025-12-10,ham_cheese_sandwich,Ham & Cheese Sandwich,Savory,morning,1,7.0
2025-12-10,pain_au_chocolat,Pain au Chocolat,Pastry,evening,3,1.25
2025-12-10,pain_au_chocolat,Pain au Chocolat,Pastry,midday,5,1.25
2025-12-10,pain_au_chocolat,Pain au Chocolat,Pastry,morning,13,1.25
2025-12-10,traditional_baguette,Traditional Baguette,Bread,evening,26,1.1552631578947368
2025-12-10,traditional_baguette,Traditional Baguette,Bread,midday,45,1.2049999999999998
2025-12-10,traditional_baguette,Traditional Baguette,Bread,morning,59,1.1878378378378378
2025-12-11,brioche,Brioche,Pastry,evening,1,6.0
2025-12-11,butter_croissant,Butter Croissant,Pastry,evening,4,1.15
2025-12-11,butter_croissant,Butter Croissant,Pastry,midday,2,1.5
2025-12-11,butter_croissant,Butter Croissant,Pastry,morning,18,1.2374999999999998
2025-12-11,chocolate_cookie,Chocolate Cookie,Dessert,evening,2,1.1
2025-12-11,chocolate_cookie,Chocolate Cookie,Dessert,morning,7,1.1
2025-12-11,coffee_bun_sweet_bun,Coffee Bun / Sweet Bun,Pastry,evening,2,2.2
2025-12-11,country_sourdough,Country Sourdough,Bread,evening,4,1.8666666666666665
2025-12-11,country_sourdough,Country Sourdough,Bread,midday,8,1.5875
2025-12-11,country_sourdough,Country Sourdough,Bread,morning,16,1.7285714285714284
2025-12-11,fruit_tart,Fruit Tart,Dessert,evening,1,2.1
2025-12-11,ham_cheese_sandwich,Ham & Cheese Sandwich,Savory,evening,1,7.0
2025-12-11,ham_cheese_sandwich,Ham & Cheese Sandwich,Savory,midday,19,5.866666666666666
2025-12-11,ham_cheese_sandwich,Ham & Cheese Sandwich,Savory,morning,8,5.625
2025-12-11,pain_au_chocolat,Pain au Chocolat,Pastry,evening,1,1.25
2025-12-11,pain_au_chocolat,Pain au Chocolat,Pastry,morning,19,1.25
2025-12-11,traditional_baguette,Traditional Baguette,Bread,evening,32,1.1833333333333333
2025-12-11,traditional_baguette,Traditional Baguette,Bread,midday,48,1.1594594594594594
2025-12-11,traditional_baguette,Traditional Baguette,Bread,morning,49,1.1734375
2025-12-12,brioche,Brioche,Pastry,morning,1,6.0
2025-12-12,butter_croissant,Butter Croissant,Pastry,evening,2,1.325
2025-12-12,butter_croissant,Butter Croissant,Pastry,morning,14,1.255
2025-12-12,chocolate_cookie,Chocolate Cookie,Dessert,morning,2,1.1
2025-12-12,coffee_bun_sweet_bun,Coffee Bun / Sweet Bun,Pastry,evening,3,2.2
2025-12-12,coffee_bun_sweet_bun,Coffee Bun / Sweet Bun,Pastry,midday,2,8.0
2025-12-12,coffee_bun_sweet_bun,Coffee Bun / Sweet Bun,Pastry,morning,1,8.0
2025-12-12,country_sourdough,Country Sourdough,Bread,evening,3,1.8666666666666665
2025-12-12,country_sourdough,Country Sourdough,Bread,midday,10,1.457142857142857
2025-12-12,country_sourdough,Country Sourdough,Bread,morning,18,1.7333333333333334
2025-12-12,fruit_tart,Fruit Tart,Dessert,evening,1,2.1
2025-12-12,fruit_tart,Fruit Tart,Dessert,midday,3,2.1
2025-12-12,fruit_tart,Fruit Tart,Dessert,morning,1,2.1
2025-12-12,ham_cheese_sandwich,Ham & Cheese Sandwich,Savory,midday,13,6.181818181818182
2025-12-12,ham_cheese_sandwich,Ham & Cheese Sandwich,Savory,morning,11,5.777777777777778
2025-12-12,pain_au_chocolat,Pain au Chocolat,Pastry,midday,4,1.25
2025-12-12,pain_au_chocolat,Pain au Chocolat,Pastry,morning,21,1.25
2025-12-12,traditional_baguette,Traditional Baguette,Bread,evening,34,1.2272727272727273
2025-12-12,traditional_baguette,Traditional Baguette,Bread,midday,32,1.173913043478261
2025-12-12,traditional_baguette,Traditional Baguette,Bread,morning,53,1.1576923076923076
2025-12-13,brioche,Brioche,Pastry,midday,1,6.0
2025-12-13,brioche,Brioche,Pastry,morning,2,6.0
2025-12-13,butter_croissant,Butter Croissant,Pastry,evening,2,1.15
2025-12-13,butter_croissant,Butter Croissant,Pastry,midday,4,1.3833333333333335
2025-12-13,butter_croissant,Butter Croissant,Pastry,morning,28,1.1791666666666665
2025-12-13,chocolate_cookie,Chocolate Cookie,Dessert,evening,3,1.1
2025-12-13,coffee_bun_sweet_bun,Coffee Bun / Sweet Bun,Pastry,evening,1,8.0
2025-12-13,coffee_bun_sweet_bun,Coffee Bun / Sweet Bun,Pastry,morning,2,2.2
2025-12-13,country_sourdough,Country Sourdough,Bread,evening,8,1.4166666666666667
2025-12-13,country_sourdough,Country Sourdough,Bread,midday,16,1.9035714285714285
2025-12-13,country_sourdough,Country Sourdough,Bread,morning,18,1.7666666666666666
2025-12-13,fruit_tart,Fruit Tart,Dessert,evening,3,2.8
2025-12-13,fruit_tart,Fruit Tart,Dessert,midday,8,3.6999999999999997
2025-12-13,fruit_tart,Fruit Tart,Dessert,morning,5,3.733333333333333
2025-12-13,ham_cheese_sandwich,Ham & Cheese Sandwich,Savory,midday,11,5.571428571428571
2025-12-13,ham_cheese_sandwich,Ham & Cheese Sandwich,Savory,morning,2,5.0
2025-12-13,pain_au_chocolat,Pain au Chocolat,Pastry,midday,2,1.25
2025-12-13,pain_au_chocolat,Pain au Chocolat,Pastry,morning,26,1.25
2025-12-13,traditional_baguette,Traditional Baguette,Bread,evening,21,1.215625
2025-12-13,traditional_baguette,Traditional Baguette,Bread,midday,107,1.165909090909091
2025-12-13,traditional_baguette,Traditional Baguette,Bread,morning,99,1.2084745762711864
2025-12-14,brioche,Brioche,Pastry,morning,4,6.0
2025-12-14,butter_croissant,Butter Croissant,Pastry,midday,4,1.15
2025-12-14,butter_croissant,Butter Croissant,Pastry,morning,95,1.1694444444444443
2025-12-14,coffee_bun_sweet_bun,Coffee Bun / Sweet Bun,Pastry,midday,8,4.133333333333334
2025-12-14,coffee_bun_sweet_bun,Coffee Bun / Sweet Bun,Pastry,morning,3,2.2
2025-12-14,country_sourdough,Country Sourdough,Bread,midday,5,2.17
2025-12-14,country_sourdough,Country Sourdough,Bread,morning,40,1.6984375
2025-12-14,fruit_tart,Fruit Tart,Dessert,midday,16,5.41
2025-12-14,fruit_tart,Fruit Tart,Dessert,morning,22,3.623076923076923
2025-12-14,ham_cheese_sandwich,Ham & Cheese Sandwich,Savory,midday,3,4.0
2025-12-14,pain_au_chocolat,Pain au Chocolat,Pastry,midday,13,1.25
2025-12-14,pain_au_chocolat,Pain au Chocolat,Pastry,morning,64,1.25
2025-12-14,traditional_baguette,Traditional Baguette,Bread,midday,152,1.2361702127659575
2025-12-14,traditional_baguette,Traditional Baguette,Bread,morning,198,1.1568965517241379
2025-12-15,brioche,Brioche,Pastry,midday,2,6.0
2025-12-15,butter_croissant,Butter Croissant,Pastry,evening,3,1.15
2025-12-15,butter_croissant,Butter Croissant,Pastry,morning,28,1.2083333333333333
2025-12-15,chocolate_cookie,Chocolate Cookie,Dessert,evening,1,1.1
2025-12-15,chocolate_cookie,Chocolate Cookie,Dessert,midday,1,1.1
2025-12-15,chocolate_cookie,Chocolate Cookie,Dessert,morning,3,1.1
2025-12-15,coffee_bun_sweet_bun,Coffee Bun / Sweet Bun,Pastry,morning,2,2.2
2025-12-15,country_sourdough,Country Sourdough,Bread,evening,13,2.12
2025-12-15,country_sourdough,Country Sourdough,Bread,midday,5,1.94
2025-12-15,country_sourdough,Country Sourdough,Bread,morning,14,1.6909090909090911
2025-12-15,fruit_tart,Fruit Tart,Dessert,evening,2,2.1
2025-12-15,fruit_tart,Fruit Tart,Dessert,midday,1,2.1
2025-12-15,fruit_tart,Fruit Tart,Dessert,morning,1,2.1
2025-12-15,ham_cheese_sandwich,Ham & Cheese Sandwich,Savory,midday,20,5.947368421052632
2025-12-15,ham_cheese_sandwich,Ham & Cheese Sandwich,Savory,morning,10,5.8
2025-12-15,pain_au_chocolat,Pain au Chocolat,Pastry,evening,3,1.25
2025-12-15,pain_au_chocolat,Pain au Chocolat,Pastry,morning,19,1.25
2025-12-15,traditional_baguette,Traditional Baguette,Bread,evening,59,1.1921052631578946
2025-12-15,traditional_baguette,Traditional Baguette,Bread,midday,50,1.1484375
2025-12-15,traditional_baguette,Traditional Baguette,Bread,morning,73,1.1689655172413793
2025-12-16,brioche,Brioche,Pastry,morning,1,6.0
2025-12-16,brownie,Brownie,Dessert,morning,1,2.5
2025-12-16,butter_croissant,Butter Croissant,Pastry,evening,1,1.15
2025-12-16,butter_croissant,Butter Croissant,Pastry,midday,1,1.5
2025-12-16,butter_croissant,Butter Croissant,Pastry,morning,23,1.2899999999999998
2025-12-16,chocolate_cookie,Chocolate Cookie,Dessert,midday,2,1.1
2025-12-16,country_sourdough,Country Sourdough,Bread,evening,3,1.6333333333333335
2025-12-16,country_sourdough,Country Sourdough,Bread,midday,4,2.25
2025-12-16,country_sourdough,Country Sourdough,Bread,morning,21,1.67
2025-12-16,fruit_tart,Fruit Tart,Dessert,morning,2,3.5
2025-12-16,ham_cheese_sandwich,Ham & Cheese Sandwich,Savory,midday,20,6.166666666666667
2025-12-16,ham_cheese_sandwich,Ham & Cheese Sandwich,Savory,morning,8,6.333333333333333
2025-12-16,pain_au_chocolat,Pain au Chocolat,Pastry,morning,11,1.25
2025-12-16,traditional_baguette,Traditional Baguette,Bread,evening,28,1.2166666666666666
2025-12-16,traditional_baguette,Traditional Baguette,Bread,midday,43,1.19
2025-12-16,traditional_baguette,Traditional Baguette,Bread,morning,65,1.1659090909090908
2025-12-17,brioche,Brioche,Pastry,morning,1,6.0
2025-12-17,butter_croissant,Butter Croissant,Pastry,evening,8,1.2899999999999998
2025-12-17,butter_croissant,Butter Croissant,Pastry,midday,5,1.2666666666666666
2025-12-17,butter_croissant,Butter Croissant,Pastry,morning,9,1.22
2025-12-17,chocolate_cookie,Chocolate Cookie,Dessert,evening,4,1.1
2025-12-17,chocolate_cookie,Chocolate Cookie,Dessert,morning,3,1.1
2025-12-17,coffee_bun_sweet_bun,Coffee Bun / Sweet Bun,Pastry,morning,3,5.1
2025-12-17,country_sourdough,Country Sourdough,Bread,evening,4,1.4875
2025-12-17,country_sourdough,Country Sourdough,Bread,midday,13,1.8090909090909089
2025-12-17,country_sourdough,Country Sourdough,Bread,morning,10,2.37
2025-12-17,fruit_tart,Fruit Tart,Dessert,evening,5,2.1
2025-12-17,fruit_tart,Fruit Tart,Dessert,morning,7,2.1
2025-12-17,ham_cheese_sandwich,Ham & Cheese Sandwich,Savory,midday,19,6.0
2025-12-17,ham_cheese_sandwich,Ham & Cheese Sandwich,Savory,morning,4,6.0
2025-12-17,pain_au_chocolat,Pain au Chocolat,Pastry,evening,5,1.25
2025-12-17,pain_au_chocolat,Pain au Chocolat,Pastry,midday,2,1.25
2025-12-17,pain_au_chocolat,Pain au Chocolat,Pastry,morning,11,1.25
2025-12-17,traditional_baguette,Traditional Baguette,Bread,evening,25,1.1710526315789473
2025-12-17,traditional_baguette,Traditional Baguette,Bread,midday,51,1.1958333333333333
2025-12-17,traditional_baguette,Traditional Baguette,Bread,morning,47,1.1742857142857144
2025-12-18,brioche,Brioche,Pastry,evening,1,6.0
2025-12-18,brioche,Brioche,Pastry,morning,1,6.0
2025-12-18,butter_croissant,Butter Croissant,Pastry,midday,4,1.15
2025-12-18,butter_croissant,Butter Croissant,Pastry,morning,11,1.3055555555555556
2025-12-18,chocolate_cookie,Chocolate Cookie,Dessert,evening,2,1.1
2025-12-18,chocolate_cookie,Chocolate Cookie,Dessert,morning,3,1.1
2025-12-18,coffee_bun_sweet_bun,Coffee Bun / Sweet Bun,Pastry,midday,2,2.2
2025-12-18,country_sourdough,Country Sourdough,Bread,evening,8,1.5875
2025-12-18,country_sourdough,Country Sourdough,Bread,midday,8,1.6875
2025-12-18,country_sourdough,Country Sourdough,Bread,morning,18,1.75
2025-12-18,fruit_tart,Fruit Tart,Dessert,evening,5,2.1
2025-12-18,fruit_tart,Fruit Tart,Dessert,midday,6,2.1
2025-12-18,ham_cheese_sandwich,Ham & Cheese Sandwich,Savory,evening,3,7.0
2025-12-18,ham_cheese_sandwich,Ham & Cheese Sandwich,Savory,midday,18,5.866666666666666
2025-12-18,ham_cheese_sandwich,Ham & Cheese Sandwich,Savory,morning,5,5.2
2025-12-18,pain_au_chocolat,Pain au Chocolat,Pastry,evening,6,1.25
2025-12-18,pain_au_chocolat,Pain au Chocolat,Pastry,midday,4,1.25
2025-12-18,pain_au_chocolat,Pain au Chocolat,Pastry,morning,19,1.25
2025-12-18,traditional_baguette,Traditional Baguette,Bread,evening,28,1.2
2025-12-18,traditional_baguette,Traditional Baguette,Bread,midday,50,1.1878378378378378
2025-12-18,traditional_baguette,Traditional Baguette,Bread,morning,49,1.1625
2025-12-19,brioche,Brioche,Pastry,morning,1,6.0
2025-12-19,butter_croissant,Butter Croissant,Pastry,evening,3,1.3833333333333335
2025-12-19,butter_croissant,Butter Croissant,Pastry,morning,23,1.2136363636363636
2025-12-19,chocolate_cookie,Chocolate Cookie,Dessert,midday,2,1.1
2025-12-19,chocolate_cookie,Chocolate Cookie,Dessert,morning,2,1.1
2025-12-19,coffee_bun_sweet_bun,Coffee Bun / Sweet Bun,Pastry,midday,5,5.1
2025-12-19,country_sourdough,Country Sourdough,Bread,evening,1,2.5
2025-12-19,country_sourdough,Country Sourdough,Bread,midday,11,1.6
2025-12-19,country_sourdough,Country Sourdough,Bread,morning,29,1.6
2025-12-19,fruit_tart,Fruit Tart,Dessert,midday,4,2.1
2025-12-19,ham_cheese_sandwich,Ham & Cheese Sandwich,Savory,midday,16,5.428571428571429
2025-12-19,ham_cheese_sandwich,Ham & Cheese Sandwich,Savory,morning,5,5.2
2025-12-19,pain_au_chocolat,Pain au Chocolat,Pastry,evening,1,1.25
2025-12-19,pain_au_chocolat,Pain au Chocolat,Pastry,morning,24,1.25
2025-12-19,traditional_baguette,Traditional Baguette,Bread,evening,49,1.228846153846154
2025-12-19,traditional_baguette,Traditional Baguette,Bread,midday,36,1.2125000000000001
2025-12-19,traditional_baguette,Traditional Baguette,Bread,morning,73,1.165
2025-12-20,brioche,Brioche,Pastry,midday,2,6.0
2025-12-20,brioche,Brioche,Pastry,morning,4,6.0
2025-12-20,butter_croissant,Butter Croissant,Pastry,midday,4,1.5
2025-12-20,butter_croissant,Butter Croissant,Pastry,morning,67,1.1818181818181819
2025-12-20,chocolate_cookie,Chocolate Cookie,Dessert,midday,4,1.1
2025-12-20,chocolate_cookie,Chocolate Cookie,Dessert,morning,6,1.1
2025-12-20,coffee_bun_sweet_bun,Coffee Bun / Sweet Bun,Pastry,midday,1,2.2
2025-12-20,coffee_bun_sweet_bun,Coffee Bun / Sweet Bun,Pastry,morning,1,2.2
2025-12-20,country_sourdough,Country Sourdough,Bread,evening,5,1.7375
2025-12-20,country_sourdough,Country Sourdough,Bread,midday,12,1.8727272727272728
2025-12-20,country_sourdough,Country Sourdough,Bread,morning,15,1.6166666666666667
2025-12-20,fruit_tart,Fruit Tart,Dessert,evening,2,2.1
2025-12-20,fruit_tart,Fruit Tart,Dessert,midday,6,5.74
2025-12-20,fruit_tart,Fruit Tart,Dessert,morning,1,2.1
2025-12-20,ham_cheese_sandwich,Ham & Cheese Sandwich,Savory,midday,4,6.0
2025-12-20,ham_cheese_sandwich,Ham & Cheese Sandwich,Savory,morning,7,4.666666666666667
2025-12-20,pain_au_chocolat,Pain au Chocolat,Pastry,midday,5,1.25
2025-12-20,pain_au_chocolat,Pain au Chocolat,Pastry,morning,52,1.25
2025-12-20,traditional_baguette,Traditional Baguette,Bread,evening,25,1.25
2025-12-20,traditional_baguette,Traditional Baguette,Bread,midday,78,1.1892857142857143
2025-12-20,traditional_baguette,Traditional Baguette,Bread,morning,111,1.1591666666666667
2025-12-21,brioche,Brioche,Pastry,midday,2,6.0
2025-12-21,brioche,Brioche,Pastry,morning,2,6.0
2025-12-21,butter_croissant,Butter Croissant,Pastry,midday,1,1.5
2025-12-21,butter_croissant,Butter Croissant,Pastry,morning,101,1.198611111111111
2025-12-21,chocolate_cookie,Chocolate Cookie,Dessert,morning,6,1.1
2025-12-21,coffee_bun_sweet_bun,Coffee Bun / Sweet Bun,Pastry,morning,2,2.2
2025-12-21,country_sourdough,Country Sourdough,Bread,midday,8,1.8125
2025-12-21,country_sourdough,Country Sourdough,Bread,morning,44,1.6890243902439024
2025-12-21,fruit_tart,Fruit Tart,Dessert,midday,11,2.38
2025-12-21,fruit_tart,Fruit Tart,Dessert,morning,12,4.433333333333334
2025-12-21,ham_cheese_sandwich,Ham & Cheese Sandwich,Savory,midday,4,7.0
2025-12-21,ham_cheese_sandwich,Ham & Cheese Sandwich,Savory,morning,4,5.5
2025-12-21,pain_au_chocolat,Pain au Chocolat,Pastry,morning,66,1.25
2025-12-21,traditional_baguette,Traditional Baguette,Bread,midday,125,1.183974358974359
2025-12-21,traditional_baguette,Traditional Baguette,Bread,morning,188,1.1773913043478261
2025-12-22,brioche,Brioche,Pastry,evening,1,6.0
2025-12-22,butter_croissant,Butter Croissant,Pastry,evening,4,1.325
2025-12-22,butter_croissant,Butter Croissant,Pastry,morning,17,1.1937499999999999
2025-12-22,chocolate_cookie,Chocolate Cookie,Dessert,evening,2,1.1
2025-12-22,chocolate_cookie,Chocolate Cookie,Dessert,midday,1,1.1
2025-12-22,coffee_bun_sweet_bun,Coffee Bun / Sweet Bun,Pastry,evening,1,2.2
2025-12-22,coffee_bun_sweet_bun,Coffee Bun / Sweet Bun,Pastry,morning,6,2.2
2025-12-22,country_sourdough,Country Sourdough,Bread,evening,8,1.675
2025-12-22,country_sourdough,Country Sourdough,Bread,midday,7,1.9749999999999999
2025-12-22,country_sourdough,Country Sourdough,Bread,morning,13,1.7153846153846155
2025-12-22,fruit_tart,Fruit Tart,Dessert,midday,2,6.05
2025-12-22,fruit_tart,Fruit Tart,Dessert,morning,1,10.0
2025-12-22,ham_cheese_sandwich,Ham & Cheese Sandwich,Savory,evening,2,4.0
2025-12-22,ham_cheese_sandwich,Ham & Cheese Sandwich,Savory,midday,21,5.823529411764706
2025-12-22,ham_cheese_sandwich,Ham & Cheese Sandwich,Savory,morning,3,6.333333333333333
2025-12-22,pain_au_chocolat,Pain au Chocolat,Pastry,evening,1,1.25
2025-12-22,pain_au_chocolat,Pain au Chocolat,Pastry,morning,13,1.25
2025-12-22,traditional_baguette,Traditional Baguette,Bread,evening,40,1.2
2025-12-22,traditional_baguette,Traditional Baguette,Bread,midday,62,1.173170731707317
2025-12-22,traditional_baguette,Traditional Baguette,Bread,morning,47,1.2870967741935484
2025-12-23,brioche,Brioche,Pastry,evening,1,6.0
2025-12-23,butter_croissant,Butter Croissant,Pastry,evening,2,1.325
2025-12-23,butter_croissant,Butter Croissant,Pastry,morning,25,1.2307692307692308
2025-12-23,chocolate_cookie,Chocolate Cookie,Dessert,evening,2,1.1
2025-12-23,coffee_bun_sweet_bun,Coffee Bun / Sweet Bun,Pastry,evening,1,2.2
2025-12-23,coffee_bun_sweet_bun,Coffee Bun / Sweet Bun,Pastry,midday,1,2.2
2025-12-23,country_sourdough,Country Sourdough,Bread,evening,3,1.9000000000000001
2025-12-23,country_sourdough,Country Sourdough,Bread,midday,8,1.8875
2025-12-23,country_sourdough,Country Sourdough,Bread,morning,24,1.6238095238095238
2025-12-23,fruit_tart,Fruit Tart,Dessert,evening,1,2.1
2025-12-23,fruit_tart,Fruit Tart,Dessert,midday,3,2.1
2025-12-23,fruit_tart,Fruit Tart,Dessert,morning,4,2.1
2025-12-23,ham_cheese_sandwich,Ham & Cheese Sandwich,Savory,midday,15,6.142857142857143
2025-12-23,ham_cheese_sandwich,Ham & Cheese Sandwich,Savory,morning,11,5.7272727272727275
2025-12-23,pain_au_chocolat,Pain au Chocolat,Pastry,evening,3,1.25
2025-12-23,pain_au_chocolat,Pain au Chocolat,Pastry,midday,2,1.25
2025-12-23,pain_au_chocolat,Pain au Chocolat,Pastry,morning,16,1.25
2025-12-23,traditional_baguette,Traditional Baguette,Bread,evening,38,1.2384615384615385
2025-12-23,traditional_baguette,Traditional Baguette,Bread,midday,50,1.1972222222222222
2025-12-23,traditional_baguette,Traditional Baguette,Bread,morning,72,1.2040816326530612
2025-12-24,brioche,Brioche,Pastry,evening,2,6.0
2025-12-24,butter_croissant,Butter Croissant,Pastry,evening,4,1.325
2025-12-24,butter_croissant,Butter Croissant,Pastry,midday,4,1.15
2025-12-24,butter_croissant,Butter Croissant,Pastry,morning,13,1.15
2025-12-24,chocolate_cookie,Chocolate Cookie,Dessert,midday,3,1.1
2025-12-24,chocolate_cookie,Chocolate Cookie,Dessert,morning,1,1.1
2025-12-24,coffee_bun_sweet_bun,Coffee Bun / Sweet Bun,Pastry,evening,1,8.0
2025-12-24,coffee_bun_sweet_bun,Coffee Bun / Sweet Bun,Pastry,midday,1,8.0
2025-12-24,coffee_bun_sweet_bun,Coffee Bun / Sweet Bun,Pastry,morning,3,2.2
2025-12-24,country_sourdough,Country Sourdough,Bread,evening,19,1.6235294117647059
2025-12-24,country_sourdough,Country Sourdough,Bread,midday,8,1.575
2025-12-24,country_sourdough,Country Sourdough,Bread,morning,22,1.78
2025-12-24,fruit_tart,Fruit Tart,Dessert,evening,7,2.1
2025-12-24,fruit_tart,Fruit Tart,Dessert,midday,3,6.05
2025-12-24,fruit_tart,Fruit Tart,Dessert,morning,2,2.1
2025-12-24,ham_cheese_sandwich,Ham & Cheese Sandwich,Savory,evening,1,2.5
2025-12-24,ham_cheese_sandwich,Ham & Cheese Sandwich,Savory,midday,12,6.0
2025-12-24,ham_cheese_sandwich,Ham & Cheese Sandwich,Savory,morning,2,5.5
2025-12-24,pain_au_chocolat,Pain au Chocolat,Pastry,evening,1,1.25
2025-12-24,pain_au_chocolat,Pain au Chocolat,Pastry,morning,18,1.25
2025-12-24,traditional_baguette,Traditional Baguette,Bread,evening,80,1.1705882352941177
2025-12-24,traditional_baguette,Traditional Baguette,Bread,midday,84,1.2316326530612245
2025-12-24,traditional_baguette,Traditional Baguette,Bread,morning,86,1.1641509433962265
2025-12-25,brioche,Brioche,Pastry,midday,3,6.0
2025-12-25,brioche,Brioche,Pastry,morning,4,6.0
2025-12-25,butter_croissant,Butter Croissant,Pastry,midday,9,1.22
2025-12-25,butter_croissant,Butter Croissant,Pastry,morning,104,1.1589743589743589
2025-12-25,chocolate_cookie,Chocolate Cookie,Dessert,midday,2,1.1
2025-12-25,chocolate_cookie,Chocolate Cookie,Dessert,morning,2,1.1
2025-12-25,coffee_bun_sweet_bun,Coffee Bun / Sweet Bun,Pastry,midday,10,6.066666666666666
2025-12-25,coffee_bun_sweet_bun,Coffee Bun / Sweet Bun,Pastry,morning,8,3.6500000000000004
2025-12-25,country_sourdough,Country Sourdough,Bread,midday,26,1.6934782608695653
2025-12-25,country_sourdough,Country Sourdough,Bread,morning,48,1.721794871794872
2025-12-25,fruit_tart,Fruit Tart,Dessert,midday,15,8.633333333333333
2025-12-25,fruit_tart,Fruit Tart,Dessert,morning,14,6.9750000000000005
2025-12-25,ham_cheese_sandwich,Ham & Cheese Sandwich,Savory,midday,6,5.666666666666667
2025-12-25,ham_cheese_sandwich,Ham & Cheese Sandwich,Savory,morning,1,7.0
2025-12-25,pain_au_chocolat,Pain au Chocolat,Pastry,midday,6,1.25
2025-12-25,pain_au_chocolat,Pain au Chocolat,Pastry,morning,69,1.25
2025-12-25,traditional_baguette,Traditional Baguette,Bread,midday,195,1.2194915254237289
2025-12-25,traditional_baguette,Traditional Baguette,Bread,morning,278,1.2034810126582278
2025-12-26,brioche,Brioche,Pastry,evening,1,6.0
2025-12-26,brioche,Brioche,Pastry,morning,8,6.0
2025-12-26,butter_croissant,Butter Croissant,Pastry,midday,16,1.2083333333333333
2025-12-26,butter_croissant,Butter Croissant,Pastry,morning,132,1.1738636363636363
2025-12-26,chocolate_cookie,Chocolate Cookie,Dessert,evening,4,1.1
2025-12-26,chocolate_cookie,Chocolate Cookie,Dessert,midday,3,1.1
2025-12-26,chocolate_cookie,Chocolate Cookie,Dessert,morning,3,1.1
2025-12-26,coffee_bun_sweet_bun,Coffee Bun / Sweet Bun,Pastry,evening,1,2.2
2025-12-26,coffee_bun_sweet_bun,Coffee Bun / Sweet Bun,Pastry,midday,5,2.2
2025-12-26,coffee_bun_sweet_bun,Coffee Bun / Sweet Bun,Pastry,morning,10,2.2
2025-12-26,country_sourdough,Country Sourdough,Bread,evening,15,1.6966666666666665
2025-12-26,country_sourdough,Country Sourdough,Bread,midday,30,1.8419999999999999
2025-12-26,country_sourdough,Country Sourdough,Bread,morning,42,1.7692307692307692
2025-12-26,fruit_tart,Fruit Tart,Dessert,evening,2,10.5
2025-12-26,fruit_tart,Fruit Tart,Dessert,midday,17,11.091666666666667
2025-12-26,fruit_tart,Fruit Tart,Dessert,morning,1,10.0
2025-12-26,ham_cheese_sandwich,Ham & Cheese Sandwich,Savory,evening,1,5.0
2025-12-26,ham_cheese_sandwich,Ham & Cheese Sandwich,Savory,midday,15,6.111111111111111
2025-12-26,ham_cheese_sandwich,Ham & Cheese Sandwich,Savory,morning,18,6.125
2025-12-26,pain_au_chocolat,Pain au Chocolat,Pastry,evening,5,1.25
2025-12-26,pain_au_chocolat,Pain au Chocolat,Pastry,midday,10,1.25
2025-12-26,pain_au_chocolat,Pain au Chocolat,Pastry,morning,93,1.25
2025-12-26,traditional_baguette,Traditional Baguette,Bread,evening,47,1.1894736842105265
2025-12-26,traditional_baguette,Traditional Baguette,Bread,midday,170,1.2005376344086023
2025-12-26,traditional_baguette,Traditional Baguette,Bread,morning,225,1.199586776859504
2025-12-27,brioche,Brioche,Pastry,evening,1,6.0
2025-12-27,brioche,Brioche,Pastry,morning,12,6.0
2025-12-27,butter_croissant,Butter Croissant,Pastry,evening,5,1.3833333333333335
2025-12-27,butter_croissant,Butter Croissant,Pastry,midday,1,1.15
2025-12-27,butter_croissant,Butter Croissant,Pastry,morning,110,1.1694444444444443
2025-12-27,chocolate_cookie,Chocolate Cookie,Dessert,evening,1,1.1
2025-12-27,chocolate_cookie,Chocolate Cookie,Dessert,midday,1,1.1
2025-12-27,chocolate_cookie,Chocolate Cookie,Dessert,morning,13,1.1
2025-12-27,coffee_bun_sweet_bun,Coffee Bun / Sweet Bun,Pastry,evening,2,8.0
2025-12-27,coffee_bun_sweet_bun,Coffee Bun / Sweet Bun,Pastry,midday,6,6.066666666666666
2025-12-27,coffee_bun_sweet_bun,Coffee Bun / Sweet Bun,Pastry,morning,18,5.422222222222222
2025-12-27,country_sourdough,Country Sourdough,Bread,evening,10,1.4777777777777779
2025-12-27,country_sourdough,Country Sourdough,Bread,midday,16,2.022727272727273
2025-12-27,country_sourdough,Country Sourdough,Bread,morning,36,1.97
2025-12-27,fruit_tart,Fruit Tart,Dessert,evening,5,6.92
2025-12-27,fruit_tart,Fruit Tart,Dessert,midday,4,10.033333333333333
2025-12-27,fruit_tart,Fruit Tart,Dessert,morning,16,6.954545454545454
2025-12-27,ham_cheese_sandwich,Ham & Cheese Sandwich,Savory,midday,2,5.5
2025-12-27,ham_cheese_sandwich,Ham & Cheese Sandwich,Savory,morning,9,6.142857142857143
2025-12-27,pain_au_chocolat,Pain au Chocolat,Pastry,evening,4,1.25
2025-12-27,pain_au_chocolat,Pain au Chocolat,Pastry,morning,96,1.25
2025-12-27,traditional_baguette,Traditional Baguette,Bread,evening,76,1.2292682926829268
2025-12-27,traditional_baguette,Traditional Baguette,Bread,midday,132,1.2014084507042253
2025-12-27,traditional_baguette,Traditional Baguette,Bread,morning,332,1.2094202898550726
2025-12-28,brioche,Brioche,Pastry,midday,3,6.0
2025-12-28,brioche,Brioche,Pastry,morning,6,6.0
2025-12-28,butter_croissant,Butter Croissant,Pastry,midday,7,1.15
2025-12-28,butter_croissant,Butter Croissant,Pastry,morning,189,1.1705882352941175
2025-12-28,chocolate_cookie,Chocolate Cookie,Dessert,midday,4,1.1
2025-12-28,chocolate_cookie,Chocolate Cookie,Dessert,morning,6,1.1
2025-12-28,coffee_bun_sweet_bun,Coffee Bun / Sweet Bun,Pastry,midday,3,2.2
2025-12-28,coffee_bun_sweet_bun,Coffee Bun / Sweet Bun,Pastry,morning,24,4.616666666666666
2025-12-28,country_sourdough,Country Sourdough,Bread,midday,16,1.9807692307692308
2025-12-28,country_sourdough,Country Sourdough,Bread,morning,70,1.8138888888888889
2025-12-28,fruit_tart,Fruit Tart,Dessert,midday,14,3.855555555555555
2025-12-28,fruit_tart,Fruit Tart,Dessert,morning,38,6.861538461538462
2025-12-28,ham_cheese_sandwich,Ham & Cheese Sandwich,Savory,midday,8,5.4
2025-12-28,pain_au_chocolat,Pain au Chocolat,Pastry,morning,157,1.25
2025-12-28,traditional_baguette,Traditional Baguette,Bread,midday,191,1.2098958333333334
2025-12-28,traditional_baguette,Traditional Baguette,Bread,morning,391,1.1814553990610328
2025-12-29,brioche,Brioche,Pastry,evening,1,6.0
2025-12-29,brioche,Brioche,Pastry,morning,1,6.0
2025-12-29,butter_croissant,Butter Croissant,Pastry,evening,3,1.15
2025-12-29,butter_croissant,Butter Croissant,Pastry,morning,40,1.1888888888888889
2025-12-29,chocolate_cookie,Chocolate Cookie,Dessert,evening,4,1.1
2025-12-29,chocolate_cookie,Chocolate Cookie,Dessert,midday,2,1.1
2025-12-29,coffee_bun_sweet_bun,Coffee Bun / Sweet Bun,Pastry,evening,1,2.2
2025-12-29,coffee_bun_sweet_bun,Coffee Bun / Sweet Bun,Pastry,morning,4,2.2
2025-12-29,country_sourdough,Country Sourdough,Bread,evening,10,1.725
2025-12-29,country_sourdough,Country Sourdough,Bread,midday,8,1.825
2025-12-29,country_sourdough,Country Sourdough,Bread,morning,22,1.8
2025-12-29,fruit_tart,Fruit Tart,Dessert,evening,6,2.1
2025-12-29,fruit_tart,Fruit Tart,Dessert,midday,2,2.1
2025-12-29,fruit_tart,Fruit Tart,Dessert,morning,3,2.1
2025-12-29,ham_cheese_sandwich,Ham & Cheese Sandwich,Savory,midday,14,6.0
2025-12-29,ham_cheese_sandwich,Ham & Cheese Sandwich,Savory,morning,15,5.5
2025-12-29,pain_au_chocolat,Pain au Chocolat,Pastry,evening,5,1.25
2025-12-29,pain_au_chocolat,Pain au Chocolat,Pastry,morning,26,1.25
2025-12-29,traditional_baguette,Traditional Baguette,Bread,evening,46,1.2338235294117648
2025-12-29,traditional_baguette,Traditional Baguette,Bread,midday,60,1.208888888888889
2025-12-29,traditional_baguette,Traditional Baguette,Bread,morning,100,1.167123287671233
2025-12-30,brioche,Brioche,Pastry,evening,1,6.0
2025-12-30,butter_croissant,Butter Croissant,Pastry,evening,2,1.5
2025-12-30,butter_croissant,Butter Croissant,Pastry,midday,4,1.2666666666666666
2025-12-30,butter_croissant,Butter Croissant,Pastry,morning,12,1.22
2025-12-30,chocolate_cookie,Chocolate Cookie,Dessert,midday,2,1.1
2025-12-30,country_sourdough,Country Sourdough,Bread,evening,7,1.8833333333333335
2025-12-30,country_sourdough,Country Sourdough,Bread,midday,10,2.085
2025-12-30,country_sourdough,Country Sourdough,Bread,morning,20,1.5676470588235294
2025-12-30,fruit_tart,Fruit Tart,Dessert,evening,7,2.1
2025-12-30,fruit_tart,Fruit Tart,Dessert,morning,1,2.1
2025-12-30,ham_cheese_sandwich,Ham & Cheese Sandwich,Savory,midday,34,6.05
2025-12-30,ham_cheese_sandwich,Ham & Cheese Sandwich,Savory,morning,8,5.375
2025-12-30,pain_au_chocolat,Pain au Chocolat,Pastry,evening,6,1.25
2025-12-30,pain_au_chocolat,Pain au Chocolat,Pastry,morning,14,1.25
2025-12-30,traditional_baguette,Traditional Baguette,Bread,evening,28,1.2214285714285713
2025-12-30,traditional_baguette,Traditional Baguette,Bread,midday,51,1.2
2025-12-30,traditional_baguette,Traditional Baguette,Bread,morning,73,1.1673469387755102
2025-12-31,brioche,Brioche,Pastry,evening,1,6.0
2025-12-31,brioche,Brioche,Pastry,morning,1,6.0
2025-12-31,butter_croissant,Butter Croissant,Pastry,evening,10,1.22
2025-12-31,butter_croissant,Butter Croissant,Pastry,midday,8,1.22
2025-12-31,butter_croissant,Butter Croissant,Pastry,morning,20,1.1888888888888889
2025-12-31,chocolate_cookie,Chocolate Cookie,Dessert,evening,2,1.1
2025-12-31,chocolate_cookie,Chocolate Cookie,Dessert,midday,3,1.1
2025-12-31,chocolate_cookie,Chocolate Cookie,Dessert,morning,1,1.1
2025-12-31,coffee_bun_sweet_bun,Coffee Bun / Sweet Bun,Pastry,evening,1,2.2
2025-12-31,coffee_bun_sweet_bun,Coffee Bun / Sweet Bun,Pastry,midday,1,2.2
2025-12-31,country_sourdough,Country Sourdough,Bread,evening,3,1.5999999999999999
2025-12-31,country_sourdough,Country Sourdough,Bread,midday,10,1.8277777777777777
2025-12-31,country_sourdough,Country Sourdough,Bread,morning,12,1.7958333333333334
2025-12-31,fruit_tart,Fruit Tart,Dessert,evening,4,2.1
2025-12-31,fruit_tart,Fruit Tart,Dessert,midday,5,2.1
2025-12-31,fruit_tart,Fruit Tart,Dessert,morning,3,2.1
2025-12-31,ham_cheese_sandwich,Ham & Cheese Sandwich,Savory,evening,1,5.0
2025-12-31,ham_cheese_sandwich,Ham & Cheese Sandwich,Savory,midday,16,5.785714285714286
2025-12-31,ham_cheese_sandwich,Ham & Cheese Sandwich,Savory,morning,3,4.666666666666667
2025-12-31,pain_au_chocolat,Pain au Chocolat,Pastry,evening,3,1.25
2025-12-31,pain_au_chocolat,Pain au Chocolat,Pastry,midday,3,1.25
2025-12-31,pain_au_chocolat,Pain au Chocolat,Pastry,morning,23,1.25
2025-12-31,traditional_baguette,Traditional Baguette,Bread,evening,38,1.2142857142857142
2025-12-31,traditional_baguette,Traditional Baguette,Bread,midday,57,1.1818181818181819
2025-12-31,traditional_baguette,Traditional Baguette,Bread,morning,67,1.1956521739130435
2026-01-01,brioche,Brioche,Pastry,evening,1,6.0
2026-01-01,butter_croissant,Butter Croissant,Pastry,midday,6,1.15
2026-01-01,butter_croissant,Butter Croissant,Pastry,morning,16,1.15
2026-01-01,chocolate_cookie,Chocolate Cookie,Dessert,evening,1,1.1
2026-01-01,country_sourdough,Country Sourdough,Bread,evening,9,1.7
2026-01-01,country_sourdough,Country Sourdough,Bread,midday,10,2.075
2026-01-01,country_sourdough,Country Sourdough,Bread,morning,10,1.6
2026-01-01,fruit_tart,Fruit Tart,Dessert,midday,5,2.1
2026-01-01,fruit_tart,Fruit Tart,Dessert,morning,1,2.1
2026-01-01,ham_cheese_sandwich,Ham & Cheese Sandwich,Savory,midday,16,6.533333333333333
2026-01-01,ham_cheese_sandwich,Ham & Cheese Sandwich,Savory,morning,4,5.333333333333333
2026-01-01,pain_au_chocolat,Pain au Chocolat,Pastry,midday,1,1.25
2026-01-01,pain_au_chocolat,Pain au Chocolat,Pastry,morning,18,1.25
2026-01-01,traditional_baguette,Traditional Baguette,Bread,evening,28,1.2342105263157894
2026-01-01,traditional_baguette,Traditional Baguette,Bread,midday,68,1.1978260869565218
2026-01-01,traditional_baguette,Traditional Baguette,Bread,morning,62,1.1318181818181818
2026-01-02,brioche,Brioche,Pastry,evening,2,6.0
2026-01-02,brioche,Brioche,Pastry,midday,2,6.0
2026-01-02,butter_croissant,Butter Croissant,Pastry,evening,6,1.15
2026-01-02,butter_croissant,Butter Croissant,Pastry,midday,7,1.15
2026-01-02,butter_croissant,Butter Croissant,Pastry,morning,21,1.1791666666666665
2026-01-02,chocolate_cookie,Chocolate Cookie,Dessert,morning,1,1.1
2026-01-02,coffee_bun_sweet_bun,Coffee Bun / Sweet Bun,Pastry,evening,3,5.1
2026-01-02,country_sourdough,Country Sourdough,Bread,evening,17,1.55
2026-01-02,country_sourdough,Country Sourdough,Bread,midday,9,1.7722222222222221
2026-01-02,country_sourdough,Country Sourdough,Bread,morning,8,1.5714285714285714
2026-01-02,fruit_tart,Fruit Tart,Dessert,evening,4,2.1
2026-01-02,ham_cheese_sandwich,Ham & Cheese Sandwich,Savory,midday,16,5.416666666666667
2026-01-02,ham_cheese_sandwich,Ham & Cheese Sandwich,Savory,morning,6,4.4
2026-01-02,pain_au_chocolat,Pain au Chocolat,Pastry,evening,9,1.25
2026-01-02,pain_au_chocolat,Pain au Chocolat,Pastry,morning,17,1.25
2026-01-02,traditional_baguette,Traditional Baguette,Bread,evening,58,1.2
2026-01-02,traditional_baguette,Traditional Baguette,Bread,midday,37,1.196774193548387
2026-01-02,traditional_baguette,Traditional Baguette,Bread,morning,94,1.219
2026-01-03,brioche,Brioche,Pastry,midday,1,6.0
2026-01-03,brioche,Brioche,Pastry,morning,6,6.0
2026-01-03,butter_croissant,Butter Croissant,Pastry,midday,4,1.15
2026-01-03,butter_croissant,Butter Croissant,Pastry,morning,71,1.1791666666666665
2026-01-03,chocolate_cookie,Chocolate Cookie,Dessert,morning,1,1.1
2026-01-03,coffee_bun_sweet_bun,Coffee Bun / Sweet Bun,Pastry,evening,2,8.0
2026-01-03,coffee_bun_sweet_bun,Coffee Bun / Sweet Bun,Pastry,midday,6,6.55
2026-01-03,coffee_bun_sweet_bun,Coffee Bun / Sweet Bun,Pastry,morning,1,2.2
2026-01-03,country_sourdough,Country Sourdough,Bread,evening,22,1.619047619047619
2026-01-03,country_sourdough,Country Sourdough,Bread,midday,15,2.01
2026-01-03,country_sourdough,Country Sourdough,Bread,morning,20,1.828125
2026-01-03,fruit_tart,Fruit Tart,Dessert,evening,5,6.066666666666666
2026-01-03,fruit_tart,Fruit Tart,Dessert,morning,6,5.26
2026-01-03,ham_cheese_sandwich,Ham & Cheese Sandwich,Savory,midday,18,6.0
2026-01-03,ham_cheese_sandwich,Ham & Cheese Sandwich,Savory,morning,4,5.0
2026-01-03,pain_au_chocolat,Pain au Chocolat,Pastry,morning,44,1.25
2026-01-03,traditional_baguette,Traditional Baguette,Bread,evening,28,1.2291666666666667
2026-01-03,traditional_baguette,Traditional Baguette,Bread,midday,92,1.2197916666666666
2026-01-03,traditional_baguette,Traditional Baguette,Bread,morning,134,1.1848684210526315
2026-01-04,brioche,Brioche,Pastry,midday,2,6.0
2026-01-04,brioche,Brioche,Pastry,morning,1,6.0
2026-01-04,butter_croissant,Butter Croissant,Pastry,midday,11,1.15
2026-01-04,butter_croissant,Butter Croissant,Pastry,morning,130,1.202127659574468
2026-01-04,chocolate_cookie,Chocolate Cookie,Dessert,midday,11,1.1
2026-01-04,chocolate_cookie,Chocolate Cookie,Dessert,morning,1,1.1
2026-01-04,coffee_bun_sweet_bun,Coffee Bun / Sweet Bun,Pastry,midday,4,2.2
2026-01-04,coffee_bun_sweet_bun,Coffee Bun / Sweet Bun,Pastry,morning,9,5.68
2026-01-04,country_sourdough,Country Sourdough,Bread,midday,6,2.275
2026-01-04,country_sourdough,Country Sourdough,Bread,morning,67,1.7401785714285716
2026-01-04,fruit_tart,Fruit Tart,Dessert,midday,17,6.783333333333334
2026-01-04,fruit_tart,Fruit Tart,Dessert,morning,30,5.158823529411765
2026-01-04,ham_cheese_sandwich,Ham & Cheese Sandwich,Savory,midday,6,6.0
2026-01-04,pain_au_chocolat,Pain au Chocolat,Pastry,midday,6,1.25
2026-01-04,pain_au_chocolat,Pain au Chocolat,Pastry,morning,123,1.25
2026-01-04,traditional_baguette,Traditional Baguette,Bread,midday,199,1.2028846153846153
2026-01-04,traditional_baguette,Traditional Baguette,Bread,morning,288,1.17275641025641
2026-01-05,brioche,Brioche,Pastry,midday,2,6.0
2026-01-05,brioche,Brioche,Pastry,morning,5,6.0
2026-01-05,butter_croissant,Butter Croissant,Pastry,midday,5,1.325
2026-01-05,butter_croissant,Butter Croissant,Pastry,morning,121,1.1818181818181819
2026-01-05,chocolate_cookie,Chocolate Cookie,Dessert,midday,2,1.1
2026-01-05,chocolate_cookie,Chocolate Cookie,Dessert,morning,7,1.1
2026-01-05,coffee_bun_sweet_bun,Coffee Bun / Sweet Bun,Pastry,midday,9,6.066666666666666
2026-01-05,coffee_bun_sweet_bun,Coffee Bun / Sweet Bun,Pastry,morning,13,4.375
2026-01-05,country_sourdough,Country Sourdough,Bread,midday,18,1.713888888888889
2026-01-05,country_sourdough,Country Sourdough,Bread,morning,46,1.8569444444444443
2026-01-05,fruit_tart,Fruit Tart,Dessert,midday,13,2.975
2026-01-05,fruit_tart,Fruit Tart,Dessert,morning,25,6.425
2026-01-05,ham_cheese_sandwich,Ham & Cheese Sandwich,Savory,midday,2,4.0
2026-01-05,ham_cheese_sandwich,Ham & Cheese Sandwich,Savory,morning,6,6.0
2026-01-05,pain_au_chocolat,Pain au Chocolat,Pastry,midday,1,1.25
2026-01-05,pain_au_chocolat,Pain au Chocolat,Pastry,morning,118,1.25
2026-01-05,traditional_baguette,Traditional Baguette,Bread,midday,143,1.2427777777777778
2026-01-05,traditional_baguette,Traditional Baguette,Bread,morning,288,1.1891891891891893
2026-01-06,brioche,Brioche,Pastry,morning,1,6.0
2026-01-06,butter_croissant,Butter Croissant,Pastry,evening,1,1.5
2026-01-06,butter_croissant,Butter Croissant,Pastry,midday,6,1.15
2026-01-06,butter_croissant,Butter Croissant,Pastry,morning,12,1.2666666666666666
2026-01-06,chocolate_cookie,Chocolate Cookie,Dessert,midday,6,1.1
2026-01-06,chocolate_cookie,Chocolate Cookie,Dessert,morning,3,1.1
2026-01-06,coffee_bun_sweet_bun,Coffee Bun / Sweet Bun,Pastry,midday,2,2.2
2026-01-06,coffee_bun_sweet_bun,Coffee Bun / Sweet Bun,Pastry,morning,2,2.2
2026-01-06,country_sourdough,Country Sourdough,Bread,evening,9,1.75625
2026-01-06,country_sourdough,Country Sourdough,Bread,midday,11,1.7954545454545454
2026-01-06,country_sourdough,Country Sourdough,Bread,morning,17,1.5266666666666666
2026-01-06,fruit_tart,Fruit Tart,Dessert,evening,2,2.1
2026-01-06,fruit_tart,Fruit Tart,Dessert,midday,6,2.1
2026-01-06,fruit_tart,Fruit Tart,Dessert,morning,1,2.1
2026-01-06,ham_cheese_sandwich,Ham & Cheese Sandwich,Savory,midday,12,6.6
2026-01-06,ham_cheese_sandwich,Ham & Cheese Sandwich,Savory,morning,3,5.666666666666667
2026-01-06,pain_au_chocolat,Pain au Chocolat,Pastry,midday,3,1.25
2026-01-06,pain_au_chocolat,Pain au Chocolat,Pastry,morning,23,1.25
2026-01-06,traditional_baguette,Traditional Baguette,Bread,evening,52,1.2042857142857142
2026-01-06,traditional_baguette,Traditional Baguette,Bread,midday,50,1.1743243243243244
2026-01-06,traditional_baguette,Traditional Baguette,Bread,morning,63,1.1420454545454546
2026-01-07,brioche,Brioche,Pastry,midday,1,6.0
2026-01-07,butter_croissant,Butter Croissant,Pastry,evening,3,1.15
2026-01-07,butter_croissant,Butter Croissant,Pastry,midday,1,1.15
2026-01-07,butter_croissant,Butter Croissant,Pastry,morning,10,1.15
2026-01-07,chocolate_cookie,Chocolate Cookie,Dessert,morning,1,1.1
2026-01-07,coffee_bun_sweet_bun,Coffee Bun / Sweet Bun,Pastry,morning,1,2.2
2026-01-07,country_sourdough,Country Sourdough,Bread,evening,4,1.8
2026-01-07,country_sourdough,Country Sourdough,Bread,midday,6,1.8699999999999999
2026-01-07,country_sourdough,Country Sourdough,Bread,morning,21,1.4952380952380953
2026-01-07,fruit_tart,Fruit Tart,Dessert,evening,1,2.1
2026-01-07,ham_cheese_sandwich,Ham & Cheese Sandwich,Savory,midday,18,6.0
2026-01-07,ham_cheese_sandwich,Ham & Cheese Sandwich,Savory,morning,2,7.0
2026-01-07,pain_au_chocolat,Pain au Chocolat,Pastry,evening,3,1.25
2026-01-07,pain_au_chocolat,Pain au Chocolat,Pastry,midday,1,1.25
2026-01-07,pain_au_chocolat,Pain au Chocolat,Pastry,morning,13,1.25
2026-01-07,traditional_baguette,Traditional Baguette,Bread,evening,32,1.2052631578947368
2026-01-07,traditional_baguette,Traditional Baguette,Bread,midday,43,1.1590909090909092
2026-01-07,traditional_baguette,Traditional Baguette,Bread,morning,63,1.1170454545454545
2026-01-08,brioche,Brioche,Pastry,evening,1,6.0
2026-01-08,brioche,Brioche,Pastry,morning,3,6.0
2026-01-08,butter_croissant,Butter Croissant,Pastry,evening,5,1.15
2026-01-08,butter_croissant,Butter Croissant,Pastry,midday,5,1.15
2026-01-08,butter_croissant,Butter Croissant,Pastry,morning,21,1.15
2026-01-08,country_sourdough,Country Sourdough,Bread,evening,5,1.58
2026-01-08,country_sourdough,Country Sourdough,Bread,midday,9,1.5277777777777777
2026-01-08,country_sourdough,Country Sourdough,Bread,morning,14,1.8461538461538463
2026-01-08,fruit_tart,Fruit Tart,Dessert,midday,5,2.1
2026-01-08,ham_cheese_sandwich,Ham & Cheese Sandwich,Savory,evening,2,5.0
2026-01-08,ham_cheese_sandwich,Ham & Cheese Sandwich,Savory,midday,14,5.6923076923076925
2026-01-08,ham_cheese_sandwich,Ham & Cheese Sandwich,Savory,morning,6,4.833333333333333
2026-01-08,pain_au_chocolat,Pain au Chocolat,Pastry,evening,3,1.25
2026-01-08,pain_au_chocolat,Pain au Chocolat,Pastry,midday,2,1.25
2026-01-08,pain_au_chocolat,Pain au Chocolat,Pastry,morning,19,1.25
2026-01-08,traditional_baguette,Traditional Baguette,Bread,evening,36,1.25
2026-01-08,traditional_baguette,Traditional Baguette,Bread,midday,57,1.2112500000000002
2026-01-08,traditional_baguette,Traditional Baguette,Bread,morning,60,1.1511627906976745
2026-01-09,brioche,Brioche,Pastry,morning,2,6.0
2026-01-09,butter_croissant,Butter Croissant,Pastry,evening,3,1.2666666666666666
2026-01-09,butter_croissant,Butter Croissant,Pastry,midday,6,1.15
2026-01-09,butter_croissant,Butter Croissant,Pastry,morning,12,1.1888888888888889
2026-01-09,chocolate_cookie,Chocolate Cookie,Dessert,evening,1,1.1
2026-01-09,coffee_bun_sweet_bun,Coffee Bun / Sweet Bun,Pastry,evening,2,2.2
2026-01-09,country_sourdough,Country Sourdough,Bread,evening,4,1.9000000000000001
2026-01-09,country_sourdough,Country Sourdough,Bread,midday,5,1.44
2026-01-09,country_sourdough,Country Sourdough,Bread,morning,19,1.3473684210526315
2026-01-09,fruit_tart,Fruit Tart,Dessert,evening,3,2.1
2026-01-09,fruit_tart,Fruit Tart,Dessert,midday,6,2.1
2026-01-09,fruit_tart,Fruit Tart,Dessert,morning,2,2.1
2026-01-09,ham_cheese_sandwich,Ham & Cheese Sandwich,Savory,midday,20,6.368421052631579
2026-01-09,ham_cheese_sandwich,Ham & Cheese Sandwich,Savory,morning,13,5.2727272727272725
2026-01-09,pain_au_chocolat,Pain au Chocolat,Pastry,evening,1,1.25
2026-01-09,pain_au_chocolat,Pain au Chocolat,Pastry,midday,3,1.25
2026-01-09,pain_au_chocolat,Pain au Chocolat,Pastry,morning,17,1.25
2026-01-09,traditional_baguette,Traditional Baguette,Bread,evening,32,1.24
2026-01-09,traditional_baguette,Traditional Baguette,Bread,midday,50,1.20125
2026-01-09,traditional_baguette,Traditional Baguette,Bread,morning,61,1.1965116279069767
2026-01-10,brioche,Brioche,Pastry,evening,1,6.0
2026-01-10,brioche,Brioche,Pastry,morning,3,6.0
2026-01-10,butter_croissant,Butter Croissant,Pastry,evening,11,1.2374999999999998
2026-01-10,butter_croissant,Butter Croissant,Pastry,midday,3,1.15
2026-01-10,butter_croissant,Butter Croissant,Pastry,morning,49,1.15
2026-01-10,chocolate_cookie,Chocolate Cookie,Dessert,evening,3,1.1
2026-01-10,chocolate_cookie,Chocolate Cookie,Dessert,morning,8,1.1
2026-01-10,coffee_bun_sweet_bun,Coffee Bun / Sweet Bun,Pastry,evening,2,2.2
2026-01-10,coffee_bun_sweet_bun,Coffee Bun / Sweet Bun,Pastry,midday,1,8.0
2026-01-10,coffee_bun_sweet_bun,Coffee Bun / Sweet Bun,Pastry,morning,7,8.0
2026-01-10,country_sourdough,Country Sourdough,Bread,evening,9,1.7285714285714284
2026-01-10,country_sourdough,Country Sourdough,Bread,midday,11,1.9272727272727272
2026-01-10,country_sourdough,Country Sourdough,Bread,morning,21,1.471875
2026-01-10,fruit_tart,Fruit Tart,Dessert,evening,5,7.05
2026-01-10,fruit_tart,Fruit Tart,Dessert,midday,9,2.1
2026-01-10,fruit_tart,Fruit Tart,Dessert,morning,3,4.733333333333333
2026-01-10,ham_cheese_sandwich,Ham & Cheese Sandwich,Savory,midday,3,7.0
2026-01-10,ham_cheese_sandwich,Ham & Cheese Sandwich,Savory,morning,4,5.666666666666667
2026-01-10,pain_au_chocolat,Pain au Chocolat,Pastry,evening,8,1.25
2026-01-10,pain_au_chocolat,Pain au Chocolat,Pastry,midday,3,1.25
2026-01-10,pain_au_chocolat,Pain au Chocolat,Pastry,morning,49,1.25
2026-01-10,traditional_baguette,Traditional Baguette,Bread,evening,55,1.2090909090909092
2026-01-10,traditional_baguette,Traditional Baguette,Bread,midday,90,1.1923076923076923
2026-01-10,traditional_baguette,Traditional Baguette,Bread,morning,117,1.1555555555555554
2026-01-11,brioche,Brioche,Pastry,midday,2,6.0
2026-01-11,brioche,Brioche,Pastry,morning,4,6.0
2026-01-11,butter_croissant,Butter Croissant,Pastry,midday,31,1.15
2026-01-11,butter_croissant,Butter Croissant,Pastry,morning,58,1.1733333333333331
2026-01-11,chocolate_cookie,Chocolate Cookie,Dessert,midday,5,1.1
2026-01-11,chocolate_cookie,Chocolate Cookie,Dessert,morning,4,1.1
2026-01-11,coffee_bun_sweet_bun,Coffee Bun / Sweet Bun,Pastry,morning,5,6.066666666666666
2026-01-11,country_sourdough,Country Sourdough,Bread,midday,11,1.7227272727272727
2026-01-11,country_sourdough,Country Sourdough,Bread,morning,33,1.7655172413793105
2026-01-11,fruit_tart,Fruit Tart,Dessert,midday,12,4.322222222222222
2026-01-11,fruit_tart,Fruit Tart,Dessert,morning,8,2.38
2026-01-11,ham_cheese_sandwich,Ham & Cheese Sandwich,Savory,midday,3,4.666666666666667
2026-01-11,ham_cheese_sandwich,Ham & Cheese Sandwich,Savory,morning,11,6.222222222222222
2026-01-11,pain_au_chocolat,Pain au Chocolat,Pastry,midday,29,1.25
2026-01-11,pain_au_chocolat,Pain au Chocolat,Pastry,morning,55,1.25
2026-01-11,traditional_baguette,Traditional Baguette,Bread,midday,141,1.2042168674698797
2026-01-11,traditional_baguette,Traditional Baguette,Bread,morning,175,1.1957264957264957
2026-01-12,butter_croissant,Butter Croissant,Pastry,evening,2,1.325
2026-01-12,butter_croissant,Butter Croissant,Pastry,midday,1,1.5
2026-01-12,butter_croissant,Butter Croissant,Pastry,morning,19,1.15
2026-01-12,chocolate_cookie,Chocolate Cookie,Dessert,evening,6,1.1
2026-01-12,chocolate_cookie,Chocolate Cookie,Dessert,midday,1,1.1
2026-01-12,chocolate_cookie,Chocolate Cookie,Dessert,morning,2,1.1
2026-01-12,coffee_bun_sweet_bun,Coffee Bun / Sweet Bun,Pastry,evening,2,2.2
2026-01-12,coffee_bun_sweet_bun,Coffee Bun / Sweet Bun,Pastry,midday,1,2.2
2026-01-12,coffee_bun_sweet_bun,Coffee Bun / Sweet Bun,Pastry,morning,1,2.2
2026-01-12,country_sourdough,Country Sourdough,Bread,evening,7,1.5071428571428573
2026-01-12,country_sourdough,Country Sourdough,Bread,midday,10,2.1
2026-01-12,country_sourdough,Country Sourdough,Bread,morning,23,1.6058823529411765
2026-01-12,fruit_tart,Fruit Tart,Dessert,morning,2,2.1
2026-01-12,ham_cheese_sandwich,Ham & Cheese Sandwich,Savory,midday,17,6.142857142857143
2026-01-12,ham_cheese_sandwich,Ham & Cheese Sandwich,Savory,morning,1,5.0
2026-01-12,pain_au_chocolat,Pain au Chocolat,Pastry,evening,5,1.25
2026-01-12,pain_au_chocolat,Pain au Chocolat,Pastry,morning,28,1.25
2026-01-12,traditional_baguette,Traditional Baguette,Bread,evening,27,1.25
2026-01-12,traditional_baguette,Traditional Baguette,Bread,midday,58,1.2234042553191489
2026-01-12,traditional_baguette,Traditional Baguette,Bread,morning,84,1.1669354838709676
2026-01-13,brioche,Brioche,Pastry,evening,1,6.0
2026-01-13,butter_croissant,Butter Croissant,Pastry,evening,2,1.15
2026-01-13,butter_croissant,Butter Croissant,Pastry,midday,11,1.2374999999999998
2026-01-13,butter_croissant,Butter Croissant,Pastry,morning,14,1.1999999999999997
2026-01-13,coffee_bun_sweet_bun,Coffee Bun / Sweet Bun,Pastry,evening,4,2.2
2026-01-13,coffee_bun_sweet_bun,Coffee Bun / Sweet Bun,Pastry,morning,1,2.2
2026-01-13,country_sourdough,Country Sourdough,Bread,evening,7,1.8714285714285714
2026-01-13,country_sourdough,Country Sourdough,Bread,midday,8,1.4142857142857144
2026-01-13,country_sourdough,Country Sourdough,Bread,morning,16,1.6233333333333335
2026-01-13,fruit_tart,Fruit Tart,Dessert,midday,3,2.1
2026-01-13,fruit_tart,Fruit Tart,Dessert,morning,6,2.8
2026-01-13,ham_cheese_sandwich,Ham & Cheese Sandwich,Savory,midday,21,6.176470588235294
2026-01-13,ham_cheese_sandwich,Ham & Cheese Sandwich,Savory,morning,6,4.4
2026-01-13,pain_au_chocolat,Pain au Chocolat,Pastry,evening,4,1.25
2026-01-13,pain_au_chocolat,Pain au Chocolat,Pastry,midday,7,1.25
2026-01-13,pain_au_chocolat,Pain au Chocolat,Pastry,morning,16,1.25
2026-01-13,traditional_baguette,Traditional Baguette,Bread,evening,57,1.211764705882353
2026-01-13,traditional_baguette,Traditional Baguette,Bread,midday,50,1.1395348837209303
2026-01-13,traditional_baguette,Traditional Baguette,Bread,morning,66,1.1541666666666666
2026-01-14,butter_croissant,Butter Croissant,Pastry,evening,2,1.5
2026-01-14,butter_croissant,Butter Croissant,Pastry,midday,3,1.325
2026-01-14,butter_croissant,Butter Croissant,Pastry,morning,22,1.15
2026-01-14,chocolate_cookie,Chocolate Cookie,Dessert,midday,1,1.1
2026-01-14,chocolate_cookie,Chocolate Cookie,Dessert,morning,2,1.1
2026-01-14,country_sourdough,Country Sourdough,Bread,midday,6,1.5999999999999999
2026-01-14,country_sourdough,Country Sourdough,Bread,morning,26,1.7571428571428571
2026-01-14,fruit_tart,Fruit Tart,Dessert,midday,2,2.1
2026-01-14,ham_cheese_sandwich,Ham & Cheese Sandwich,Savory,midday,17,6.142857142857143
2026-01-14,ham_cheese_sandwich,Ham & Cheese Sandwich,Savory,morning,4,4.666666666666667
2026-01-14,pain_au_chocolat,Pain au Chocolat,Pastry,midday,2,1.25
2026-01-14,pain_au_chocolat,Pain au Chocolat,Pastry,morning,13,1.25
2026-01-14,traditional_baguette,Traditional Baguette,Bread,evening,40,1.1717391304347826
2026-01-14,traditional_baguette,Traditional Baguette,Bread,midday,63,1.18375
2026-01-14,traditional_baguette,Traditional Baguette,Bread,morning,73,1.2020833333333334
2026-01-15,butter_croissant,Butter Croissant,Pastry,midday,5,1.2899999999999998
2026-01-15,butter_croissant,Butter Croissant,Pastry,morning,22,1.175
2026-01-15,chocolate_cookie,Chocolate Cookie,Dessert,midday,1,1.1
2026-01-15,country_sourdough,Country Sourdough,Bread,evening,4,1.5125000000000002
2026-01-15,country_sourdough,Country Sourdough,Bread,midday,17,1.8058823529411765
2026-01-15,country_sourdough,Country Sourdough,Bread,morning,8,1.59375
2026-01-15,fruit_tart,Fruit Tart,Dessert,evening,1,2.1
2026-01-15,fruit_tart,Fruit Tart,Dessert,midday,6,2.1
2026-01-15,ham_cheese_sandwich,Ham & Cheese Sandwich,Savory,evening,1,7.0
2026-01-15,ham_cheese_sandwich,Ham & Cheese Sandwich,Savory,midday,16,6.583333333333333
2026-01-15,ham_cheese_sandwich,Ham & Cheese Sandwich,Savory,morning,5,6.0
2026-01-15,pain_au_chocolat,Pain au Chocolat,Pastry,evening,6,1.25
2026-01-15,pain_au_chocolat,Pain au Chocolat,Pastry,morning,23,1.25
2026-01-15,traditional_baguette,Traditional Baguette,Bread,evening,40,1.2339285714285713
2026-01-15,traditional_baguette,Traditional Baguette,Bread,midday,50,1.17875
2026-01-15,traditional_baguette,Traditional Baguette,Bread,morning,62,1.2344444444444445
2026-01-16,brioche,Brioche,Pastry,morning,1,6.0
2026-01-16,butter_croissant,Butter Croissant,Pastry,midday,1,1.15
2026-01-16,butter_croissant,Butter Croissant,Pastry,morning,17,1.1937499999999999
2026-01-16,chocolate_cookie,Chocolate Cookie,Dessert,evening,1,1.1
2026-01-16,chocolate_cookie,Chocolate Cookie,Dessert,midday,2,1.1
2026-01-16,chocolate_cookie,Chocolate Cookie,Dessert,morning,3,1.1
2026-01-16,coffee_bun_sweet_bun,Coffee Bun / Sweet Bun,Pastry,morning,2,2.2
2026-01-16,country_sourdough,Country Sourdough,Bread,evening,11,1.4555555555555555
2026-01-16,country_sourdough,Country Sourdough,Bread,midday,8,1.99375
2026-01-16,country_sourdough,Country Sourdough,Bread,morning,9,1.9166666666666667
2026-01-16,fruit_tart,Fruit Tart,Dessert,evening,5,2.1
2026-01-16,fruit_tart,Fruit Tart,Dessert,midday,3,2.1
2026-01-16,fruit_tart,Fruit Tart,Dessert,morning,1,2.1
2026-01-16,ham_cheese_sandwich,Ham & Cheese Sandwich,Savory,midday,18,5.923076923076923
2026-01-16,ham_cheese_sandwich,Ham & Cheese Sandwich,Savory,morning,6,5.333333333333333
2026-01-16,pain_au_chocolat,Pain au Chocolat,Pastry,evening,1,1.25
2026-01-16,pain_au_chocolat,Pain au Chocolat,Pastry,morning,14,1.25
2026-01-16,traditional_baguette,Traditional Baguette,Bread,evening,20,1.1214285714285714
2026-01-16,traditional_baguette,Traditional Baguette,Bread,midday,70,1.219607843137255
2026-01-16,traditional_baguette,Traditional Baguette,Bread,morning,63,1.1872340425531915
2026-01-17,brioche,Brioche,Pastry,morning,3,6.0
2026-01-17,butter_croissant,Butter Croissant,Pastry,evening,4,1.15
2026-01-17,butter_croissant,Butter Croissant,Pastry,midday,4,1.15
2026-01-17,butter_croissant,Butter Croissant,Pastry,morning,70,1.1769230769230767
2026-01-17,chocolate_cookie,Chocolate Cookie,Dessert,evening,2,1.1
2026-01-17,chocolate_cookie,Chocolate Cookie,Dessert,morning,4,1.1
2026-01-17,coffee_bun_sweet_bun,Coffee Bun / Sweet Bun,Pastry,evening,1,8.0
2026-01-17,coffee_bun_sweet_bun,Coffee Bun / Sweet Bun,Pastry,midday,3,5.1
2026-01-17,country_sourdough,Country Sourdough,Bread,evening,11,1.5545454545454547
2026-01-17,country_sourdough,Country Sourdough,Bread,midday,12,1.4181818181818182
2026-01-17,country_sourdough,Country Sourdough,Bread,morning,24,1.7136363636363638
2026-01-17,fruit_tart,Fruit Tart,Dessert,evening,2,6.05
2026-01-17,fruit_tart,Fruit Tart,Dessert,midday,2,2.1
2026-01-17,fruit_tart,Fruit Tart,Dessert,morning,13,7.225
2026-01-17,ham_cheese_sandwich,Ham & Cheese Sandwich,Savory,midday,8,5.8
2026-01-17,ham_cheese_sandwich,Ham & Cheese Sandwich,Savory,morning,6,5.5
2026-01-17,pain_au_chocolat,Pain au Chocolat,Pastry,evening,2,1.25
2026-01-17,pain_au_chocolat,Pain au Chocolat,Pastry,morning,42,1.25
2026-01-17,traditional_baguette,Traditional Baguette,Bread,evening,23,1.2269230769230768
2026-01-17,traditional_baguette,Traditional Baguette,Bread,midday,68,1.1488095238095237
2026-01-17,traditional_baguette,Traditional Baguette,Bread,morning,181,1.20625
2026-01-18,brioche,Brioche,Pastry,morning,6,6.0
2026-01-18,butter_croissant,Butter Croissant,Pastry,midday,4,1.5
2026-01-18,butter_croissant,Butter Croissant,Pastry,morning,121,1.1928571428571428
2026-01-18,chocolate_cookie,Chocolate Cookie,Dessert,midday,3,1.1
2026-01-18,chocolate_cookie,Chocolate Cookie,Dessert,morning,5,1.1
2026-01-18,coffee_bun_sweet_bun,Coffee Bun / Sweet Bun,Pastry,midday,2,2.2
2026-01-18,coffee_bun_sweet_bun,Coffee Bun / Sweet Bun,Pastry,morning,8,5.68
2026-01-18,country_sourdough,Country Sourdough,Bread,midday,15,1.7571428571428573
2026-01-18,country_sourdough,Country Sourdough,Bread,morning,43,1.7144736842105264
2026-01-18,fruit_tart,Fruit Tart,Dessert,midday,17,6.1000000000000005
2026-01-18,fruit_tart,Fruit Tart,Dessert,morning,18,4.6625
2026-01-18,ham_cheese_sandwich,Ham & Cheese Sandwich,Savory,midday,5,5.333333333333333
2026-01-18,ham_cheese_sandwich,Ham & Cheese Sandwich,Savory,morning,4,6.0
2026-01-18,pain_au_chocolat,Pain au Chocolat,Pastry,midday,4,1.25
2026-01-18,pain_au_chocolat,Pain au Chocolat,Pastry,morning,87,1.25
2026-01-18,traditional_baguette,Traditional Baguette,Bread,midday,141,1.2206896551724138
2026-01-18,traditional_baguette,Traditional Baguette,Bread,morning,222,1.198031496062992
2026-01-19,brioche,Brioche,Pastry,evening,1,6.0
2026-01-19,brioche,Brioche,Pastry,midday,1,6.0
2026-01-19,butter_croissant,Butter Croissant,Pastry,evening,5,1.3833333333333335
2026-01-19,butter_croissant,Butter Croissant,Pastry,midday,6,1.15
2026-01-19,butter_croissant,Butter Croissant,Pastry,morning,30,1.15
2026-01-19,chocolate_cookie,Chocolate Cookie,Dessert,midday,3,1.1
2026-01-19,country_sourdough,Country Sourdough,Bread,evening,6,2.05
2026-01-19,country_sourdough,Country Sourdough,Bread,midday,10,1.8050000000000002
2026-01-19,country_sourdough,Country Sourdough,Bread,morning,20,1.884375
2026-01-19,fruit_tart,Fruit Tart,Dessert,evening,2,2.1
2026-01-19,fruit_tart,Fruit Tart,Dessert,midday,2,2.1
2026-01-19,fruit_tart,Fruit Tart,Dessert,morning,1,2.1
2026-01-19,ham_cheese_sandwich,Ham & Cheese Sandwich,Savory,midday,26,5.909090909090909
2026-01-19,ham_cheese_sandwich,Ham & Cheese Sandwich,Savory,morning,3,4.666666666666667
2026-01-19,pain_au_chocolat,Pain au Chocolat,Pastry,evening,2,1.25
2026-01-19,pain_au_chocolat,Pain au Chocolat,Pastry,midday,5,1.25
2026-01-19,pain_au_chocolat,Pain au Chocolat,Pastry,morning,22,1.25
2026-01-19,traditional_baguette,Traditional Baguette,Bread,evening,24,1.1975
2026-01-19,traditional_baguette,Traditional Baguette,Bread,midday,57,1.2116279069767442
2026-01-19,traditional_baguette,Traditional Baguette,Bread,morning,72,1.1905660377358491
2026-01-20,butter_croissant,Butter Croissant,Pastry,evening,9,1.15
2026-01-20,butter_croissant,Butter Croissant,Pastry,midday,2,1.15
2026-01-20,butter_croissant,Butter Croissant,Pastry,morning,27,1.2083333333333333
2026-01-20,chocolate_cookie,Chocolate Cookie,Dessert,evening,5,1.1
2026-01-20,coffee_bun_sweet_bun,Coffee Bun / Sweet Bun,Pastry,evening,4,2.2
2026-01-20,coffee_bun_sweet_bun,Coffee Bun / Sweet Bun,Pastry,midday,1,2.2
2026-01-20,coffee_bun_sweet_bun,Coffee Bun / Sweet Bun,Pastry,morning,2,2.2
2026-01-20,country_sourdough,Country Sourdough,Bread,evening,7,1.3285714285714287
2026-01-20,country_sourdough,Country Sourdough,Bread,midday,16,1.7142857142857142
2026-01-20,country_sourdough,Country Sourdough,Bread,morning,18,1.911764705882353
2026-01-20,fruit_tart,Fruit Tart,Dessert,evening,2,2.1
2026-01-20,fruit_tart,Fruit Tart,Dessert,midday,1,2.1
2026-01-20,fruit_tart,Fruit Tart,Dessert,morning,1,2.1
2026-01-20,ham_cheese_sandwich,Ham & Cheese Sandwich,Savory,midday,15,5.857142857142857
2026-01-20,ham_cheese_sandwich,Ham & Cheese Sandwich,Savory,morning,2,5.0
2026-01-20,pain_au_chocolat,Pain au Chocolat,Pastry,morning,40,1.25
2026-01-20,traditional_baguette,Traditional Baguette,Bread,evening,49,1.2085714285714284
2026-01-20,traditional_baguette,Traditional Baguette,Bread,midday,55,1.1608108108108108
2026-01-20,traditional_baguette,Traditional Baguette,Bread,morning,58,1.1810810810810812
2026-01-21,brioche,Brioche,Pastry,evening,1,6.0
2026-01-21,butter_croissant,Butter Croissant,Pastry,midday,7,1.15
2026-01-21,butter_croissant,Butter Croissant,Pastry,morning,25,1.15
2026-01-21,chocolate_cookie,Chocolate Cookie,Dessert,evening,2,1.1
2026-01-21,chocolate_cookie,Chocolate Cookie,Dessert,morning,1,1.1
2026-01-21,coffee_bun_sweet_bun,Coffee Bun / Sweet Bun,Pastry,evening,1,2.2
2026-01-21,coffee_bun_sweet_bun,Coffee Bun / Sweet Bun,Pastry,morning,1,2.2
2026-01-21,country_sourdough,Country Sourdough,Bread,evening,8,1.8125
2026-01-21,country_sourdough,Country Sourdough,Bread,midday,9,1.6277777777777778
2026-01-21,country_sourdough,Country Sourdough,Bread,morning,21,1.596875
2026-01-21,fruit_tart,Fruit Tart,Dessert,midday,8,2.1
2026-01-21,ham_cheese_sandwich,Ham & Cheese Sandwich,Savory,evening,1,5.0
2026-01-21,ham_cheese_sandwich,Ham & Cheese Sandwich,Savory,midday,11,5.8
2026-01-21,ham_cheese_sandwich,Ham & Cheese Sandwich,Savory,morning,4,4.75
2026-01-21,pain_au_chocolat,Pain au Chocolat,Pastry,evening,6,1.25
2026-01-21,pain_au_chocolat,Pain au Chocolat,Pastry,midday,1,1.25
2026-01-21,pain_au_chocolat,Pain au Chocolat,Pastry,morning,23,1.25
2026-01-21,traditional_baguette,Traditional Baguette,Bread,evening,29,1.3192307692307692
2026-01-21,traditional_baguette,Traditional Baguette,Bread,midday,46,1.1671428571428573
2026-01-21,traditional_baguette,Traditional Baguette,Bread,morning,54,1.180232558139535
2026-01-22,brioche,Brioche,Pastry,evening,2,6.0
2026-01-22,brioche,Brioche,Pastry,morning,1,6.0
2026-01-22,brownie,Brownie,Dessert,morning,1,2.5
2026-01-22,butter_croissant,Butter Croissant,Pastry,evening,6,1.2899999999999998
2026-01-22,butter_croissant,Butter Croissant,Pastry,midday,3,1.2666666666666666
2026-01-22,butter_croissant,Butter Croissant,Pastry,morning,36,1.1911764705882353
2026-01-22,chocolate_cookie,Chocolate Cookie,Dessert,midday,2,1.1
2026-01-22,country_sourdough,Country Sourdough,Bread,evening,4,1.7125
2026-01-22,country_sourdough,Country Sourdough,Bread,midday,7,1.5071428571428573
2026-01-22,country_sourdough,Country Sourdough,Bread,morning,15,1.5
2026-01-22,fruit_tart,Fruit Tart,Dessert,evening,1,2.1
2026-01-22,fruit_tart,Fruit Tart,Dessert,midday,2,2.1
2026-01-22,ham_cheese_sandwich,Ham & Cheese Sandwich,Savory,midday,13,6.384615384615385
2026-01-22,ham_cheese_sandwich,Ham & Cheese Sandwich,Savory,morning,5,4.5
2026-01-22,pain_au_chocolat,Pain au Chocolat,Pastry,evening,4,1.25
2026-01-22,pain_au_chocolat,Pain au Chocolat,Pastry,midday,5,1.25
2026-01-22,pain_au_chocolat,Pain au Chocolat,Pastry,morning,20,1.25
2026-01-22,traditional_baguette,Traditional Baguette,Bread,evening,39,1.1982142857142857
2026-01-22,traditional_baguette,Traditional Baguette,Bread,midday,44,1.1828571428571428
2026-01-22,traditional_baguette,Traditional Baguette,Bread,morning,87,1.1804347826086956
2026-01-23,brioche,Brioche,Pastry,morning,2,6.0
2026-01-23,butter_croissant,Butter Croissant,Pastry,evening,2,1.15
2026-01-23,butter_croissant,Butter Croissant,Pastry,midday,5,1.15
2026-01-23,butter_croissant,Butter Croissant,Pastry,morning,34,1.2117647058823529
2026-01-23,chocolate_cookie,Chocolate Cookie,Dessert,evening,4,1.1
2026-01-23,chocolate_cookie,Chocolate Cookie,Dessert,midday,3,1.1
2026-01-23,coffee_bun_sweet_bun,Coffee Bun / Sweet Bun,Pastry,evening,3,5.1
2026-01-23,coffee_bun_sweet_bun,Coffee Bun / Sweet Bun,Pastry,midday,1,2.2
2026-01-23,country_sourdough,Country Sourdough,Bread,evening,8,1.98125
2026-01-23,country_sourdough,Country Sourdough,Bread,midday,7,1.6500000000000001
2026-01-23,country_sourdough,Country Sourdough,Bread,morning,15,1.7607142857142857
2026-01-23,fruit_tart,Fruit Tart,Dessert,evening,1,2.1
2026-01-23,fruit_tart,Fruit Tart,Dessert,midday,4,2.1
2026-01-23,fruit_tart,Fruit Tart,Dessert,morning,2,14.0
2026-01-23,ham_cheese_sandwich,Ham & Cheese Sandwich,Savory,midday,14,6.416666666666667
2026-01-23,ham_cheese_sandwich,Ham & Cheese Sandwich,Savory,morning,3,6.333333333333333
2026-01-23,pain_au_chocolat,Pain au Chocolat,Pastry,morning,34,1.25
2026-01-23,traditional_baguette,Traditional Baguette,Bread,evening,45,1.1982142857142857
2026-01-23,traditional_baguette,Traditional Baguette,Bread,midday,72,1.193478260869565
2026-01-23,traditional_baguette,Traditional Baguette,Bread,morning,70,1.1837209302325582
2026-01-24,brioche,Brioche,Pastry,evening,1,6.0
2026-01-24,brioche,Brioche,Pastry,midday,1,6.0
2026-01-24,butter_croissant,Butter Croissant,Pastry,evening,2,1.15
2026-01-24,butter_croissant,Butter Croissant,Pastry,midday,6,1.2374999999999998
2026-01-24,butter_croissant,Butter Croissant,Pastry,morning,39,1.15
2026-01-24,chocolate_cookie,Chocolate Cookie,Dessert,evening,3,1.1
2026-01-24,chocolate_cookie,Chocolate Cookie,Dessert,midday,5,1.1
2026-01-24,chocolate_cookie,Chocolate Cookie,Dessert,morning,3,1.1
2026-01-24,coffee_bun_sweet_bun,Coffee Bun / Sweet Bun,Pastry,morning,3,6.066666666666666
2026-01-24,country_sourdough,Country Sourdough,Bread,evening,6,1.7083333333333333
2026-01-24,country_sourdough,Country Sourdough,Bread,midday,16,1.6966666666666665
2026-01-24,country_sourdough,Country Sourdough,Bread,morning,23,1.9205882352941175
2026-01-24,fruit_tart,Fruit Tart,Dessert,evening,3,10.033333333333333
2026-01-24,fruit_tart,Fruit Tart,Dessert,midday,3,11.033333333333333
2026-01-24,fruit_tart,Fruit Tart,Dessert,morning,1,2.1
2026-01-24,ham_cheese_sandwich,Ham & Cheese Sandwich,Savory,midday,18,5.583333333333333
2026-01-24,ham_cheese_sandwich,Ham & Cheese Sandwich,Savory,morning,3,7.0
2026-01-24,pain_au_chocolat,Pain au Chocolat,Pastry,evening,3,1.25
2026-01-24,pain_au_chocolat,Pain au Chocolat,Pastry,midday,2,1.25
2026-01-24,pain_au_chocolat,Pain au Chocolat,Pastry,morning,29,1.25
2026-01-24,traditional_baguette,Traditional Baguette,Bread,evening,58,1.1897058823529412
2026-01-24,traditional_baguette,Traditional Baguette,Bread,midday,117,1.2134920634920636
2026-01-24,traditional_baguette,Traditional Baguette,Bread,morning,96,1.1841269841269841
2026-01-25,brioche,Brioche,Pastry,midday,1,6.0
2026-01-25,brioche,Brioche,Pastry,morning,3,6.0
2026-01-25,butter_croissant,Butter Croissant,Pastry,midday,3,1.5
2026-01-25,butter_croissant,Butter Croissant,Pastry,morning,101,1.18
2026-01-25,chocolate_cookie,Chocolate Cookie,Dessert,morning,3,1.1
2026-01-25,coffee_bun_sweet_bun,Coffee Bun / Sweet Bun,Pastry,midday,7,4.5200000000000005
2026-01-25,coffee_bun_sweet_bun,Coffee Bun / Sweet Bun,Pastry,morning,2,2.2
2026-01-25,country_sourdough,Country Sourdough,Bread,midday,15,1.6464285714285716
2026-01-25,country_sourdough,Country Sourdough,Bread,morning,40,1.7941176470588236
2026-01-25,fruit_tart,Fruit Tart,Dessert,midday,8,9.940000000000001
2026-01-25,fruit_tart,Fruit Tart,Dessert,morning,18,5.29
2026-01-25,ham_cheese_sandwich,Ham & Cheese Sandwich,Savory,morning,1,5.0
2026-01-25,pain_au_chocolat,Pain au Chocolat,Pastry,midday,3,1.25
2026-01-25,pain_au_chocolat,Pain au Chocolat,Pastry,morning,65,1.25
2026-01-25,traditional_baguette,Traditional Baguette,Bread,midday,140,1.2213414634146342
2026-01-25,traditional_baguette,Traditional Baguette,Bread,morning,199,1.1810077519379845
2026-01-26,brioche,Brioche,Pastry,evening,1,6.0
2026-01-26,brioche,Brioche,Pastry,midday,1,6.0
2026-01-26,butter_croissant,Butter Croissant,Pastry,evening,4,1.5
2026-01-26,butter_croissant,Butter Croissant,Pastry,midday,2,1.15
2026-01-26,butter_croissant,Butter Croissant,Pastry,morning,44,1.1684210526315788
2026-01-26,chocolate_cookie,Chocolate Cookie,Dessert,evening,1,1.1
2026-01-26,chocolate_cookie,Chocolate Cookie,Dessert,morning,1,1.1
2026-01-26,coffee_bun_sweet_bun,Coffee Bun / Sweet Bun,Pastry,evening,1,2.2
2026-01-26,country_sourdough,Country Sourdough,Bread,evening,13,1.6727272727272726
2026-01-26,country_sourdough,Country Sourdough,Bread,midday,9,1.3888888888888888
2026-01-26,country_sourdough,Country Sourdough,Bread,morning,16,1.75
2026-01-26,fruit_tart,Fruit Tart,Dessert,midday,4,2.1
2026-01-26,fruit_tart,Fruit Tart,Dessert,morning,1,2.1
2026-01-26,ham_cheese_sandwich,Ham & Cheese Sandwich,Savory,midday,21,7.0
2026-01-26,ham_cheese_sandwich,Ham & Cheese Sandwich,Savory,morning,3,5.666666666666667
2026-01-26,pain_au_chocolat,Pain au Chocolat,Pastry,evening,3,1.25
2026-01-26,pain_au_chocolat,Pain au Chocolat,Pastry,morning,17,1.25
2026-01-26,traditional_baguette,Traditional Baguette,Bread,evening,37,1.23
2026-01-26,traditional_baguette,Traditional Baguette,Bread,midday,75,1.1641509433962265
2026-01-26,traditional_baguette,Traditional Baguette,Bread,morning,105,1.163846153846154
2026-01-27,brioche,Brioche,Pastry,evening,1,6.0
2026-01-27,brioche,Brioche,Pastry,morning,2,6.0
2026-01-27,butter_croissant,Butter Croissant,Pastry,midday,2,1.5
2026-01-27,butter_croissant,Butter Croissant,Pastry,morning,14,1.185
2026-01-27,chocolate_cookie,Chocolate Cookie,Dessert,morning,4,1.1
2026-01-27,coffee_bun_sweet_bun,Coffee Bun / Sweet Bun,Pastry,evening,1,2.2
2026-01-27,coffee_bun_sweet_bun,Coffee Bun / Sweet Bun,Pastry,morning,1,2.2
2026-01-27,country_sourdough,Country Sourdough,Bread,evening,7,1.75
2026-01-27,country_sourdough,Country Sourdough,Bread,midday,14,1.7454545454545454
2026-01-27,country_sourdough,Country Sourdough,Bread,morning,12,1.535
2026-01-27,fruit_tart,Fruit Tart,Dessert,midday,1,10.0
2026-01-27,fruit_tart,Fruit Tart,Dessert,morning,3,2.1
2026-01-27,ham_cheese_sandwich,Ham & Cheese Sandwich,Savory,evening,2,5.5
2026-01-27,ham_cheese_sandwich,Ham & Cheese Sandwich,Savory,midday,18,5.375
2026-01-27,ham_cheese_sandwich,Ham & Cheese Sandwich,Savory,morning,7,5.285714285714286
2026-01-27,pain_au_chocolat,Pain au Chocolat,Pastry,evening,2,1.275
2026-01-27,pain_au_chocolat,Pain au Chocolat,Pastry,midday,2,1.25
2026-01-27,pain_au_chocolat,Pain au Chocolat,Pastry,morning,15,1.25
2026-01-27,traditional_baguette,Traditional Baguette,Bread,evening,46,1.2411764705882353
2026-01-27,traditional_baguette,Traditional Baguette,Bread,midday,61,1.172972972972973
2026-01-27,traditional_baguette,Traditional Baguette,Bread,morning,58,1.1552631578947368
2026-01-28,brioche,Brioche,Pastry,midday,1,6.0
2026-01-28,brioche,Brioche,Pastry,morning,1,6.0
2026-01-28,butter_croissant,Butter Croissant,Pastry,evening,3,1.2
2026-01-28,butter_croissant,Butter Croissant,Pastry,morning,14,1.2571428571428573
2026-01-28,chocolate_cookie,Chocolate Cookie,Dessert,evening,2,1.1
2026-01-28,chocolate_cookie,Chocolate Cookie,Dessert,morning,3,1.1
2026-01-28,country_sourdough,Country Sourdough,Bread,evening,7,2.0
2026-01-28,country_sourdough,Country Sourdough,Bread,midday,7,2.157142857142857
2026-01-28,country_sourdough,Country Sourdough,Bread,morning,17,1.9454545454545455
2026-01-28,fruit_tart,Fruit Tart,Dessert,midday,2,2.2
2026-01-28,ham_cheese_sandwich,Ham & Cheese Sandwich,Savory,midday,16,6.090909090909091
2026-01-28,ham_cheese_sandwich,Ham & Cheese Sandwich,Savory,morning,3,7.0
2026-01-28,pain_au_chocolat,Pain au Chocolat,Pastry,evening,4,1.3
2026-01-28,pain_au_chocolat,Pain au Chocolat,Pastry,midday,4,1.3
2026-01-28,pain_au_chocolat,Pain au Chocolat,Pastry,morning,8,1.3
2026-01-28,traditional_baguette,Traditional Baguette,Bread,evening,51,1.2906250000000001
2026-01-28,traditional_baguette,Traditional Baguette,Bread,midday,56,1.25
2026-01-28,traditional_baguette,Traditional Baguette,Bread,morning,47,1.2225806451612902
2026-01-29,brioche,Brioche,Pastry,midday,1,6.0
2026-01-29,brioche,Brioche,Pastry,morning,1,6.0
2026-01-29,butter_croissant,Butter Croissant,Pastry,evening,15,1.28
2026-01-29,butter_croissant,Butter Croissant,Pastry,midday,3,1.2
2026-01-29,butter_croissant,Butter Croissant,Pastry,morning,9,1.2666666666666666
2026-01-29,chocolate_cookie,Chocolate Cookie,Dessert,morning,4,1.1
2026-01-29,coffee_bun_sweet_bun,Coffee Bun / Sweet Bun,Pastry,midday,2,2.3
2026-01-29,country_sourdough,Country Sourdough,Bread,evening,7,2.0142857142857142
2026-01-29,country_sourdough,Country Sourdough,Bread,midday,10,1.8800000000000001
2026-01-29,country_sourdough,Country Sourdough,Bread,morning,16,1.8375
2026-01-29,fruit_tart,Fruit Tart,Dessert,evening,2,2.2
2026-01-29,fruit_tart,Fruit Tart,Dessert,midday,1,2.2
2026-01-29,fruit_tart,Fruit Tart,Dessert,morning,6,2.2
2026-01-29,ham_cheese_sandwich,Ham & Cheese Sandwich,Savory,midday,25,6.0
2026-01-29,ham_cheese_sandwich,Ham & Cheese Sandwich,Savory,morning,5,5.75
2026-01-29,pain_au_chocolat,Pain au Chocolat,Pastry,evening,13,1.3
2026-01-29,pain_au_chocolat,Pain au Chocolat,Pastry,midday,4,1.3
2026-01-29,pain_au_chocolat,Pain au Chocolat,Pastry,morning,24,1.3
2026-01-29,traditional_baguette,Traditional Baguette,Bread,evening,41,1.256451612903226
2026-01-29,traditional_baguette,Traditional Baguette,Bread,midday,61,1.2429999999999999
2026-01-29,traditional_baguette,Traditional Baguette,Bread,morning,84,1.226530612244898
2026-01-30,brioche,Brioche,Pastry,morning,1,6.0
2026-01-30,butter_croissant,Butter Croissant,Pastry,evening,6,1.2
2026-01-30,butter_croissant,Butter Croissant,Pastry,midday,8,1.3333333333333333
2026-01-30,butter_croissant,Butter Croissant,Pastry,morning,24,1.2333333333333332
2026-01-30,chocolate_cookie,Chocolate Cookie,Dessert,morning,8,1.1
2026-01-30,coffee_bun_sweet_bun,Coffee Bun / Sweet Bun,Pastry,midday,2,5.65
2026-01-30,country_sourdough,Country Sourdough,Bread,evening,8,1.7875
2026-01-30,country_sourdough,Country Sourdough,Bread,midday,8,1.875
2026-01-30,country_sourdough,Country Sourdough,Bread,morning,19,1.6941176470588235
2026-01-30,fruit_tart,Fruit Tart,Dessert,midday,3,2.2
2026-01-30,fruit_tart,Fruit Tart,Dessert,morning,1,2.2
2026-01-30,ham_cheese_sandwich,Ham & Cheese Sandwich,Savory,midday,22,6.388888888888889
2026-01-30,ham_cheese_sandwich,Ham & Cheese Sandwich,Savory,morning,4,5.0
2026-01-30,pain_au_chocolat,Pain au Chocolat,Pastry,evening,7,1.3
2026-01-30,pain_au_chocolat,Pain au Chocolat,Pastry,midday,4,1.3
2026-01-30,pain_au_chocolat,Pain au Chocolat,Pastry,morning,28,1.3000000000000003
2026-01-30,traditional_baguette,Traditional Baguette,Bread,evening,30,1.2676470588235293
2026-01-30,traditional_baguette,Traditional Baguette,Bread,midday,68,1.253
2026-01-30,traditional_baguette,Traditional Baguette,Bread,morning,84,1.2777777777777777
2026-01-31,brioche,Brioche,Pastry,evening,2,6.0
2026-01-31,brioche,Brioche,Pastry,morning,1,6.0
2026-01-31,butter_croissant,Butter Croissant,Pastry,evening,2,1.4
2026-01-31,butter_croissant,Butter Croissant,Pastry,midday,3,1.4666666666666668
2026-01-31,butter_croissant,Butter Croissant,Pastry,morning,37,1.2727272727272727
2026-01-31,chocolate_cookie,Chocolate Cookie,Dessert,evening,2,1.1
2026-01-31,chocolate_cookie,Chocolate Cookie,Dessert,midday,4,1.1
2026-01-31,chocolate_cookie,Chocolate Cookie,Dessert,morning,4,1.1
2026-01-31,coffee_bun_sweet_bun,Coffee Bun / Sweet Bun,Pastry,morning,1,2.3
2026-01-31,country_sourdough,Country Sourdough,Bread,evening,7,1.5166666666666666
2026-01-31,country_sourdough,Country Sourdough,Bread,midday,12,2.13
2026-01-31,country_sourdough,Country Sourdough,Bread,morning,27,1.8481481481481483
2026-01-31,fruit_tart,Fruit Tart,Dessert,evening,4,2.85
2026-01-31,fruit_tart,Fruit Tart,Dessert,midday,11,6.0
2026-01-31,fruit_tart,Fruit Tart,Dessert,morning,4,12.4
2026-01-31,ham_cheese_sandwich,Ham & Cheese Sandwich,Savory,evening,1,5.0
2026-01-31,ham_cheese_sandwich,Ham & Cheese Sandwich,Savory,midday,3,6.0
2026-01-31,ham_cheese_sandwich,Ham & Cheese Sandwich,Savory,morning,1,7.0
2026-01-31,pain_au_chocolat,Pain au Chocolat,Pastry,evening,4,1.3
2026-01-31,pain_au_chocolat,Pain au Chocolat,Pastry,midday,1,1.3
2026-01-31,pain_au_chocolat,Pain au Chocolat,Pastry,morning,35,1.3
2026-01-31,traditional_baguette,Traditional Baguette,Bread,evening,52,1.223529411764706
2026-01-31,traditional_baguette,Traditional Baguette,Bread,midday,79,1.2383928571428573
2026-01-31,traditional_baguette,Traditional Baguette,Bread,morning,127,1.2253164556962024
2026-02-01,brioche,Brioche,Pastry,midday,3,6.0
2026-02-01,brioche,Brioche,Pastry,morning,3,6.0
2026-02-01,butter_croissant,Butter Croissant,Pastry,midday,14,1.2666666666666666
2026-02-01,butter_croissant,Butter Croissant,Pastry,morning,90,1.248780487804878
2026-02-01,chocolate_cookie,Chocolate Cookie,Dessert,midday,3,1.1
2026-02-01,chocolate_cookie,Chocolate Cookie,Dessert,morning,4,1.1
2026-02-01,coffee_bun_sweet_bun,Coffee Bun / Sweet Bun,Pastry,midday,13,5.65
2026-02-01,coffee_bun_sweet_bun,Coffee Bun / Sweet Bun,Pastry,morning,2,2.3
2026-02-01,country_sourdough,Country Sourdough,Bread,midday,20,2.0058823529411764
2026-02-01,country_sourdough,Country Sourdough,Bread,morning,43,1.8054054054054054
2026-02-01,fruit_tart,Fruit Tart,Dessert,midday,21,7.835714285714286
2026-02-01,fruit_tart,Fruit Tart,Dessert,morning,39,5.147619047619048
2026-02-01,ham_cheese_sandwich,Ham & Cheese Sandwich,Savory,midday,2,5.0
2026-02-01,ham_cheese_sandwich,Ham & Cheese Sandwich,Savory,morning,1,4.0
2026-02-01,pain_au_chocolat,Pain au Chocolat,Pastry,midday,7,1.3
2026-02-01,pain_au_chocolat,Pain au Chocolat,Pastry,morning,53,1.3
2026-02-01,traditional_baguette,Traditional Baguette,Bread,midday,187,1.2546610169491526
2026-02-01,traditional_baguette,Traditional Baguette,Bread,morning,237,1.223263888888889
2026-02-02,brioche,Brioche,Pastry,evening,1,6.0
2026-02-02,brioche,Brioche,Pastry,morning,2,6.0
2026-02-02,butter_croissant,Butter Croissant,Pastry,midday,2,1.2
2026-02-02,butter_croissant,Butter Croissant,Pastry,morning,36,1.2
2026-02-02,chocolate_cookie,Chocolate Cookie,Dessert,evening,2,1.1
2026-02-02,coffee_bun_sweet_bun,Coffee Bun / Sweet Bun,Pastry,morning,1,2.3
2026-02-02,country_sourdough,Country Sourdough,Bread,evening,4,2.35
2026-02-02,country_sourdough,Country Sourdough,Bread,midday,16,1.7733333333333334
2026-02-02,country_sourdough,Country Sourdough,Bread,morning,29,1.7923076923076924
2026-02-02,fruit_tart,Fruit Tart,Dessert,morning,3,2.2
2026-02-02,ham_cheese_sandwich,Ham & Cheese Sandwich,Savory,midday,16,5.833333333333333
2026-02-02,ham_cheese_sandwich,Ham & Cheese Sandwich,Savory,morning,9,5.666666666666667
2026-02-02,pain_au_chocolat,Pain au Chocolat,Pastry,evening,5,1.3
2026-02-02,pain_au_chocolat,Pain au Chocolat,Pastry,morning,21,1.3
2026-02-02,traditional_baguette,Traditional Baguette,Bread,evening,53,1.2634146341463415
2026-02-02,traditional_baguette,Traditional Baguette,Bread,midday,83,1.2344262295081967
2026-02-02,traditional_baguette,Traditional Baguette,Bread,morning,105,1.2212121212121214
2026-02-03,brioche,Brioche,Pastry,morning,1,6.0
2026-02-03,butter_croissant,Butter Croissant,Pastry,evening,7,1.4
2026-02-03,butter_croissant,Butter Croissant,Pastry,morning,23,1.2571428571428573
2026-02-03,chocolate_cookie,Chocolate Cookie,Dessert,evening,4,1.15
2026-02-03,chocolate_cookie,Chocolate Cookie,Dessert,midday,1,1.1
2026-02-03,chocolate_cookie,Chocolate Cookie,Dessert,morning,11,1.1
2026-02-03,coffee_bun_sweet_bun,Coffee Bun / Sweet Bun,Pastry,evening,2,2.3
2026-02-03,country_sourdough,Country Sourdough,Bread,evening,6,1.6333333333333335
2026-02-03,country_sourdough,Country Sourdough,Bread,midday,16,1.95625
2026-02-03,country_sourdough,Country Sourdough,Bread,morning,21,1.8368421052631578
2026-02-03,fruit_tart,Fruit Tart,Dessert,evening,1,10.0
2026-02-03,fruit_tart,Fruit Tart,Dessert,morning,5,2.2
2026-02-03,ham_cheese_sandwich,Ham & Cheese Sandwich,Savory,midday,15,5.928571428571429
2026-02-03,ham_cheese_sandwich,Ham & Cheese Sandwich,Savory,morning,9,5.0
2026-02-03,pain_au_chocolat,Pain au Chocolat,Pastry,evening,1,1.3
2026-02-03,pain_au_chocolat,Pain au Chocolat,Pastry,midday,4,1.3
2026-02-03,pain_au_chocolat,Pain au Chocolat,Pastry,morning,25,1.3000000000000003
2026-02-03,traditional_baguette,Traditional Baguette,Bread,evening,62,1.2775
2026-02-03,traditional_baguette,Traditional Baguette,Bread,midday,59,1.2454545454545456
2026-02-03,traditional_baguette,Traditional Baguette,Bread,morning,102,1.250877192982456
2026-02-04,brioche,Brioche,Pastry,evening,3,6.0
2026-02-04,butter_croissant,Butter Croissant,Pastry,evening,12,1.4
2026-02-04,butter_croissant,Butter Croissant,Pastry,midday,2,1.6
2026-02-04,butter_croissant,Butter Croissant,Pastry,morning,22,1.2615384615384615
2026-02-04,chocolate_cookie,Chocolate Cookie,Dessert,morning,5,1.15
2026-02-04,coffee_bun_sweet_bun,Coffee Bun / Sweet Bun,Pastry,evening,1,2.3
2026-02-04,coffee_bun_sweet_bun,Coffee Bun / Sweet Bun,Pastry,midday,3,2.3
2026-02-04,country_sourdough,Country Sourdough,Bread,evening,7,1.7
2026-02-04,country_sourdough,Country Sourdough,Bread,midday,12,1.8166666666666667
2026-02-04,country_sourdough,Country Sourdough,Bread,morning,19,1.7
2026-02-04,fruit_tart,Fruit Tart,Dessert,morning,2,2.2
2026-02-04,ham_cheese_sandwich,Ham & Cheese Sandwich,Savory,midday,10,6.111111111111111
2026-02-04,ham_cheese_sandwich,Ham & Cheese Sandwich,Savory,morning,3,7.0
2026-02-04,pain_au_chocolat,Pain au Chocolat,Pastry,evening,7,1.3
2026-02-04,pain_au_chocolat,Pain au Chocolat,Pastry,midday,4,1.3
2026-02-04,pain_au_chocolat,Pain au Chocolat,Pastry,morning,26,1.3
2026-02-04,traditional_baguette,Traditional Baguette,Bread,evening,39,1.2732142857142856
2026-02-04,traditional_baguette,Traditional Baguette,Bread,midday,101,1.2414285714285715
2026-02-04,traditional_baguette,Traditional Baguette,Bread,morning,98,1.2196969696969697
2026-02-05,brioche,Brioche,Pastry,evening,1,6.0
2026-02-05,brioche,Brioche,Pastry,midday,3,6.0
2026-02-05,butter_croissant,Butter Croissant,Pastry,evening,7,1.2
2026-02-05,butter_croissant,Butter Croissant,Pastry,midday,4,1.3333333333333333
2026-02-05,butter_croissant,Butter Croissant,Pastry,morning,17,1.2363636363636363
2026-02-05,chocolate_cookie,Chocolate Cookie,Dessert,evening,3,1.15
2026-02-05,chocolate_cookie,Chocolate Cookie,Dessert,midday,6,1.15
2026-02-05,chocolate_cookie,Chocolate Cookie,Dessert,morning,4,1.15
2026-02-05,coffee_bun_sweet_bun,Coffee Bun / Sweet Bun,Pastry,evening,2,2.3
2026-02-05,coffee_bun_sweet_bun,Coffee Bun / Sweet Bun,Pastry,midday,3,2.3
2026-02-05,coffee_bun_sweet_bun,Coffee Bun / Sweet Bun,Pastry,morning,1,9.0
2026-02-05,country_sourdough,Country Sourdough,Bread,evening,7,1.7857142857142858
2026-02-05,country_sourdough,Country Sourdough,Bread,midday,9,2.022222222222222
2026-02-05,country_sourdough,Country Sourdough,Bread,morning,24,1.9090909090909092
2026-02-05,fruit_tart,Fruit Tart,Dessert,evening,7,2.2
2026-02-05,fruit_tart,Fruit Tart,Dessert,midday,12,2.2
2026-02-05,fruit_tart,Fruit Tart,Dessert,morning,3,2.2
2026-02-05,ham_cheese_sandwich,Ham & Cheese Sandwich,Savory,evening,1,4.0
2026-02-05,ham_cheese_sandwich,Ham & Cheese Sandwich,Savory,midday,17,6.3076923076923075
2026-02-05,ham_cheese_sandwich,Ham & Cheese Sandwich,Savory,morning,6,5.5
2026-02-05,pain_au_chocolat,Pain au Chocolat,Pastry,evening,3,1.3
2026-02-05,pain_au_chocolat,Pain au Chocolat,Pastry,midday,7,1.3
2026-02-05,pain_au_chocolat,Pain au Chocolat,Pastry,morning,16,1.3
2026-02-05,traditional_baguette,Traditional Baguette,Bread,evening,47,1.2816666666666667
2026-02-05,traditional_baguette,Traditional Baguette,Bread,midday,91,1.209375
2026-02-05,traditional_baguette,Traditional Baguette,Bread,morning,132,1.2364197530864198
2026-02-06,brioche,Brioche,Pastry,evening,1,6.0
2026-02-06,brioche,Brioche,Pastry,morning,2,6.0
2026-02-06,butter_croissant,Butter Croissant,Pastry,evening,6,1.3333333333333333
2026-02-06,butter_croissant,Butter Croissant,Pastry,midday,1,1.6
2026-02-06,butter_croissant,Butter Croissant,Pastry,morning,19,1.24
2026-02-06,chocolate_cookie,Chocolate Cookie,Dessert,evening,2,1.15
2026-02-06,coffee_bun_sweet_bun,Coffee Bun / Sweet Bun,Pastry,morning,3,5.65
2026-02-06,country_sourdough,Country Sourdough,Bread,evening,4,1.675
2026-02-06,country_sourdough,Country Sourdough,Bread,midday,16,2.0714285714285716
2026-02-06,country_sourdough,Country Sourdough,Bread,morning,24,1.7666666666666668
2026-02-06,fruit_tart,Fruit Tart,Dessert,evening,2,6.1
2026-02-06,fruit_tart,Fruit Tart,Dessert,morning,4,2.2
2026-02-06,ham_cheese_sandwich,Ham & Cheese Sandwich,Savory,evening,2,5.0
2026-02-06,ham_cheese_sandwich,Ham & Cheese Sandwich,Savory,midday,12,5.9
2026-02-06,ham_cheese_sandwich,Ham & Cheese Sandwich,Savory,morning,6,4.8
2026-02-06,pain_au_chocolat,Pain au Chocolat,Pastry,evening,6,1.3
2026-02-06,pain_au_chocolat,Pain au Chocolat,Pastry,midday,1,1.3
2026-02-06,pain_au_chocolat,Pain au Chocolat,Pastry,morning,26,1.3000000000000003
2026-02-06,traditional_baguette,Traditional Baguette,Bread,evening,62,1.2761904761904763
2026-02-06,traditional_baguette,Traditional Baguette,Bread,midday,69,1.266326530612245
2026-02-06,traditional_baguette,Traditional Baguette,Bread,morning,125,1.265492957746479
2026-02-07,brioche,Brioche,Pastry,midday,1,6.0
2026-02-07,brioche,Brioche,Pastry,morning,2,6.0
2026-02-07,butter_croissant,Butter Croissant,Pastry,evening,4,1.4666666666666668
2026-02-07,butter_croissant,Butter Croissant,Pastry,midday,4,1.2
2026-02-07,butter_croissant,Butter Croissant,Pastry,morning,74,1.2428571428571427
2026-02-07,coffee_bun_sweet_bun,Coffee Bun / Sweet Bun,Pastry,evening,4,9.0
2026-02-07,coffee_bun_sweet_bun,Coffee Bun / Sweet Bun,Pastry,midday,1,9.0
2026-02-07,coffee_bun_sweet_bun,Coffee Bun / Sweet Bun,Pastry,morning,4,2.3
2026-02-07,country_sourdough,Country Sourdough,Bread,evening,7,1.4285714285714286
2026-02-07,country_sourdough,Country Sourdough,Bread,midday,19,1.6125
2026-02-07,country_sourdough,Country Sourdough,Bread,morning,33,1.9357142857142857
2026-02-07,fruit_tart,Fruit Tart,Dessert,evening,10,6.12
2026-02-07,fruit_tart,Fruit Tart,Dessert,midday,5,4.0200000000000005
2026-02-07,fruit_tart,Fruit Tart,Dessert,morning,10,4.816666666666666
2026-02-07,ham_cheese_sandwich,Ham & Cheese Sandwich,Savory,evening,1,5.0
2026-02-07,ham_cheese_sandwich,Ham & Cheese Sandwich,Savory,midday,8,5.4
2026-02-07,ham_cheese_sandwich,Ham & Cheese Sandwich,Savory,morning,4,6.333333333333333
2026-02-07,pain_au_chocolat,Pain au Chocolat,Pastry,evening,1,1.3
2026-02-07,pain_au_chocolat,Pain au Chocolat,Pastry,midday,2,1.3
2026-02-07,pain_au_chocolat,Pain au Chocolat,Pastry,morning,60,1.3
2026-02-07,traditional_baguette,Traditional Baguette,Bread,evening,25,1.2894736842105263
2026-02-07,traditional_baguette,Traditional Baguette,Bread,midday,133,1.2986111111111112
2026-02-07,traditional_baguette,Traditional Baguette,Bread,morning,247,1.2473076923076925
2026-02-08,brioche,Brioche,Pastry,midday,1,6.0
2026-02-08,brioche,Brioche,Pastry,morning,3,6.0
2026-02-08,butter_croissant,Butter Croissant,Pastry,midday,4,1.4
2026-02-08,butter_croissant,Butter Croissant,Pastry,morning,130,1.2173913043478262
2026-02-08,chocolate_cookie,Chocolate Cookie,Dessert,midday,4,1.15
2026-02-08,chocolate_cookie,Chocolate Cookie,Dessert,morning,7,1.15
2026-02-08,coffee_bun_sweet_bun,Coffee Bun / Sweet Bun,Pastry,midday,5,6.766666666666667
2026-02-08,coffee_bun_sweet_bun,Coffee Bun / Sweet Bun,Pastry,morning,8,2.3
2026-02-08,country_sourdough,Country Sourdough,Bread,midday,30,1.8464285714285715
2026-02-08,country_sourdough,Country Sourdough,Bread,morning,57,1.7836734693877552
2026-02-08,fruit_tart,Fruit Tart,Dessert,midday,9,7.475
2026-02-08,fruit_tart,Fruit Tart,Dessert,morning,37,7.42
2026-02-08,ham_cheese_sandwich,Ham & Cheese Sandwich,Savory,midday,5,7.0
2026-02-08,ham_cheese_sandwich,Ham & Cheese Sandwich,Savory,morning,2,6.0
2026-02-08,pain_au_chocolat,Pain au Chocolat,Pastry,midday,6,1.3
2026-02-08,pain_au_chocolat,Pain au Chocolat,Pastry,morning,100,1.3
2026-02-08,traditional_baguette,Traditional Baguette,Bread,midday,182,1.2448598130841122
2026-02-08,traditional_baguette,Traditional Baguette,Bread,morning,311,1.249712643678161
2026-02-09,brioche,Brioche,Pastry,evening,1,6.0
2026-02-09,butter_croissant,Butter Croissant,Pastry,evening,2,1.6
2026-02-09,butter_croissant,Butter Croissant,Pastry,midday,3,1.2
2026-02-09,butter_croissant,Butter Croissant,Pastry,morning,67,1.2307692307692308
2026-02-09,chocolate_cookie,Chocolate Cookie,Dessert,morning,3,1.15
2026-02-09,coffee_bun_sweet_bun,Coffee Bun / Sweet Bun,Pastry,midday,2,2.3
2026-02-09,coffee_bun_sweet_bun,Coffee Bun / Sweet Bun,Pastry,morning,2,9.0
2026-02-09,country_sourdough,Country Sourdough,Bread,evening,9,1.657142857142857
2026-02-09,country_sourdough,Country Sourdough,Bread,midday,17,1.65625
2026-02-09,country_sourdough,Country Sourdough,Bread,morning,34,1.9
2026-02-09,fruit_tart,Fruit Tart,Dessert,evening,1,3.5
2026-02-09,fruit_tart,Fruit Tart,Dessert,midday,9,2.6333333333333333
2026-02-09,fruit_tart,Fruit Tart,Dessert,morning,1,2.2
2026-02-09,ham_cheese_sandwich,Ham & Cheese Sandwich,Savory,midday,12,6.666666666666667
2026-02-09,ham_cheese_sandwich,Ham & Cheese Sandwich,Savory,morning,10,6.0
2026-02-09,pain_au_chocolat,Pain au Chocolat,Pastry,morning,54,1.3
2026-02-09,traditional_baguette,Traditional Baguette,Bread,evening,35,1.2296296296296296
2026-02-09,traditional_baguette,Traditional Baguette,Bread,midday,128,1.244767441860465
2026-02-09,traditional_baguette,Traditional Baguette,Bread,morning,212,1.2355263157894736
2026-02-10,butter_croissant,Butter Croissant,Pastry,midday,10,1.2666666666666666
2026-02-10,butter_croissant,Butter Croissant,Pastry,morning,36,1.275
2026-02-10,chocolate_cookie,Chocolate Cookie,Dessert,evening,2,1.15
2026-02-10,chocolate_cookie,Chocolate Cookie,Dessert,midday,3,1.15
2026-02-10,chocolate_cookie,Chocolate Cookie,Dessert,morning,2,1.15
2026-02-10,coffee_bun_sweet_bun,Coffee Bun / Sweet Bun,Pastry,morning,2,2.3
2026-02-10,country_sourdough,Country Sourdough,Bread,evening,6,1.9166666666666667
2026-02-10,country_sourdough,Country Sourdough,Bread,midday,13,1.9923076923076926
2026-02-10,country_sourdough,Country Sourdough,Bread,morning,28,1.9
2026-02-10,fruit_tart,Fruit Tart,Dessert,evening,1,3.5
2026-02-10,fruit_tart,Fruit Tart,Dessert,midday,1,3.5
2026-02-10,fruit_tart,Fruit Tart,Dessert,morning,1,2.2
2026-02-10,ham_cheese_sandwich,Ham & Cheese Sandwich,Savory,evening,1,7.0
2026-02-10,ham_cheese_sandwich,Ham & Cheese Sandwich,Savory,midday,24,6.25
2026-02-10,ham_cheese_sandwich,Ham & Cheese Sandwich,Savory,morning,5,6.0
2026-02-10,pain_au_chocolat,Pain au Chocolat,Pastry,midday,5,1.3
2026-02-10,pain_au_chocolat,Pain au Chocolat,Pastry,morning,52,1.3
2026-02-10,traditional_baguette,Traditional Baguette,Bread,evening,53,1.293939393939394
2026-02-10,traditional_baguette,Traditional Baguette,Bread,midday,113,1.2297101449275363
2026-02-10,traditional_baguette,Traditional Baguette,Bread,morning,168,1.2144329896907216
2026-02-11,brioche,Brioche,Pastry,midday,2,6.0
2026-02-11,brioche,Brioche,Pastry,morning,1,6.0
2026-02-11,butter_croissant,Butter Croissant,Pastry,evening,2,1.6
2026-02-11,butter_croissant,Butter Croissant,Pastry,midday,1,1.2
2026-02-11,butter_croissant,Butter Croissant,Pastry,morning,53,1.2222222222222223
2026-02-11,chocolate_cookie,Chocolate Cookie,Dessert,evening,3,1.15
2026-02-11,chocolate_cookie,Chocolate Cookie,Dessert,midday,1,1.15
2026-02-11,chocolate_cookie,Chocolate Cookie,Dessert,morning,6,1.15
2026-02-11,coffee_bun_sweet_bun,Coffee Bun / Sweet Bun,Pastry,evening,4,2.3
2026-02-11,coffee_bun_sweet_bun,Coffee Bun / Sweet Bun,Pastry,midday,3,5.65
2026-02-11,coffee_bun_sweet_bun,Coffee Bun / Sweet Bun,Pastry,morning,1,2.3
2026-02-11,country_sourdough,Country Sourdough,Bread,evening,8,1.5571428571428572
2026-02-11,country_sourdough,Country Sourdough,Bread,midday,23,2.07
2026-02-11,country_sourdough,Country Sourdough,Bread,morning,27,1.7730769230769232
2026-02-11,fruit_tart,Fruit Tart,Dessert,evening,2,2.85
2026-02-11,fruit_tart,Fruit Tart,Dessert,midday,6,2.2
2026-02-11,fruit_tart,Fruit Tart,Dessert,morning,4,2.2
2026-02-11,ham_cheese_sandwich,Ham & Cheese Sandwich,Savory,evening,2,5.0
2026-02-11,ham_cheese_sandwich,Ham & Cheese Sandwich,Savory,midday,24,5.866666666666666
2026-02-11,ham_cheese_sandwich,Ham & Cheese Sandwich,Savory,morning,4,5.5
2026-02-11,pain_au_chocolat,Pain au Chocolat,Pastry,midday,7,1.3
2026-02-11,pain_au_chocolat,Pain au Chocolat,Pastry,morning,31,1.3
2026-02-11,traditional_baguette,Traditional Baguette,Bread,evening,35,1.1681818181818182
2026-02-11,traditional_baguette,Traditional Baguette,Bread,midday,108,1.2632352941176472
2026-02-11,traditional_baguette,Traditional Baguette,Bread,morning,207,1.2512396694214876
2026-02-12,brioche,Brioche,Pastry,midday,2,6.0
2026-02-12,brioche,Brioche,Pastry,morning,9,6.0
2026-02-12,butter_croissant,Butter Croissant,Pastry,midday,17,1.2
2026-02-12,butter_croissant,Butter Croissant,Pastry,morning,121,1.2363636363636363
2026-02-12,chocolate_cookie,Chocolate Cookie,Dessert,midday,3,1.15
2026-02-12,chocolate_cookie,Chocolate Cookie,Dessert,morning,3,1.15
2026-02-12,coffee_bun_sweet_bun,Coffee Bun / Sweet Bun,Pastry,midday,4,3.9749999999999996
2026-02-12,coffee_bun_sweet_bun,Coffee Bun / Sweet Bun,Pastry,morning,6,5.65
2026-02-12,country_sourdough,Country Sourdough,Bread,midday,11,1.9454545454545453
2026-02-12,country_sourdough,Country Sourdough,Bread,morning,61,1.9410714285714286
2026-02-12,fruit_tart,Fruit Tart,Dessert,midday,15,5.071428571428571
2026-02-12,fruit_tart,Fruit Tart,Dessert,morning,21,7.258823529411765
2026-02-12,pain_au_chocolat,Pain au Chocolat,Pastry,midday,7,1.3
2026-02-12,pain_au_chocolat,Pain au Chocolat,Pastry,morning,74,1.3
2026-02-12,traditional_baguette,Traditional Baguette,Bread,midday,204,1.2481308411214955
2026-02-12,traditional_baguette,Traditional Baguette,Bread,morning,386,1.2492610837438423
2026-02-13,brioche,Brioche,Pastry,midday,1,6.0
2026-02-13,brioche,Brioche,Pastry,morning,5,6.0
2026-02-13,butter_croissant,Butter Croissant,Pastry,morning,163,1.2260869565217392
2026-02-13,chocolate_cookie,Chocolate Cookie,Dessert,midday,7,1.15
2026-02-13,chocolate_cookie,Chocolate Cookie,Dessert,morning,5,1.15
2026-02-13,coffee_bun_sweet_bun,Coffee Bun / Sweet Bun,Pastry,midday,10,4.9799999999999995
2026-02-13,coffee_bun_sweet_bun,Coffee Bun / Sweet Bun,Pastry,morning,8,3.9749999999999996
2026-02-13,country_sourdough,Country Sourdough,Bread,midday,11,1.4909090909090907
2026-02-13,country_sourdough,Country Sourdough,Bread,morning,74,2.030952380952381
2026-02-13,fruit_tart,Fruit Tart,Dessert,midday,9,6.266666666666667
2026-02-13,fruit_tart,Fruit Tart,Dessert,morning,5,6.133333333333333
2026-02-13,ham_cheese_sandwich,Ham & Cheese Sandwich,Savory,midday,15,5.8
2026-02-13,ham_cheese_sandwich,Ham & Cheese Sandwich,Savory,morning,15,5.7
2026-02-13,pain_au_chocolat,Pain au Chocolat,Pastry,midday,5,1.3
2026-02-13,pain_au_chocolat,Pain au Chocolat,Pastry,morning,126,1.3
2026-02-13,traditional_baguette,Traditional Baguette,Bread,midday,159,1.2704081632653061
2026-02-13,traditional_baguette,Traditional Baguette,Bread,morning,341,1.229559748427673
2026-02-14,brioche,Brioche,Pastry,morning,8,6.0
2026-02-14,butter_croissant,Butter Croissant,Pastry,evening,4,1.4666666666666668
2026-02-14,butter_croissant,Butter Croissant,Pastry,midday,6,1.3333333333333333
2026-02-14,butter_croissant,Butter Croissant,Pastry,morning,160,1.229090909090909
2026-02-14,chocolate_cookie,Chocolate Cookie,Dessert,evening,2,1.15
2026-02-14,chocolate_cookie,Chocolate Cookie,Dessert,midday,10,1.15
2026-02-14,chocolate_cookie,Chocolate Cookie,Dessert,morning,6,1.15
2026-02-14,coffee_bun_sweet_bun,Coffee Bun / Sweet Bun,Pastry,evening,1,9.0
2026-02-14,coffee_bun_sweet_bun,Coffee Bun / Sweet Bun,Pastry,midday,4,5.65
2026-02-14,coffee_bun_sweet_bun,Coffee Bun / Sweet Bun,Pastry,morning,15,4.214285714285714
2026-02-14,country_sourdough,Country Sourdough,Bread,evening,17,1.8857142857142857
2026-02-14,country_sourdough,Country Sourdough,Bread,midday,37,2.0058823529411764
2026-02-14,country_sourdough,Country Sourdough,Bread,morning,56,1.9022727272727273
2026-02-14,fruit_tart,Fruit Tart,Dessert,evening,2,3.5
2026-02-14,fruit_tart,Fruit Tart,Dessert,midday,15,5.8090909090909095
2026-02-14,fruit_tart,Fruit Tart,Dessert,morning,11,10.033333333333333
2026-02-14,ham_cheese_sandwich,Ham & Cheese Sandwich,Savory,evening,1,5.0
2026-02-14,ham_cheese_sandwich,Ham & Cheese Sandwich,Savory,midday,10,5.4
2026-02-14,ham_cheese_sandwich,Ham & Cheese Sandwich,Savory,morning,19,5.9
2026-02-14,pain_au_chocolat,Pain au Chocolat,Pastry,morning,112,1.3
2026-02-14,traditional_baguette,Traditional Baguette,Bread,evening,48,1.3
2026-02-14,traditional_baguette,Traditional Baguette,Bread,midday,240,1.2538793103448278
2026-02-14,traditional_baguette,Traditional Baguette,Bread,morning,351,1.2311764705882353
2026-02-15,brioche,Brioche,Pastry,midday,2,6.0
2026-02-15,brioche,Brioche,Pastry,morning,7,6.0
2026-02-15,butter_croissant,Butter Croissant,Pastry,midday,28,1.35
2026-02-15,butter_croissant,Butter Croissant,Pastry,morning,189,1.2383561643835614
2026-02-15,chocolate_cookie,Chocolate Cookie,Dessert,midday,10,1.15
2026-02-15,chocolate_cookie,Chocolate Cookie,Dessert,morning,19,1.15
2026-02-15,coffee_bun_sweet_bun,Coffee Bun / Sweet Bun,Pastry,midday,24,3.9749999999999996
2026-02-15,coffee_bun_sweet_bun,Coffee Bun / Sweet Bun,Pastry,morning,6,6.32
2026-02-15,country_sourdough,Country Sourdough,Bread,midday,18,1.792857142857143
2026-02-15,country_sourdough,Country Sourdough,Bread,morning,75,1.8174603174603174
2026-02-15,fruit_tart,Fruit Tart,Dessert,midday,17,9.309999999999999
2026-02-15,fruit_tart,Fruit Tart,Dessert,morning,25,8.535
2026-02-15,ham_cheese_sandwich,Ham & Cheese Sandwich,Savory,midday,2,7.0
2026-02-15,ham_cheese_sandwich,Ham & Cheese Sandwich,Savory,morning,9,5.75
2026-02-15,pain_au_chocolat,Pain au Chocolat,Pastry,morning,138,1.3
2026-02-15,traditional_baguette,Traditional Baguette,Bread,midday,250,1.25625
2026-02-15,traditional_baguette,Traditional Baguette,Bread,morning,451,1.2390495867768596
2026-02-16,brioche,Brioche,Pastry,morning,2,6.0
2026-02-16,butter_croissant,Butter Croissant,Pastry,evening,2,1.6
2026-02-16,butter_croissant,Butter Croissant,Pastry,midday,4,1.2
2026-02-16,butter_croissant,Butter Croissant,Pastry,morning,105,1.2399999999999998
2026-02-16,chocolate_cookie,Chocolate Cookie,Dessert,evening,7,1.15
2026-02-16,chocolate_cookie,Chocolate Cookie,Dessert,midday,1,1.15
2026-02-16,chocolate_cookie,Chocolate Cookie,Dessert,morning,13,1.15
2026-02-16,coffee_bun_sweet_bun,Coffee Bun / Sweet Bun,Pastry,evening,2,9.0
2026-02-16,coffee_bun_sweet_bun,Coffee Bun / Sweet Bun,Pastry,midday,4,4.533333333333333
2026-02-16,country_sourdough,Country Sourdough,Bread,evening,7,2.542857142857143
2026-02-16,country_sourdough,Country Sourdough,Bread,midday,11,1.8545454545454545
2026-02-16,country_sourdough,Country Sourdough,Bread,morning,38,1.8352941176470587
2026-02-16,fruit_tart,Fruit Tart,Dessert,evening,1,2.2
2026-02-16,fruit_tart,Fruit Tart,Dessert,midday,11,2.46
2026-02-16,fruit_tart,Fruit Tart,Dessert,morning,4,2.6333333333333333
2026-02-16,ham_cheese_sandwich,Ham & Cheese Sandwich,Savory,midday,21,6.0
2026-02-16,ham_cheese_sandwich,Ham & Cheese Sandwich,Savory,morning,2,4.0
2026-02-16,pain_au_chocolat,Pain au Chocolat,Pastry,midday,5,1.3
2026-02-16,pain_au_chocolat,Pain au Chocolat,Pastry,morning,81,1.3
2026-02-16,traditional_baguette,Traditional Baguette,Bread,evening,55,1.2794117647058822
2026-02-16,traditional_baguette,Traditional Baguette,Bread,midday,138,1.2626436781609196
2026-02-16,traditional_baguette,Traditional Baguette,Bread,morning,259,1.262828947368421
2026-02-17,brioche,Brioche,Pastry,midday,2,6.0
2026-02-17,brioche,Brioche,Pastry,morning,3,6.0
2026-02-17,butter_croissant,Butter Croissant,Pastry,midday,4,1.3333333333333333
2026-02-17,butter_croissant,Butter Croissant,Pastry,morning,71,1.2
2026-02-17,chocolate_cookie,Chocolate Cookie,Dessert,midday,4,1.15
2026-02-17,chocolate_cookie,Chocolate Cookie,Dessert,morning,11,1.15
2026-02-17,coffee_bun_sweet_bun,Coffee Bun / Sweet Bun,Pastry,evening,6,7.659999999999999
2026-02-17,coffee_bun_sweet_bun,Coffee Bun / Sweet Bun,Pastry,midday,3,2.3
2026-02-17,coffee_bun_sweet_bun,Coffee Bun / Sweet Bun,Pastry,morning,3,2.3
2026-02-17,country_sourdough,Country Sourdough,Bread,evening,6,1.7666666666666666
2026-02-17,country_sourdough,Country Sourdough,Bread,midday,6,1.8166666666666667
2026-02-17,country_sourdough,Country Sourdough,Bread,morning,40,1.6823529411764706
2026-02-17,ham_cheese_sandwich,Ham & Cheese Sandwich,Savory,evening,5,4.333333333333333
2026-02-17,ham_cheese_sandwich,Ham & Cheese Sandwich,Savory,midday,11,6.363636363636363
2026-02-17,ham_cheese_sandwich,Ham & Cheese Sandwich,Savory,morning,2,4.0
2026-02-17,pain_au_chocolat,Pain au Chocolat,Pastry,evening,1,1.3
2026-02-17,pain_au_chocolat,Pain au Chocolat,Pastry,morning,51,1.3
2026-02-17,traditional_baguette,Traditional Baguette,Bread,evening,97,1.2625000000000002
2026-02-17,traditional_baguette,Traditional Baguette,Bread,midday,125,1.2621951219512195
2026-02-17,traditional_baguette,Traditional Baguette,Bread,morning,151,1.23
2026-02-18,brioche,Brioche,Pastry,midday,2,6.0
2026-02-18,brioche,Brioche,Pastry,morning,1,6.0
2026-02-18,butter_croissant,Butter Croissant,Pastry,evening,7,1.3599999999999999
2026-02-18,butter_croissant,Butter Croissant,Pastry,midday,8,1.4
2026-02-18,butter_croissant,Butter Croissant,Pastry,morning,46,1.2444444444444445
2026-02-18,chocolate_cookie,Chocolate Cookie,Dessert,evening,3,1.15
2026-02-18,chocolate_cookie,Chocolate Cookie,Dessert,midday,6,1.15
2026-02-18,chocolate_cookie,Chocolate Cookie,Dessert,morning,5,1.15
2026-02-18,coffee_bun_sweet_bun,Coffee Bun / Sweet Bun,Pastry,evening,5,2.3
2026-02-18,coffee_bun_sweet_bun,Coffee Bun / Sweet Bun,Pastry,morning,2,9.0
2026-02-18,country_sourdough,Country Sourdough,Bread,evening,11,1.7
2026-02-18,country_sourdough,Country Sourdough,Bread,midday,16,1.9125
2026-02-18,country_sourdough,Country Sourdough,Bread,morning,36,1.99375
2026-02-18,fruit_tart,Fruit Tart,Dessert,evening,2,2.2
2026-02-18,fruit_tart,Fruit Tart,Dessert,midday,11,2.2
2026-02-18,ham_cheese_sandwich,Ham & Cheese Sandwich,Savory,midday,13,6.416666666666667
2026-02-18,ham_cheese_sandwich,Ham & Cheese Sandwich,Savory,morning,7,6.666666666666667
2026-02-18,pain_au_chocolat,Pain au Chocolat,Pastry,evening,7,1.3
2026-02-18,pain_au_chocolat,Pain au Chocolat,Pastry,midday,6,1.3
2026-02-18,pain_au_chocolat,Pain au Chocolat,Pastry,morning,53,1.3
2026-02-18,traditional_baguette,Traditional Baguette,Bread,evening,53,1.306578947368421
2026-02-18,traditional_baguette,Traditional Baguette,Bread,midday,117,1.255223880597015
2026-02-18,traditional_baguette,Traditional Baguette,Bread,morning,159,1.2362637362637363
2026-02-19,brioche,Brioche,Pastry,evening,1,6.0
2026-02-19,brioche,Brioche,Pastry,morning,6,6.0
2026-02-19,butter_croissant,Butter Croissant,Pastry,evening,3,1.3333333333333333
2026-02-19,butter_croissant,Butter Croissant,Pastry,midday,10,1.2
2026-02-19,butter_croissant,Butter Croissant,Pastry,morning,55,1.2380952380952381
2026-02-19,chocolate_cookie,Chocolate Cookie,Dessert,evening,9,1.15
2026-02-19,chocolate_cookie,Chocolate Cookie,Dessert,midday,1,1.15
2026-02-19,chocolate_cookie,Chocolate Cookie,Dessert,morning,3,1.15
2026-02-19,coffee_bun_sweet_bun,Coffee Bun / Sweet Bun,Pastry,evening,3,2.3
2026-02-19,coffee_bun_sweet_bun,Coffee Bun / Sweet Bun,Pastry,midday,5,4.533333333333333
2026-02-19,coffee_bun_sweet_bun,Coffee Bun / Sweet Bun,Pastry,morning,2,2.3
2026-02-19,country_sourdough,Country Sourdough,Bread,evening,6,1.9833333333333334
2026-02-19,country_sourdough,Country Sourdough,Bread,midday,7,1.9714285714285715
2026-02-19,country_sourdough,Country Sourdough,Bread,morning,27,2.0571428571428574
2026-02-19,fruit_tart,Fruit Tart,Dessert,evening,3,3.0666666666666664
2026-02-19,fruit_tart,Fruit Tart,Dessert,midday,11,2.2
2026-02-19,fruit_tart,Fruit Tart,Dessert,morning,7,2.2
2026-02-19,ham_cheese_sandwich,Ham & Cheese Sandwich,Savory,midday,13,6.0
2026-02-19,ham_cheese_sandwich,Ham & Cheese Sandwich,Savory,morning,6,6.0
2026-02-19,pain_au_chocolat,Pain au Chocolat,Pastry,evening,5,1.3
2026-02-19,pain_au_chocolat,Pain au Chocolat,Pastry,midday,1,1.3
2026-02-19,pain_au_chocolat,Pain au Chocolat,Pastry,morning,62,1.3
2026-02-19,traditional_baguette,Traditional Baguette,Bread,evening,57,1.3029411764705883
2026-02-19,traditional_baguette,Traditional Baguette,Bread,midday,123,1.2805555555555557
2026-02-19,traditional_baguette,Traditional Baguette,Bread,morning,199,1.240677966101695
2026-02-20,brioche,Brioche,Pastry,midday,2,6.0
2026-02-20,brioche,Brioche,Pastry,morning,3,6.0
2026-02-20,butter_croissant,Butter Croissant,Pastry,evening,4,1.6
2026-02-20,butter_croissant,Butter Croissant,Pastry,midday,15,1.2
2026-02-20,butter_croissant,Butter Croissant,Pastry,morning,80,1.2333333333333332
2026-02-20,chocolate_cookie,Chocolate Cookie,Dessert,evening,8,1.15
2026-02-20,chocolate_cookie,Chocolate Cookie,Dessert,midday,2,1.15
2026-02-20,chocolate_cookie,Chocolate Cookie,Dessert,morning,6,1.15
2026-02-20,coffee_bun_sweet_bun,Coffee Bun / Sweet Bun,Pastry,evening,4,2.3
2026-02-20,coffee_bun_sweet_bun,Coffee Bun / Sweet Bun,Pastry,morning,2,2.3
2026-02-20,country_sourdough,Country Sourdough,Bread,evening,11,1.7600000000000002
2026-02-20,country_sourdough,Country Sourdough,Bread,midday,8,1.925
2026-02-20,country_sourdough,Country Sourdough,Bread,morning,34,1.9583333333333333
2026-02-20,fruit_tart,Fruit Tart,Dessert,evening,6,9.175
2026-02-20,fruit_tart,Fruit Tart,Dessert,midday,2,6.75
2026-02-20,fruit_tart,Fruit Tart,Dessert,morning,1,14.0
2026-02-20,ham_cheese_sandwich,Ham & Cheese Sandwich,Savory,midday,17,6.0
2026-02-20,ham_cheese_sandwich,Ham & Cheese Sandwich,Savory,morning,12,5.222222222222222
2026-02-20,pain_au_chocolat,Pain au Chocolat,Pastry,midday,10,1.3
2026-02-20,pain_au_chocolat,Pain au Chocolat,Pastry,morning,57,1.3
2026-02-20,traditional_baguette,Traditional Baguette,Bread,evening,60,1.2897058823529413
2026-02-20,traditional_baguette,Traditional Baguette,Bread,midday,119,1.2706250000000001
2026-02-20,traditional_baguette,Traditional Baguette,Bread,morning,175,1.2286516853932585
2026-02-21,brioche,Brioche,Pastry,evening,3,6.0
2026-02-21,brioche,Brioche,Pastry,midday,2,6.0
2026-02-21,brioche,Brioche,Pastry,morning,5,6.0
2026-02-21,butter_croissant,Butter Croissant,Pastry,evening,18,1.44
2026-02-21,butter_croissant,Butter Croissant,Pastry,midday,3,1.3333333333333333
2026-02-21,butter_croissant,Butter Croissant,Pastry,morning,100,1.2
2026-02-21,chocolate_cookie,Chocolate Cookie,Dessert,evening,11,1.15
2026-02-21,chocolate_cookie,Chocolate Cookie,Dessert,midday,2,1.15
2026-02-21,chocolate_cookie,Chocolate Cookie,Dessert,morning,2,1.15
2026-02-21,coffee_bun_sweet_bun,Coffee Bun / Sweet Bun,Pastry,evening,4,6.766666666666667
2026-02-21,coffee_bun_sweet_bun,Coffee Bun / Sweet Bun,Pastry,midday,3,6.766666666666667
2026-02-21,coffee_bun_sweet_bun,Coffee Bun / Sweet Bun,Pastry,morning,4,7.325
2026-02-21,country_sourdough,Country Sourdough,Bread,evening,9,1.4875
2026-02-21,country_sourdough,Country Sourdough,Bread,midday,16,2.030769230769231
2026-02-21,country_sourdough,Country Sourdough,Bread,morning,92,1.9473684210526316
2026-02-21,fruit_tart,Fruit Tart,Dessert,evening,5,4.6
2026-02-21,fruit_tart,Fruit Tart,Dessert,midday,21,10.011111111111111
2026-02-21,fruit_tart,Fruit Tart,Dessert,morning,9,13.814285714285715
2026-02-21,ham_cheese_sandwich,Ham & Cheese Sandwich,Savory,morning,5,5.5
2026-02-21,pain_au_chocolat,Pain au Chocolat,Pastry,evening,7,1.3
2026-02-21,pain_au_chocolat,Pain au Chocolat,Pastry,morning,80,1.3
2026-02-21,traditional_baguette,Traditional Baguette,Bread,evening,60,1.1842105263157894
2026-02-21,traditional_baguette,Traditional Baguette,Bread,midday,172,1.2735294117647058
2026-02-21,traditional_baguette,Traditional Baguette,Bread,morning,267,1.2461538461538462
2026-02-22,brioche,Brioche,Pastry,midday,3,6.0
2026-02-22,brioche,Brioche,Pastry,morning,7,6.0
2026-02-22,butter_croissant,Butter Croissant,Pastry,midday,9,1.3333333333333333
2026-02-22,butter_croissant,Butter Croissant,Pastry,morning,149,1.2153846153846153
2026-02-22,chocolate_cookie,Chocolate Cookie,Dessert,morning,4,1.15
2026-02-22,coffee_bun_sweet_bun,Coffee Bun / Sweet Bun,Pastry,midday,11,6.32
2026-02-22,coffee_bun_sweet_bun,Coffee Bun / Sweet Bun,Pastry,morning,15,5.65
2026-02-22,country_sourdough,Country Sourdough,Bread,midday,16,1.4857142857142858
2026-02-22,country_sourdough,Country Sourdough,Bread,morning,57,2.046
2026-02-22,fruit_tart,Fruit Tart,Dessert,midday,5,2.85
2026-02-22,fruit_tart,Fruit Tart,Dessert,morning,28,7.113333333333333
2026-02-22,ham_cheese_sandwich,Ham & Cheese Sandwich,Savory,midday,1,4.0
2026-02-22,ham_cheese_sandwich,Ham & Cheese Sandwich,Savory,morning,4,5.0
2026-02-22,pain_au_chocolat,Pain au Chocolat,Pastry,midday,12,1.3
2026-02-22,pain_au_chocolat,Pain au Chocolat,Pastry,morning,85,1.3
2026-02-22,traditional_baguette,Traditional Baguette,Bread,midday,229,1.263716814159292
2026-02-22,traditional_baguette,Traditional Baguette,Bread,morning,361,1.24
2026-02-23,brioche,Brioche,Pastry,midday,2,6.0
2026-02-23,brioche,Brioche,Pastry,morning,2,6.0
2026-02-23,butter_croissant,Butter Croissant,Pastry,evening,3,1.2
2026-02-23,butter_croissant,Butter Croissant,Pastry,midday,10,1.28
2026-02-23,butter_croissant,Butter Croissant,Pastry,morning,91,1.241025641025641
2026-02-23,chocolate_cookie,Chocolate Cookie,Dessert,evening,1,1.15
2026-02-23,chocolate_cookie,Chocolate Cookie,Dessert,morning,10,1.15
2026-02-23,coffee_bun_sweet_bun,Coffee Bun / Sweet Bun,Pastry,evening,8,5.6499999999999995
2026-02-23,coffee_bun_sweet_bun,Coffee Bun / Sweet Bun,Pastry,midday,8,2.3
2026-02-23,coffee_bun_sweet_bun,Coffee Bun / Sweet Bun,Pastry,morning,6,5.65
2026-02-23,country_sourdough,Country Sourdough,Bread,evening,4,2.375
2026-02-23,country_sourdough,Country Sourdough,Bread,midday,20,1.7
2026-02-23,country_sourdough,Country Sourdough,Bread,morning,35,1.875
2026-02-23,fruit_tart,Fruit Tart,Dessert,evening,1,2.2
2026-02-23,fruit_tart,Fruit Tart,Dessert,midday,2,2.2
2026-02-23,ham_cheese_sandwich,Ham & Cheese Sandwich,Savory,midday,15,5.928571428571429
2026-02-23,ham_cheese_sandwich,Ham & Cheese Sandwich,Savory,morning,4,6.0
2026-02-23,pain_au_chocolat,Pain au Chocolat,Pastry,evening,1,1.3
2026-02-23,pain_au_chocolat,Pain au Chocolat,Pastry,midday,2,1.3
2026-02-23,pain_au_chocolat,Pain au Chocolat,Pastry,morning,73,1.3000000000000003
2026-02-23,traditional_baguette,Traditional Baguette,Bread,evening,81,1.2860465116279072
2026-02-23,traditional_baguette,Traditional Baguette,Bread,midday,170,1.2677884615384616
2026-02-23,traditional_baguette,Traditional Baguette,Bread,morning,238,1.2222222222222223
2026-02-24,brioche,Brioche,Pastry,evening,1,6.0
2026-02-24,brioche,Brioche,Pastry,morning,1,6.0
2026-02-24,butter_croissant,Butter Croissant,Pastry,evening,3,1.4
2026-02-24,butter_croissant,Butter Croissant,Pastry,midday,4,1.3333333333333333
2026-02-24,butter_croissant,Butter Croissant,Pastry,morning,46,1.223529411764706
2026-02-24,chocolate_cookie,Chocolate Cookie,Dessert,evening,4,1.15
2026-02-24,chocolate_cookie,Chocolate Cookie,Dessert,midday,1,1.15
2026-02-24,chocolate_cookie,Chocolate Cookie,Dessert,morning,1,1.15
2026-02-24,coffee_bun_sweet_bun,Coffee Bun / Sweet Bun,Pastry,evening,3,6.766666666666667
2026-02-24,coffee_bun_sweet_bun,Coffee Bun / Sweet Bun,Pastry,midday,3,2.3
2026-02-24,country_sourdough,Country Sourdough,Bread,evening,9,1.95
2026-02-24,country_sourdough,Country Sourdough,Bread,midday,23,1.942857142857143
2026-02-24,country_sourdough,Country Sourdough,Bread,morning,34,1.6928571428571428
2026-02-24,fruit_tart,Fruit Tart,Dessert,evening,1,2.2
2026-02-24,fruit_tart,Fruit Tart,Dessert,midday,3,2.2
2026-02-24,fruit_tart,Fruit Tart,Dessert,morning,4,2.2
2026-02-24,ham_cheese_sandwich,Ham & Cheese Sandwich,Savory,midday,24,6.444444444444445
2026-02-24,ham_cheese_sandwich,Ham & Cheese Sandwich,Savory,morning,6,7.0
2026-02-24,pain_au_chocolat,Pain au Chocolat,Pastry,midday,7,1.3
2026-02-24,pain_au_chocolat,Pain au Chocolat,Pastry,morning,32,1.3
2026-02-24,traditional_baguette,Traditional Baguette,Bread,evening,81,1.2607142857142857
2026-02-24,traditional_baguette,Traditional Baguette,Bread,midday,161,1.2455056179775281
2026-02-24,traditional_baguette,Traditional Baguette,Bread,morning,160,1.2205
2026-02-25,brioche,Brioche,Pastry,midday,1,6.0
2026-02-25,butter_croissant,Butter Croissant,Pastry,evening,1,1.6
2026-02-25,butter_croissant,Butter Croissant,Pastry,midday,5,1.4666666666666668
2026-02-25,butter_croissant,Butter Croissant,Pastry,morning,53,1.2666666666666666
2026-02-25,chocolate_cookie,Chocolate Cookie,Dessert,midday,5,1.15
2026-02-25,chocolate_cookie,Chocolate Cookie,Dessert,morning,4,1.15
2026-02-25,coffee_bun_sweet_bun,Coffee Bun / Sweet Bun,Pastry,midday,7,3.975
2026-02-25,coffee_bun_sweet_bun,Coffee Bun / Sweet Bun,Pastry,morning,3,9.0
2026-02-25,country_sourdough,Country Sourdough,Bread,evening,6,1.8399999999999999
2026-02-25,country_sourdough,Country Sourdough,Bread,midday,20,1.8
2026-02-25,country_sourdough,Country Sourdough,Bread,morning,28,1.59
2026-02-25,fruit_tart,Fruit Tart,Dessert,evening,4,2.2
2026-02-25,fruit_tart,Fruit Tart,Dessert,midday,11,2.2
2026-02-25,ham_cheese_sandwich,Ham & Cheese Sandwich,Savory,evening,1,5.0
2026-02-25,ham_cheese_sandwich,Ham & Cheese Sandwich,Savory,midday,12,6.0
2026-02-25,ham_cheese_sandwich,Ham & Cheese Sandwich,Savory,morning,7,5.666666666666667
2026-02-25,pain_au_chocolat,Pain au Chocolat,Pastry,evening,3,1.3
2026-02-25,pain_au_chocolat,Pain au Chocolat,Pastry,midday,1,1.3
2026-02-25,pain_au_chocolat,Pain au Chocolat,Pastry,morning,56,1.3
2026-02-25,traditional_baguette,Traditional Baguette,Bread,evening,49,1.2924242424242425
2026-02-25,traditional_baguette,Traditional Baguette,Bread,midday,123,1.2596153846153846
2026-02-25,traditional_baguette,Traditional Baguette,Bread,morning,182,1.2314814814814814
2026-02-26,brioche,Brioche,Pastry,morning,1,6.0
2026-02-26,butter_croissant,Butter Croissant,Pastry,evening,6,1.4666666666666668
2026-02-26,butter_croissant,Butter Croissant,Pastry,midday,4,1.2
2026-02-26,butter_croissant,Butter Croissant,Pastry,morning,54,1.2
2026-02-26,chocolate_cookie,Chocolate Cookie,Dessert,evening,6,1.15
2026-02-26,chocolate_cookie,Chocolate Cookie,Dessert,morning,1,1.15
2026-02-26,coffee_bun_sweet_bun,Coffee Bun / Sweet Bun,Pastry,evening,1,9.0
2026-02-26,coffee_bun_sweet_bun,Coffee Bun / Sweet Bun,Pastry,midday,3,9.0
2026-02-26,coffee_bun_sweet_bun,Coffee Bun / Sweet Bun,Pastry,morning,4,2.3
2026-02-26,country_sourdough,Country Sourdough,Bread,evening,9,2.1125
2026-02-26,country_sourdough,Country Sourdough,Bread,midday,16,1.8642857142857143
2026-02-26,country_sourdough,Country Sourdough,Bread,morning,31,1.5888888888888888
2026-02-26,fruit_tart,Fruit Tart,Dessert,evening,2,2.2
2026-02-26,fruit_tart,Fruit Tart,Dessert,midday,8,2.46
2026-02-26,fruit_tart,Fruit Tart,Dessert,morning,7,2.2
2026-02-26,ham_cheese_sandwich,Ham & Cheese Sandwich,Savory,midday,15,6.142857142857143
2026-02-26,ham_cheese_sandwich,Ham & Cheese Sandwich,Savory,morning,11,6.0
2026-02-26,pain_au_chocolat,Pain au Chocolat,Pastry,evening,2,1.3
2026-02-26,pain_au_chocolat,Pain au Chocolat,Pastry,midday,6,1.3
2026-02-26,pain_au_chocolat,Pain au Chocolat,Pastry,morning,48,1.3
2026-02-26,traditional_baguette,Traditional Baguette,Bread,evening,80,1.3010416666666667
2026-02-26,traditional_baguette,Traditional Baguette,Bread,midday,143,1.2639240506329115
2026-02-26,traditional_baguette,Traditional Baguette,Bread,morning,173,1.2213636363636362
2026-02-27,brioche,Brioche,Pastry,evening,1,6.0
2026-02-27,brioche,Brioche,Pastry,midday,1,6.0
2026-02-27,brioche,Brioche,Pastry,morning,3,6.0
2026-02-27,butter_croissant,Butter Croissant,Pastry,midday,9,1.3333333333333333
2026-02-27,butter_croissant,Butter Croissant,Pastry,morning,48,1.2
2026-02-27,chocolate_cookie,Chocolate Cookie,Dessert,morning,9,1.15
2026-02-27,coffee_bun_sweet_bun,Coffee Bun / Sweet Bun,Pastry,midday,2,2.3
2026-02-27,coffee_bun_sweet_bun,Coffee Bun / Sweet Bun,Pastry,morning,2,5.65
2026-02-27,country_sourdough,Country Sourdough,Bread,evening,4,2.1750000000000003
2026-02-27,country_sourdough,Country Sourdough,Bread,midday,17,1.9352941176470588
2026-02-27,country_sourdough,Country Sourdough,Bread,morning,25,2.0545454545454547
2026-02-27,fruit_tart,Fruit Tart,Dessert,evening,1,3.5
2026-02-27,fruit_tart,Fruit Tart,Dessert,midday,14,3.3142857142857145
2026-02-27,fruit_tart,Fruit Tart,Dessert,morning,1,10.0
2026-02-27,ham_cheese_sandwich,Ham & Cheese Sandwich,Savory,evening,1,4.0
2026-02-27,ham_cheese_sandwich,Ham & Cheese Sandwich,Savory,midday,17,6.5
2026-02-27,ham_cheese_sandwich,Ham & Cheese Sandwich,Savory,morning,10,4.75
2026-02-27,pain_au_chocolat,Pain au Chocolat,Pastry,midday,5,1.3
2026-02-27,pain_au_chocolat,Pain au Chocolat,Pastry,morning,40,1.3
2026-02-27,traditional_baguette,Traditional Baguette,Bread,evening,51,1.2779411764705884
2026-02-27,traditional_baguette,Traditional Baguette,Bread,midday,157,1.2563218390804598
2026-02-27,traditional_baguette,Traditional Baguette,Bread,morning,172,1.2127450980392158
2026-02-28,brioche,Brioche,Pastry,evening,2,6.0
2026-02-28,brioche,Brioche,Pastry,morning,5,6.0
2026-02-28,butter_croissant,Butter Croissant,Pastry,evening,3,1.6
2026-02-28,butter_croissant,Butter Croissant,Pastry,midday,3,1.3333333333333333
2026-02-28,butter_croissant,Butter Croissant,Pastry,morning,114,1.2235294117647058
2026-02-28,chocolate_cookie,Chocolate Cookie,Dessert,midday,1,1.15
2026-02-28,chocolate_cookie,Chocolate Cookie,Dessert,morning,6,1.15
2026-02-28,coffee_bun_sweet_bun,Coffee Bun / Sweet Bun,Pastry,evening,3,5.65
2026-02-28,coffee_bun_sweet_bun,Coffee Bun / Sweet Bun,Pastry,midday,3,2.3
2026-02-28,coffee_bun_sweet_bun,Coffee Bun / Sweet Bun,Pastry,morning,11,3.9749999999999996
2026-02-28,country_sourdough,Country Sourdough,Bread,evening,18,2.1142857142857143
2026-02-28,country_sourdough,Country Sourdough,Bread,midday,17,2.18125
2026-02-28,country_sourdough,Country Sourdough,Bread,morning,39,1.6342857142857143
2026-02-28,fruit_tart,Fruit Tart,Dessert,evening,2,2.2
2026-02-28,fruit_tart,Fruit Tart,Dessert,midday,8,4.6000000000000005
2026-02-28,fruit_tart,Fruit Tart,Dessert,morning,24,4.8
2026-02-28,ham_cheese_sandwich,Ham & Cheese Sandwich,Savory,evening,1,5.0
2026-02-28,ham_cheese_sandwich,Ham & Cheese Sandwich,Savory,midday,18,5.142857142857143
2026-02-28,ham_cheese_sandwich,Ham & Cheese Sandwich,Savory,morning,6,5.6
2026-02-28,pain_au_chocolat,Pain au Chocolat,Pastry,midday,1,1.3
2026-02-28,pain_au_chocolat,Pain au Chocolat,Pastry,morning,103,1.3
2026-02-28,traditional_baguette,Traditional Baguette,Bread,evening,89,1.2951923076923078
2026-02-28,traditional_baguette,Traditional Baguette,Bread,midday,155,1.2622093023255814
2026-02-28,traditional_baguette,Traditional Baguette,Bread,morning,269,1.2136363636363636
2026-03-01,brioche,Brioche,Pastry,midday,6,6.0
2026-03-01,brioche,Brioche,Pastry,morning,8,6.0
2026-03-01,butter_croissant,Butter Croissant,Pastry,midday,17,1.28
2026-03-01,butter_croissant,Butter Croissant,Pastry,morning,197,1.2133333333333334
2026-03-01,chocolate_cookie,Chocolate Cookie,Dessert,midday,3,1.15
2026-03-01,chocolate_cookie,Chocolate Cookie,Dessert,morning,6,1.15
2026-03-01,coffee_bun_sweet_bun,Coffee Bun / Sweet Bun,Pastry,midday,21,3.6399999999999997
2026-03-01,coffee_bun_sweet_bun,Coffee Bun / Sweet Bun,Pastry,morning,4,3.9749999999999996
2026-03-01,country_sourdough,Country Sourdough,Bread,midday,18,1.6125
2026-03-01,country_sourdough,Country Sourdough,Bread,morning,74,1.9222222222222223
2026-03-01,fruit_tart,Fruit Tart,Dessert,midday,12,5.257142857142858
2026-03-01,fruit_tart,Fruit Tart,Dessert,morning,17,7.945454545454546
2026-03-01,ham_cheese_sandwich,Ham & Cheese Sandwich,Savory,midday,3,6.0
2026-03-01,ham_cheese_sandwich,Ham & Cheese Sandwich,Savory,morning,16,4.5
2026-03-01,pain_au_chocolat,Pain au Chocolat,Pastry,midday,14,1.3
2026-03-01,pain_au_chocolat,Pain au Chocolat,Pastry,morning,149,1.3
2026-03-01,traditional_baguette,Traditional Baguette,Bread,midday,274,1.2545454545454546
2026-03-01,traditional_baguette,Traditional Baguette,Bread,morning,366,1.234102564102564
2026-03-02,brioche,Brioche,Pastry,evening,2,6.0
2026-03-02,brioche,Brioche,Pastry,midday,3,6.0
2026-03-02,brioche,Brioche,Pastry,morning,4,6.0
2026-03-02,butter_croissant,Butter Croissant,Pastry,evening,4,1.6
2026-03-02,butter_croissant,Butter Croissant,Pastry,morning,95,1.24
2026-03-02,chocolate_cookie,Chocolate Cookie,Dessert,evening,4,1.15
2026-03-02,chocolate_cookie,Chocolate Cookie,Dessert,midday,5,1.15
2026-03-02,chocolate_cookie,Chocolate Cookie,Dessert,morning,3,1.15
2026-03-02,coffee_bun_sweet_bun,Coffee Bun / Sweet Bun,Pastry,evening,9,2.3
2026-03-02,coffee_bun_sweet_bun,Coffee Bun / Sweet Bun,Pastry,midday,4,6.766666666666667
2026-03-02,coffee_bun_sweet_bun,Coffee Bun / Sweet Bun,Pastry,morning,4,3.9749999999999996
2026-03-02,country_sourdough,Country Sourdough,Bread,evening,21,2.0526315789473686
2026-03-02,country_sourdough,Country Sourdough,Bread,midday,21,1.655
2026-03-02,country_sourdough,Country Sourdough,Bread,morning,37,1.8363636363636364
2026-03-02,fruit_tart,Fruit Tart,Dessert,evening,2,3.5
2026-03-02,fruit_tart,Fruit Tart,Dessert,midday,4,4.8
2026-03-02,fruit_tart,Fruit Tart,Dessert,morning,4,2.2
2026-03-02,ham_cheese_sandwich,Ham & Cheese Sandwich,Savory,midday,20,6.0
2026-03-02,ham_cheese_sandwich,Ham & Cheese Sandwich,Savory,morning,8,5.0
2026-03-02,pain_au_chocolat,Pain au Chocolat,Pastry,evening,1,1.3
2026-03-02,pain_au_chocolat,Pain au Chocolat,Pastry,midday,2,1.3
2026-03-02,pain_au_chocolat,Pain au Chocolat,Pastry,morning,81,1.3
2026-03-02,traditional_baguette,Traditional Baguette,Bread,evening,95,1.3125
2026-03-02,traditional_baguette,Traditional Baguette,Bread,midday,173,1.2663366336633664
2026-03-02,traditional_baguette,Traditional Baguette,Bread,morning,233,1.2443548387096774
2026-03-03,brioche,Brioche,Pastry,evening,2,6.0
2026-03-03,brioche,Brioche,Pastry,morning,4,6.0
2026-03-03,butter_croissant,Butter Croissant,Pastry,evening,3,1.6
2026-03-03,butter_croissant,Butter Croissant,Pastry,midday,6,1.4
2026-03-03,butter_croissant,Butter Croissant,Pastry,morning,74,1.2342857142857142
2026-03-03,chocolate_cookie,Chocolate Cookie,Dessert,midday,1,1.15
2026-03-03,chocolate_cookie,Chocolate Cookie,Dessert,morning,1,1.15
2026-03-03,coffee_bun_sweet_bun,Coffee Bun / Sweet Bun,Pastry,evening,1,2.3
2026-03-03,coffee_bun_sweet_bun,Coffee Bun / Sweet Bun,Pastry,midday,9,4.9799999999999995
2026-03-03,coffee_bun_sweet_bun,Coffee Bun / Sweet Bun,Pastry,morning,4,3.9749999999999996
2026-03-03,country_sourdough,Country Sourdough,Bread,evening,12,1.5333333333333332
2026-03-03,country_sourdough,Country Sourdough,Bread,midday,15,2.3214285714285716
2026-03-03,country_sourdough,Country Sourdough,Bread,morning,32,1.9370370370370371
2026-03-03,fruit_tart,Fruit Tart,Dessert,evening,3,2.2
2026-03-03,fruit_tart,Fruit Tart,Dessert,midday,5,2.6333333333333333
2026-03-03,fruit_tart,Fruit Tart,Dessert,morning,17,2.2
2026-03-03,ham_cheese_sandwich,Ham & Cheese Sandwich,Savory,midday,29,6.0
2026-03-03,ham_cheese_sandwich,Ham & Cheese Sandwich,Savory,morning,10,4.857142857142857
2026-03-03,pain_au_chocolat,Pain au Chocolat,Pastry,evening,2,1.3
2026-03-03,pain_au_chocolat,Pain au Chocolat,Pastry,midday,5,1.3
2026-03-03,pain_au_chocolat,Pain au Chocolat,Pastry,morning,72,1.3
2026-03-03,traditional_baguette,Traditional Baguette,Bread,evening,80,1.3011904761904762
2026-03-03,traditional_baguette,Traditional Baguette,Bread,midday,128,1.2840579710144928
2026-03-03,traditional_baguette,Traditional Baguette,Bread,morning,213,1.2395652173913045
2026-03-04,brioche,Brioche,Pastry,evening,4,6.0
2026-03-04,brioche,Brioche,Pastry,midday,2,6.0
2026-03-04,brioche,Brioche,Pastry,morning,4,6.0
2026-03-04,butter_croissant,Butter Croissant,Pastry,evening,9,1.52
2026-03-04,butter_croissant,Butter Croissant,Pastry,midday,5,1.2
2026-03-04,butter_croissant,Butter Croissant,Pastry,morning,31,1.2249999999999999
2026-03-04,chocolate_cookie,Chocolate Cookie,Dessert,midday,1,1.15
2026-03-04,chocolate_cookie,Chocolate Cookie,Dessert,morning,4,1.15
2026-03-04,coffee_bun_sweet_bun,Coffee Bun / Sweet Bun,Pastry,evening,1,2.3
2026-03-04,coffee_bun_sweet_bun,Coffee Bun / Sweet Bun,Pastry,midday,2,9.0
2026-03-04,coffee_bun_sweet_bun,Coffee Bun / Sweet Bun,Pastry,morning,2,5.65
2026-03-04,country_sourdough,Country Sourdough,Bread,evening,11,2.1
2026-03-04,country_sourdough,Country Sourdough,Bread,midday,11,2.35
2026-03-04,country_sourdough,Country Sourdough,Bread,morning,33,1.7357142857142858
2026-03-04,fruit_tart,Fruit Tart,Dessert,evening,1,2.2
2026-03-04,fruit_tart,Fruit Tart,Dessert,midday,1,2.2
2026-03-04,fruit_tart,Fruit Tart,Dessert,morning,1,3.5
2026-03-04,ham_cheese_sandwich,Ham & Cheese Sandwich,Savory,midday,17,6.125
2026-03-04,ham_cheese_sandwich,Ham & Cheese Sandwich,Savory,morning,8,5.833333333333333
2026-03-04,pain_au_chocolat,Pain au Chocolat,Pastry,midday,2,1.3
2026-03-04,pain_au_chocolat,Pain au Chocolat,Pastry,morning,45,1.3
2026-03-04,traditional_baguette,Traditional Baguette,Bread,evening,92,1.278125
2026-03-04,traditional_baguette,Traditional Baguette,Bread,midday,169,1.254639175257732
2026-03-04,traditional_baguette,Traditional Baguette,Bread,morning,226,1.2436974789915967
2026-03-05,brioche,Brioche,Pastry,evening,2,6.0
2026-03-05,brioche,Brioche,Pastry,midday,3,6.0
2026-03-05,brioche,Brioche,Pastry,morning,5,6.0
2026-03-05,butter_croissant,Butter Croissant,Pastry,evening,2,1.4
2026-03-05,butter_croissant,Butter Croissant,Pastry,midday,5,1.3599999999999999
2026-03-05,butter_croissant,Butter Croissant,Pastry,morning,85,1.2774193548387098
2026-03-05,chocolate_cookie,Chocolate Cookie,Dessert,evening,1,1.15
2026-03-05,chocolate_cookie,Chocolate Cookie,Dessert,midday,1,1.15
2026-03-05,chocolate_cookie,Chocolate Cookie,Dessert,morning,5,1.15
2026-03-05,coffee_bun_sweet_bun,Coffee Bun / Sweet Bun,Pastry,evening,7,7.325
2026-03-05,coffee_bun_sweet_bun,Coffee Bun / Sweet Bun,Pastry,midday,1,2.3
2026-03-05,coffee_bun_sweet_bun,Coffee Bun / Sweet Bun,Pastry,morning,1,9.0
2026-03-05,country_sourdough,Country Sourdough,Bread,evening,13,2.0
2026-03-05,country_sourdough,Country Sourdough,Bread,midday,16,2.4083333333333337
2026-03-05,country_sourdough,Country Sourdough,Bread,morning,33,1.7965517241379312
2026-03-05,fruit_tart,Fruit Tart,Dessert,evening,3,2.2
2026-03-05,fruit_tart,Fruit Tart,Dessert,midday,2,11.6
2026-03-05,fruit_tart,Fruit Tart,Dessert,morning,8,2.6333333333333333
2026-03-05,ham_cheese_sandwich,Ham & Cheese Sandwich,Savory,evening,2,5.5
2026-03-05,ham_cheese_sandwich,Ham & Cheese Sandwich,Savory,midday,20,6.222222222222222
2026-03-05,ham_cheese_sandwich,Ham & Cheese Sandwich,Savory,morning,6,5.5
2026-03-05,pain_au_chocolat,Pain au Chocolat,Pastry,evening,4,1.3
2026-03-05,pain_au_chocolat,Pain au Chocolat,Pastry,midday,3,1.3
2026-03-05,pain_au_chocolat,Pain au Chocolat,Pastry,morning,56,1.3
2026-03-05,traditional_baguette,Traditional Baguette,Bread,evening,72,1.3
2026-03-05,traditional_baguette,Traditional Baguette,Bread,midday,147,1.2690217391304348
2026-03-05,traditional_baguette,Traditional Baguette,Bread,morning,237,1.2535714285714288
2026-03-06,brioche,Brioche,Pastry,midday,1,6.0
2026-03-06,brioche,Brioche,Pastry,morning,5,6.0
2026-03-06,butter_croissant,Butter Croissant,Pastry,evening,5,1.2
2026-03-06,butter_croissant,Butter Croissant,Pastry,midday,1,1.2
2026-03-06,butter_croissant,Butter Croissant,Pastry,morning,85,1.2117647058823529
2026-03-06,chocolate_cookie,Chocolate Cookie,Dessert,evening,5,1.15
2026-03-06,chocolate_cookie,Chocolate Cookie,Dessert,midday,2,1.15
2026-03-06,chocolate_cookie,Chocolate Cookie,Dessert,morning,2,1.15
2026-03-06,coffee_bun_sweet_bun,Coffee Bun / Sweet Bun,Pastry,evening,4,5.65
2026-03-06,coffee_bun_sweet_bun,Coffee Bun / Sweet Bun,Pastry,midday,5,4.533333333333333
2026-03-06,coffee_bun_sweet_bun,Coffee Bun / Sweet Bun,Pastry,morning,10,5.6499999999999995
2026-03-06,country_sourdough,Country Sourdough,Bread,evening,3,2.1333333333333333
2026-03-06,country_sourdough,Country Sourdough,Bread,midday,16,1.83125
2026-03-06,country_sourdough,Country Sourdough,Bread,morning,33,1.7720000000000002
2026-03-06,fruit_tart,Fruit Tart,Dessert,evening,3,3.5
2026-03-06,fruit_tart,Fruit Tart,Dessert,midday,8,2.72
2026-03-06,fruit_tart,Fruit Tart,Dessert,morning,5,8.74
2026-03-06,ham_cheese_sandwich,Ham & Cheese Sandwich,Savory,midday,12,6.714285714285714
2026-03-06,ham_cheese_sandwich,Ham & Cheese Sandwich,Savory,morning,12,4.555555555555555
2026-03-06,pain_au_chocolat,Pain au Chocolat,Pastry,evening,3,1.3
2026-03-06,pain_au_chocolat,Pain au Chocolat,Pastry,midday,3,1.3
2026-03-06,pain_au_chocolat,Pain au Chocolat,Pastry,morning,71,1.3000000000000003
2026-03-06,traditional_baguette,Traditional Baguette,Bread,evening,58,1.276470588235294
2026-03-06,traditional_baguette,Traditional Baguette,Bread,midday,125,1.2363013698630136
2026-03-06,traditional_baguette,Traditional Baguette,Bread,morning,271,1.2335714285714288
2026-03-07,brioche,Brioche,Pastry,evening,3,6.0
2026-03-07,brioche,Brioche,Pastry,morning,6,6.0
2026-03-07,butter_croissant,Butter Croissant,Pastry,evening,2,1.4
2026-03-07,butter_croissant,Butter Croissant,Pastry,midday,8,1.3333333333333333
2026-03-07,butter_croissant,Butter Croissant,Pastry,morning,105,1.2307692307692308
2026-03-07,chocolate_cookie,Chocolate Cookie,Dessert,evening,2,1.15
2026-03-07,chocolate_cookie,Chocolate Cookie,Dessert,midday,7,1.15
2026-03-07,chocolate_cookie,Chocolate Cookie,Dessert,morning,3,1.15
2026-03-07,coffee_bun_sweet_bun,Coffee Bun / Sweet Bun,Pastry,evening,6,7.659999999999999
2026-03-07,coffee_bun_sweet_bun,Coffee Bun / Sweet Bun,Pastry,midday,6,4.533333333333333
2026-03-07,coffee_bun_sweet_bun,Coffee Bun / Sweet Bun,Pastry,morning,5,2.3
2026-03-07,country_sourdough,Country Sourdough,Bread,evening,16,1.5583333333333333
2026-03-07,country_sourdough,Country Sourdough,Bread,midday,27,1.9680000000000002
2026-03-07,country_sourdough,Country Sourdough,Bread,morning,49,1.7853658536585366
2026-03-07,fruit_tart,Fruit Tart,Dessert,evening,5,6.75
2026-03-07,fruit_tart,Fruit Tart,Dessert,midday,5,4.15
2026-03-07,fruit_tart,Fruit Tart,Dessert,morning,3,4.8
2026-03-07,ham_cheese_sandwich,Ham & Cheese Sandwich,Savory,midday,21,6.166666666666667
2026-03-07,ham_cheese_sandwich,Ham & Cheese Sandwich,Savory,morning,8,4.6
2026-03-07,pain_au_chocolat,Pain au Chocolat,Pastry,evening,10,1.3
2026-03-07,pain_au_chocolat,Pain au Chocolat,Pastry,midday,10,1.3
2026-03-07,pain_au_chocolat,Pain au Chocolat,Pastry,morning,63,1.3
2026-03-07,traditional_baguette,Traditional Baguette,Bread,evening,61,1.2193548387096775
2026-03-07,traditional_baguette,Traditional Baguette,Bread,midday,212,1.2545045045045045
2026-03-07,traditional_baguette,Traditional Baguette,Bread,morning,272,1.252857142857143
2026-03-08,brioche,Brioche,Pastry,midday,1,6.0
2026-03-08,brioche,Brioche,Pastry,morning,9,6.0
2026-03-08,butter_croissant,Butter Croissant,Pastry,midday,18,1.3142857142857143
2026-03-08,butter_croissant,Butter Croissant,Pastry,morning,208,1.2338983050847456
2026-03-08,chocolate_cookie,Chocolate Cookie,Dessert,midday,6,1.15
2026-03-08,chocolate_cookie,Chocolate Cookie,Dessert,morning,14,1.15
2026-03-08,coffee_bun_sweet_bun,Coffee Bun / Sweet Bun,Pastry,midday,6,4.9799999999999995
2026-03-08,coffee_bun_sweet_bun,Coffee Bun / Sweet Bun,Pastry,morning,10,6.32
2026-03-08,country_sourdough,Country Sourdough,Bread,midday,13,1.6846153846153844
2026-03-08,country_sourdough,Country Sourdough,Bread,morning,60,1.8781818181818182
2026-03-08,fruit_tart,Fruit Tart,Dessert,midday,22,3.725
2026-03-08,fruit_tart,Fruit Tart,Dessert,morning,24,7.666666666666667
2026-03-08,ham_cheese_sandwich,Ham & Cheese Sandwich,Savory,midday,7,6.333333333333333
2026-03-08,ham_cheese_sandwich,Ham & Cheese Sandwich,Savory,morning,5,5.0
2026-03-08,pain_au_chocolat,Pain au Chocolat,Pastry,morning,154,1.3
2026-03-08,traditional_baguette,Traditional Baguette,Bread,midday,250,1.2815573770491804
2026-03-08,traditional_baguette,Traditional Baguette,Bread,morning,459,1.251521739130435
2026-03-09,brioche,Brioche,Pastry,midday,2,6.0
2026-03-09,brioche,Brioche,Pastry,morning,8,6.0
2026-03-09,butter_croissant,Butter Croissant,Pastry,midday,2,1.6
2026-03-09,butter_croissant,Butter Croissant,Pastry,morning,124,1.225531914893617
2026-03-09,chocolate_cookie,Chocolate Cookie,Dessert,evening,4,1.15
2026-03-09,chocolate_cookie,Chocolate Cookie,Dessert,midday,3,1.15
2026-03-09,chocolate_cookie,Chocolate Cookie,Dessert,morning,10,1.15
2026-03-09,coffee_bun_sweet_bun,Coffee Bun / Sweet Bun,Pastry,evening,3,4.533333333333333
2026-03-09,coffee_bun_sweet_bun,Coffee Bun / Sweet Bun,Pastry,midday,7,2.3
2026-03-09,coffee_bun_sweet_bun,Coffee Bun / Sweet Bun,Pastry,morning,2,5.65
2026-03-09,country_sourdough,Country Sourdough,Bread,evening,3,2.8666666666666667
2026-03-09,country_sourdough,Country Sourdough,Bread,midday,20,1.9588235294117646
2026-03-09,country_sourdough,Country Sourdough,Bread,morning,78,1.7581818181818183
2026-03-09,fruit_tart,Fruit Tart,Dessert,evening,1,2.2
2026-03-09,fruit_tart,Fruit Tart,Dessert,midday,9,2.385714285714286
2026-03-09,fruit_tart,Fruit Tart,Dessert,morning,9,2.2
2026-03-09,ham_cheese_sandwich,Ham & Cheese Sandwich,Savory,evening,2,4.0
2026-03-09,ham_cheese_sandwich,Ham & Cheese Sandwich,Savory,midday,12,5.909090909090909
2026-03-09,ham_cheese_sandwich,Ham & Cheese Sandwich,Savory,morning,18,5.7272727272727275
2026-03-09,pain_au_chocolat,Pain au Chocolat,Pastry,midday,1,1.3
2026-03-09,pain_au_chocolat,Pain au Chocolat,Pastry,morning,115,1.3
2026-03-09,traditional_baguette,Traditional Baguette,Bread,evening,73,1.2530612244897958
2026-03-09,traditional_baguette,Traditional Baguette,Bread,midday,232,1.236220472440945
2026-03-09,traditional_baguette,Traditional Baguette,Bread,morning,339,1.2738636363636364
2026-03-10,brioche,Brioche,Pastry,midday,2,6.0
2026-03-10,brioche,Brioche,Pastry,morning,4,6.0
2026-03-10,butter_croissant,Butter Croissant,Pastry,evening,5,1.4
2026-03-10,butter_croissant,Butter Croissant,Pastry,midday,1,1.2
2026-03-10,butter_croissant,Butter Croissant,Pastry,morning,81,1.2352941176470589
2026-03-10,chocolate_cookie,Chocolate Cookie,Dessert,evening,1,1.15
2026-03-10,chocolate_cookie,Chocolate Cookie,Dessert,midday,9,1.15
2026-03-10,chocolate_cookie,Chocolate Cookie,Dessert,morning,1,1.15
2026-03-10,coffee_bun_sweet_bun,Coffee Bun / Sweet Bun,Pastry,evening,4,5.65
2026-03-10,coffee_bun_sweet_bun,Coffee Bun / Sweet Bun,Pastry,midday,1,9.0
2026-03-10,coffee_bun_sweet_bun,Coffee Bun / Sweet Bun,Pastry,morning,6,4.533333333333333
2026-03-10,country_sourdough,Country Sourdough,Bread,evening,3,2.8333333333333335
2026-03-10,country_sourdough,Country Sourdough,Bread,midday,20,1.7294117647058822
2026-03-10,country_sourdough,Country Sourdough,Bread,morning,47,1.8571428571428572
2026-03-10,fruit_tart,Fruit Tart,Dessert,midday,3,2.85
2026-03-10,fruit_tart,Fruit Tart,Dessert,morning,14,2.5250000000000004
2026-03-10,ham_cheese_sandwich,Ham & Cheese Sandwich,Savory,midday,14,5.636363636363637
2026-03-10,ham_cheese_sandwich,Ham & Cheese Sandwich,Savory,morning,16,5.25
2026-03-10,pain_au_chocolat,Pain au Chocolat,Pastry,evening,4,1.3
2026-03-10,pain_au_chocolat,Pain au Chocolat,Pastry,morning,66,1.3
2026-03-10,traditional_baguette,Traditional Baguette,Bread,evening,101,1.2771929824561403
2026-03-10,traditional_baguette,Traditional Baguette,Bread,midday,178,1.2504761904761905
2026-03-10,traditional_baguette,Traditional Baguette,Bread,morning,257,1.2454887218045114
2026-03-11,brioche,Brioche,Pastry,evening,2,6.0
2026-03-11,brioche,Brioche,Pastry,midday,1,6.0
2026-03-11,brioche,Brioche,Pastry,morning,3,6.0
2026-03-11,butter_croissant,Butter Croissant,Pastry,evening,5,1.2
2026-03-11,butter_croissant,Butter Croissant,Pastry,midday,1,1.2
2026-03-11,butter_croissant,Butter Croissant,Pastry,morning,100,1.2457142857142858
2026-03-11,chocolate_cookie,Chocolate Cookie,Dessert,evening,3,1.15
2026-03-11,chocolate_cookie,Chocolate Cookie,Dessert,midday,2,1.15
2026-03-11,chocolate_cookie,Chocolate Cookie,Dessert,morning,4,1.15
2026-03-11,coffee_bun_sweet_bun,Coffee Bun / Sweet Bun,Pastry,evening,1,9.0
2026-03-11,coffee_bun_sweet_bun,Coffee Bun / Sweet Bun,Pastry,midday,3,5.65
2026-03-11,coffee_bun_sweet_bun,Coffee Bun / Sweet Bun,Pastry,morning,4,4.533333333333333
2026-03-11,country_sourdough,Country Sourdough,Bread,evening,11,1.9000000000000001
2026-03-11,country_sourdough,Country Sourdough,Bread,midday,19,1.8176470588235294
2026-03-11,country_sourdough,Country Sourdough,Bread,morning,45,1.9025000000000003
2026-03-11,fruit_tart,Fruit Tart,Dessert,evening,2,2.2
2026-03-11,fruit_tart,Fruit Tart,Dessert,midday,10,2.6333333333333333
2026-03-11,fruit_tart,Fruit Tart,Dessert,morning,5,2.2
2026-03-11,ham_cheese_sandwich,Ham & Cheese Sandwich,Savory,midday,20,6.833333333333333
2026-03-11,ham_cheese_sandwich,Ham & Cheese Sandwich,Savory,morning,10,5.25
2026-03-11,pain_au_chocolat,Pain au Chocolat,Pastry,evening,5,1.3
2026-03-11,pain_au_chocolat,Pain au Chocolat,Pastry,midday,2,1.3
2026-03-11,pain_au_chocolat,Pain au Chocolat,Pastry,morning,61,1.3000000000000003
2026-03-11,traditional_baguette,Traditional Baguette,Bread,evening,59,1.3
2026-03-11,traditional_baguette,Traditional Baguette,Bread,midday,195,1.2685000000000002
2026-03-11,traditional_baguette,Traditional Baguette,Bread,morning,311,1.2403125000000002
2026-03-12,brioche,Brioche,Pastry,evening,1,6.0
2026-03-12,brioche,Brioche,Pastry,midday,1,6.0
2026-03-12,brioche,Brioche,Pastry,morning,3,6.0
2026-03-12,butter_croissant,Butter Croissant,Pastry,evening,4,1.4
2026-03-12,butter_croissant,Butter Croissant,Pastry,midday,5,1.4666666666666668
2026-03-12,butter_croissant,Butter Croissant,Pastry,morning,147,1.2266666666666666
2026-03-12,chocolate_cookie,Chocolate Cookie,Dessert,evening,3,1.15
2026-03-12,chocolate_cookie,Chocolate Cookie,Dessert,midday,4,1.15
2026-03-12,chocolate_cookie,Chocolate Cookie,Dessert,morning,9,1.15
2026-03-12,coffee_bun_sweet_bun,Coffee Bun / Sweet Bun,Pastry,evening,5,5.65
2026-03-12,coffee_bun_sweet_bun,Coffee Bun / Sweet Bun,Pastry,midday,10,5.65
2026-03-12,coffee_bun_sweet_bun,Coffee Bun / Sweet Bun,Pastry,morning,7,6.32
2026-03-12,country_sourdough,Country Sourdough,Bread,evening,9,2.342857142857143
2026-03-12,country_sourdough,Country Sourdough,Bread,midday,18,1.80625
2026-03-12,country_sourdough,Country Sourdough,Bread,morning,41,1.8742857142857146
2026-03-12,fruit_tart,Fruit Tart,Dessert,evening,1,2.2
2026-03-12,fruit_tart,Fruit Tart,Dessert,midday,8,2.72
2026-03-12,fruit_tart,Fruit Tart,Dessert,morning,1,3.5
2026-03-12,ham_cheese_sandwich,Ham & Cheese Sandwich,Savory,evening,3,5.0
2026-03-12,ham_cheese_sandwich,Ham & Cheese Sandwich,Savory,midday,14,6.333333333333333
2026-03-12,ham_cheese_sandwich,Ham & Cheese Sandwich,Savory,morning,4,4.0
2026-03-12,pain_au_chocolat,Pain au Chocolat,Pastry,morning,94,1.3
2026-03-12,traditional_baguette,Traditional Baguette,Bread,evening,64,1.2777777777777777
2026-03-12,traditional_baguette,Traditional Baguette,Bread,midday,146,1.2535714285714286
2026-03-12,traditional_baguette,Traditional Baguette,Bread,morning,333,1.2484375
2026-03-13,brioche,Brioche,Pastry,evening,2,6.0
2026-03-13,brioche,Brioche,Pastry,midday,1,6.0
2026-03-13,brioche,Brioche,Pastry,morning,6,6.0
2026-03-13,butter_croissant,Butter Croissant,Pastry,evening,11,1.4
2026-03-13,butter_croissant,Butter Croissant,Pastry,midday,8,1.2
2026-03-13,butter_croissant,Butter Croissant,Pastry,morning,113,1.2333333333333334
2026-03-13,chocolate_cookie,Chocolate Cookie,Dessert,evening,4,1.15
2026-03-13,chocolate_cookie,Chocolate Cookie,Dessert,midday,8,1.15
2026-03-13,chocolate_cookie,Chocolate Cookie,Dessert,morning,13,1.15
2026-03-13,coffee_bun_sweet_bun,Coffee Bun / Sweet Bun,Pastry,evening,5,5.65
2026-03-13,coffee_bun_sweet_bun,Coffee Bun / Sweet Bun,Pastry,midday,14,4.8125
2026-03-13,coffee_bun_sweet_bun,Coffee Bun / Sweet Bun,Pastry,morning,5,5.65
2026-03-13,country_sourdough,Country Sourdough,Bread,evening,16,1.8928571428571428
2026-03-13,country_sourdough,Country Sourdough,Bread,midday,21,2.005
2026-03-13,country_sourdough,Country Sourdough,Bread,morning,43,1.7735294117647058
2026-03-13,fruit_tart,Fruit Tart,Dessert,evening,2,2.2
2026-03-13,fruit_tart,Fruit Tart,Dessert,midday,4,4.8
2026-03-13,fruit_tart,Fruit Tart,Dessert,morning,4,3.0666666666666664
2026-03-13,ham_cheese_sandwich,Ham & Cheese Sandwich,Savory,evening,7,4.5
2026-03-13,ham_cheese_sandwich,Ham & Cheese Sandwich,Savory,midday,14,5.583333333333333
2026-03-13,ham_cheese_sandwich,Ham & Cheese Sandwich,Savory,morning,7,5.8
2026-03-13,pain_au_chocolat,Pain au Chocolat,Pastry,evening,16,1.3
2026-03-13,pain_au_chocolat,Pain au Chocolat,Pastry,midday,2,1.3
2026-03-13,pain_au_chocolat,Pain au Chocolat,Pastry,morning,85,1.3
2026-03-13,traditional_baguette,Traditional Baguette,Bread,evening,69,1.3051282051282052
2026-03-13,traditional_baguette,Traditional Baguette,Bread,midday,169,1.259090909090909
2026-03-13,traditional_baguette,Traditional Baguette,Bread,morning,308,1.2565625
2026-03-14,brioche,Brioche,Pastry,evening,1,6.0
2026-03-14,brioche,Brioche,Pastry,midday,2,6.0
2026-03-14,brioche,Brioche,Pastry,morning,2,6.0
2026-03-14,butter_croissant,Butter Croissant,Pastry,evening,10,1.28
2026-03-14,butter_croissant,Butter Croissant,Pastry,midday,11,1.3
2026-03-14,butter_croissant,Butter Croissant,Pastry,morning,167,1.2363636363636363
2026-03-14,chocolate_cookie,Chocolate Cookie,Dessert,midday,1,1.15
2026-03-14,chocolate_cookie,Chocolate Cookie,Dessert,morning,7,1.15
2026-03-14,coffee_bun_sweet_bun,Coffee Bun / Sweet Bun,Pastry,evening,10,2.3
2026-03-14,coffee_bun_sweet_bun,Coffee Bun / Sweet Bun,Pastry,midday,10,6.766666666666667
2026-03-14,coffee_bun_sweet_bun,Coffee Bun / Sweet Bun,Pastry,morning,6,4.533333333333334
2026-03-14,country_sourdough,Country Sourdough,Bread,evening,9,1.6444444444444446
2026-03-14,country_sourdough,Country Sourdough,Bread,midday,12,2.0727272727272728
2026-03-14,country_sourdough,Country Sourdough,Bread,morning,57,1.8068181818181819
2026-03-14,fruit_tart,Fruit Tart,Dessert,evening,2,3.5
2026-03-14,fruit_tart,Fruit Tart,Dessert,midday,10,10.14
2026-03-14,fruit_tart,Fruit Tart,Dessert,morning,12,5.1375
2026-03-14,ham_cheese_sandwich,Ham & Cheese Sandwich,Savory,midday,20,6.454545454545454
2026-03-14,ham_cheese_sandwich,Ham & Cheese Sandwich,Savory,morning,4,4.5
2026-03-14,pain_au_chocolat,Pain au Chocolat,Pastry,evening,1,1.3
2026-03-14,pain_au_chocolat,Pain au Chocolat,Pastry,midday,11,1.3
2026-03-14,pain_au_chocolat,Pain au Chocolat,Pastry,morning,81,1.3
2026-03-14,traditional_baguette,Traditional Baguette,Bread,evening,65,1.2902439024390244
2026-03-14,traditional_baguette,Traditional Baguette,Bread,midday,176,1.2826315789473686
2026-03-14,traditional_baguette,Traditional Baguette,Bread,morning,384,1.254871794871795
2026-03-15,brioche,Brioche,Pastry,midday,6,6.0
2026-03-15,brioche,Brioche,Pastry,morning,10,6.0
2026-03-15,butter_croissant,Butter Croissant,Pastry,midday,18,1.2888888888888888
2026-03-15,butter_croissant,Butter Croissant,Pastry,morning,266,1.236842105263158
2026-03-15,chocolate_cookie,Chocolate Cookie,Dessert,midday,11,1.15
2026-03-15,chocolate_cookie,Chocolate Cookie,Dessert,morning,13,1.15
2026-03-15,coffee_bun_sweet_bun,Coffee Bun / Sweet Bun,Pastry,midday,25,5.6499999999999995
2026-03-15,coffee_bun_sweet_bun,Coffee Bun / Sweet Bun,Pastry,morning,22,4.736363636363636
2026-03-15,country_sourdough,Country Sourdough,Bread,midday,38,1.8294117647058825
2026-03-15,country_sourdough,Country Sourdough,Bread,morning,61,1.8851063829787233
2026-03-15,fruit_tart,Fruit Tart,Dessert,midday,18,5.953846153846154
2026-03-15,fruit_tart,Fruit Tart,Dessert,morning,29,7.022222222222222
2026-03-15,ham_cheese_sandwich,Ham & Cheese Sandwich,Savory,midday,2,7.0
2026-03-15,pain_au_chocolat,Pain au Chocolat,Pastry,midday,17,1.3
2026-03-15,pain_au_chocolat,Pain au Chocolat,Pastry,morning,215,1.3
2026-03-15,traditional_baguette,Traditional Baguette,Bread,midday,381,1.2642857142857142
2026-03-15,traditional_baguette,Traditional Baguette,Bread,morning,437,1.2454976303317535
2026-03-16,brioche,Brioche,Pastry,midday,2,6.0
2026-03-16,brioche,Brioche,Pastry,morning,6,6.0
2026-03-16,butter_croissant,Butter Croissant,Pastry,midday,7,1.2
2026-03-16,butter_croissant,Butter Croissant,Pastry,morning,155,1.24
2026-03-16,chocolate_cookie,Chocolate Cookie,Dessert,midday,8,1.15
2026-03-16,chocolate_cookie,Chocolate Cookie,Dessert,morning,3,1.15
2026-03-16,coffee_bun_sweet_bun,Coffee Bun / Sweet Bun,Pastry,midday,24,3.7888888888888883
2026-03-16,coffee_bun_sweet_bun,Coffee Bun / Sweet Bun,Pastry,morning,7,6.766666666666667
2026-03-16,country_sourdough,Country Sourdough,Bread,midday,25,1.6350000000000002
2026-03-16,country_sourdough,Country Sourdough,Bread,morning,54,1.8714285714285714
2026-03-16,fruit_tart,Fruit Tart,Dessert,midday,14,7.288888888888888
2026-03-16,fruit_tart,Fruit Tart,Dessert,morning,25,7.2125
2026-03-16,ham_cheese_sandwich,Ham & Cheese Sandwich,Savory,midday,5,7.0
2026-03-16,ham_cheese_sandwich,Ham & Cheese Sandwich,Savory,morning,1,4.0
2026-03-16,pain_au_chocolat,Pain au Chocolat,Pastry,midday,5,1.3
2026-03-16,pain_au_chocolat,Pain au Chocolat,Pastry,morning,104,1.3
2026-03-16,traditional_baguette,Traditional Baguette,Bread,midday,221,1.285483870967742
2026-03-16,traditional_baguette,Traditional Baguette,Bread,morning,452,1.2524553571428572
2026-03-17,brioche,Brioche,Pastry,morning,7,6.0
2026-03-17,butter_croissant,Butter Croissant,Pastry,evening,5,1.4
2026-03-17,butter_croissant,Butter Croissant,Pastry,midday,6,1.3
2026-03-17,butter_croissant,Butter Croissant,Pastry,morning,61,1.2
2026-03-17,chocolate_cookie,Chocolate Cookie,Dessert,evening,1,1.15
2026-03-17,chocolate_cookie,Chocolate Cookie,Dessert,midday,10,1.15
2026-03-17,chocolate_cookie,Chocolate Cookie,Dessert,morning,5,1.15
2026-03-17,coffee_bun_sweet_bun,Coffee Bun / Sweet Bun,Pastry,midday,5,7.325
2026-03-17,coffee_bun_sweet_bun,Coffee Bun / Sweet Bun,Pastry,morning,2,2.3
2026-03-17,country_sourdough,Country Sourdough,Bread,evening,8,2.1714285714285717
2026-03-17,country_sourdough,Country Sourdough,Bread,midday,19,1.5055555555555555
2026-03-17,country_sourdough,Country Sourdough,Bread,morning,40,1.8685714285714288
2026-03-17,fruit_tart,Fruit Tart,Dessert,evening,3,2.2
2026-03-17,fruit_tart,Fruit Tart,Dessert,midday,11,2.85
2026-03-17,fruit_tart,Fruit Tart,Dessert,morning,3,14.733333333333334
2026-03-17,ham_cheese_sandwich,Ham & Cheese Sandwich,Savory,evening,2,5.0
2026-03-17,ham_cheese_sandwich,Ham & Cheese Sandwich,Savory,midday,12,6.333333333333333
2026-03-17,ham_cheese_sandwich,Ham & Cheese Sandwich,Savory,morning,6,5.4
2026-03-17,pain_au_chocolat,Pain au Chocolat,Pastry,evening,6,1.3
2026-03-17,pain_au_chocolat,Pain au Chocolat,Pastry,midday,10,1.3
2026-03-17,pain_au_chocolat,Pain au Chocolat,Pastry,morning,46,1.3
2026-03-17,traditional_baguette,Traditional Baguette,Bread,evening,88,1.2902439024390244
2026-03-17,traditional_baguette,Traditional Baguette,Bread,midday,193,1.2683035714285715
2026-03-17,traditional_baguette,Traditional Baguette,Bread,morning,201,1.2659090909090909
2026-03-18,brioche,Brioche,Pastry,evening,1,6.0
2026-03-18,brioche,Brioche,Pastry,midday,2,6.0
2026-03-18,brioche,Brioche,Pastry,morning,2,6.0
2026-03-18,butter_croissant,Butter Croissant,Pastry,evening,1,1.6
2026-03-18,butter_croissant,Butter Croissant,Pastry,midday,3,1.4
2026-03-18,butter_croissant,Butter Croissant,Pastry,morning,74,1.2399999999999998
2026-03-18,chocolate_cookie,Chocolate Cookie,Dessert,evening,7,1.15
2026-03-18,chocolate_cookie,Chocolate Cookie,Dessert,midday,1,1.15
2026-03-18,chocolate_cookie,Chocolate Cookie,Dessert,morning,7,1.15
2026-03-18,coffee_bun_sweet_bun,Coffee Bun / Sweet Bun,Pastry,evening,4,9.0
2026-03-18,coffee_bun_sweet_bun,Coffee Bun / Sweet Bun,Pastry,midday,2,9.0
2026-03-18,coffee_bun_sweet_bun,Coffee Bun / Sweet Bun,Pastry,morning,8,3.9749999999999996
2026-03-18,country_sourdough,Country Sourdough,Bread,evening,10,2.2625
2026-03-18,country_sourdough,Country Sourdough,Bread,midday,20,1.9888888888888887
2026-03-18,country_sourdough,Country Sourdough,Bread,morning,41,1.6833333333333333
2026-03-18,fruit_tart,Fruit Tart,Dessert,evening,6,2.6333333333333333
2026-03-18,fruit_tart,Fruit Tart,Dessert,midday,2,2.85
2026-03-18,fruit_tart,Fruit Tart,Dessert,morning,7,2.6333333333333333
2026-03-18,ham_cheese_sandwich,Ham & Cheese Sandwich,Savory,evening,3,7.0
2026-03-18,ham_cheese_sandwich,Ham & Cheese Sandwich,Savory,midday,6,6.5
2026-03-18,ham_cheese_sandwich,Ham & Cheese Sandwich,Savory,morning,3,4.5
2026-03-18,pain_au_chocolat,Pain au Chocolat,Pastry,evening,7,1.3
2026-03-18,pain_au_chocolat,Pain au Chocolat,Pastry,morning,63,1.3
2026-03-18,traditional_baguette,Traditional Baguette,Bread,evening,71,1.303125
2026-03-18,traditional_baguette,Traditional Baguette,Bread,midday,175,1.2760416666666667
2026-03-18,traditional_baguette,Traditional Baguette,Bread,morning,231,1.251219512195122
2026-03-19,brioche,Brioche,Pastry,evening,1,6.0
2026-03-19,brioche,Brioche,Pastry,midday,1,6.0
2026-03-19,brioche,Brioche,Pastry,morning,4,6.0
2026-03-19,butter_croissant,Butter Croissant,Pastry,midday,1,1.6
2026-03-19,butter_croissant,Butter Croissant,Pastry,morning,122,1.21
2026-03-19,chocolate_cookie,Chocolate Cookie,Dessert,midday,7,1.15
2026-03-19,chocolate_cookie,Chocolate Cookie,Dessert,morning,11,1.15
2026-03-19,coffee_bun_sweet_bun,Coffee Bun / Sweet Bun,Pastry,midday,10,2.3
2026-03-19,coffee_bun_sweet_bun,Coffee Bun / Sweet Bun,Pastry,morning,10,5.171428571428572
2026-03-19,country_sourdough,Country Sourdough,Bread,evening,3,1.7
2026-03-19,country_sourdough,Country Sourdough,Bread,midday,14,1.8583333333333334
2026-03-19,country_sourdough,Country Sourdough,Bread,morning,57,1.828846153846154
2026-03-19,fruit_tart,Fruit Tart,Dessert,evening,4,3.0666666666666664
2026-03-19,fruit_tart,Fruit Tart,Dessert,midday,6,2.72
2026-03-19,fruit_tart,Fruit Tart,Dessert,morning,3,2.85
2026-03-19,ham_cheese_sandwich,Ham & Cheese Sandwich,Savory,midday,10,5.875
2026-03-19,ham_cheese_sandwich,Ham & Cheese Sandwich,Savory,morning,4,5.75
2026-03-19,pain_au_chocolat,Pain au Chocolat,Pastry,evening,3,1.3
2026-03-19,pain_au_chocolat,Pain au Chocolat,Pastry,midday,10,1.3
2026-03-19,pain_au_chocolat,Pain au Chocolat,Pastry,morning,93,1.3
2026-03-19,traditional_baguette,Traditional Baguette,Bread,evening,98,1.2365384615384616
2026-03-19,traditional_baguette,Traditional Baguette,Bread,midday,199,1.2662393162393162
2026-03-19,traditional_baguette,Traditional Baguette,Bread,morning,300,1.241509433962264
2026-03-20,brioche,Brioche,Pastry,evening,1,6.0
2026-03-20,brioche,Brioche,Pastry,midday,1,6.0
2026-03-20,brioche,Brioche,Pastry,morning,3,6.0
2026-03-20,butter_croissant,Butter Croissant,Pastry,midday,7,1.2
2026-03-20,butter_croissant,Butter Croissant,Pastry,morning,84,1.2399999999999998
2026-03-20,chocolate_cookie,Chocolate Cookie,Dessert,evening,6,1.15
2026-03-20,chocolate_cookie,Chocolate Cookie,Dessert,midday,2,1.15
2026-03-20,chocolate_cookie,Chocolate Cookie,Dessert,morning,12,1.15
2026-03-20,coffee_bun_sweet_bun,Coffee Bun / Sweet Bun,Pastry,evening,3,4.533333333333333
2026-03-20,coffee_bun_sweet_bun,Coffee Bun / Sweet Bun,Pastry,midday,6,7.325
2026-03-20,coffee_bun_sweet_bun,Coffee Bun / Sweet Bun,Pastry,morning,9,3.6399999999999997
2026-03-20,country_sourdough,Country Sourdough,Bread,evening,8,1.9428571428571428
2026-03-20,country_sourdough,Country Sourdough,Bread,midday,33,1.8071428571428572
2026-03-20,country_sourdough,Country Sourdough,Bread,morning,22,1.7600000000000002
2026-03-20,fruit_tart,Fruit Tart,Dessert,evening,2,6.75
2026-03-20,fruit_tart,Fruit Tart,Dessert,midday,1,3.5
2026-03-20,fruit_tart,Fruit Tart,Dessert,morning,1,2.2
2026-03-20,ham_cheese_sandwich,Ham & Cheese Sandwich,Savory,midday,8,5.571428571428571
2026-03-20,ham_cheese_sandwich,Ham & Cheese Sandwich,Savory,morning,2,4.5
2026-03-20,pain_au_chocolat,Pain au Chocolat,Pastry,evening,5,1.3
2026-03-20,pain_au_chocolat,Pain au Chocolat,Pastry,midday,11,1.3
2026-03-20,pain_au_chocolat,Pain au Chocolat,Pastry,morning,55,1.3
2026-03-20,traditional_baguette,Traditional Baguette,Bread,evening,61,1.2952380952380953
2026-03-20,traditional_baguette,Traditional Baguette,Bread,midday,184,1.2730000000000001
2026-03-20,traditional_baguette,Traditional Baguette,Bread,morning,206,1.2535714285714286
2026-03-21,brioche,Brioche,Pastry,evening,3,6.0
2026-03-21,brioche,Brioche,Pastry,midday,1,6.0
2026-03-21,brioche,Brioche,Pastry,morning,5,6.0
2026-03-21,butter_croissant,Butter Croissant,Pastry,evening,19,1.2666666666666666
2026-03-21,butter_croissant,Butter Croissant,Pastry,midday,14,1.2666666666666666
2026-03-21,butter_croissant,Butter Croissant,Pastry,morning,85,1.2352941176470589
2026-03-21,chocolate_cookie,Chocolate Cookie,Dessert,evening,11,1.15
2026-03-21,chocolate_cookie,Chocolate Cookie,Dessert,midday,4,1.15
2026-03-21,chocolate_cookie,Chocolate Cookie,Dessert,morning,6,1.15
2026-03-21,coffee_bun_sweet_bun,Coffee Bun / Sweet Bun,Pastry,evening,15,6.4875
2026-03-21,coffee_bun_sweet_bun,Coffee Bun / Sweet Bun,Pastry,midday,9,2.3
2026-03-21,coffee_bun_sweet_bun,Coffee Bun / Sweet Bun,Pastry,morning,9,3.4166666666666665
2026-03-21,country_sourdough,Country Sourdough,Bread,evening,16,1.6333333333333333
2026-03-21,country_sourdough,Country Sourdough,Bread,midday,17,2.3529411764705883
2026-03-21,country_sourdough,Country Sourdough,Bread,morning,48,1.8171428571428572
2026-03-21,fruit_tart,Fruit Tart,Dessert,evening,13,7.733333333333333
2026-03-21,fruit_tart,Fruit Tart,Dessert,midday,7,7.1
2026-03-21,fruit_tart,Fruit Tart,Dessert,morning,6,6.92
2026-03-21,ham_cheese_sandwich,Ham & Cheese Sandwich,Savory,evening,1,5.0
2026-03-21,ham_cheese_sandwich,Ham & Cheese Sandwich,Savory,midday,6,5.0
2026-03-21,ham_cheese_sandwich,Ham & Cheese Sandwich,Savory,morning,17,5.25
2026-03-21,pain_au_chocolat,Pain au Chocolat,Pastry,evening,5,1.3
2026-03-21,pain_au_chocolat,Pain au Chocolat,Pastry,midday,10,1.3
2026-03-21,pain_au_chocolat,Pain au Chocolat,Pastry,morning,68,1.3
2026-03-21,traditional_baguette,Traditional Baguette,Bread,evening,84,1.2680851063829788
2026-03-21,traditional_baguette,Traditional Baguette,Bread,midday,146,1.2711764705882354
2026-03-21,traditional_baguette,Traditional Baguette,Bread,morning,301,1.2401960784313726
2026-03-22,brioche,Brioche,Pastry,midday,1,6.0
2026-03-22,brioche,Brioche,Pastry,morning,10,6.0
2026-03-22,butter_croissant,Butter Croissant,Pastry,midday,15,1.3333333333333333
2026-03-22,butter_croissant,Butter Croissant,Pastry,morning,173,1.2333333333333334
2026-03-22,chocolate_cookie,Chocolate Cookie,Dessert,midday,5,1.15
2026-03-22,chocolate_cookie,Chocolate Cookie,Dessert,morning,10,1.15
2026-03-22,coffee_bun_sweet_bun,Coffee Bun / Sweet Bun,Pastry,midday,20,5.65
2026-03-22,coffee_bun_sweet_bun,Coffee Bun / Sweet Bun,Pastry,morning,15,4.127272727272727
2026-03-22,country_sourdough,Country Sourdough,Bread,midday,22,1.75
2026-03-22,country_sourdough,Country Sourdough,Bread,morning,44,1.8666666666666667
2026-03-22,fruit_tart,Fruit Tart,Dessert,midday,31,6.075
2026-03-22,fruit_tart,Fruit Tart,Dessert,morning,24,5.964285714285714
2026-03-22,ham_cheese_sandwich,Ham & Cheese Sandwich,Savory,morning,4,7.0
2026-03-22,pain_au_chocolat,Pain au Chocolat,Pastry,midday,19,1.3
2026-03-22,pain_au_chocolat,Pain au Chocolat,Pastry,morning,122,1.3
2026-03-22,traditional_baguette,Traditional Baguette,Bread,midday,316,1.2608695652173914
2026-03-22,traditional_baguette,Traditional Baguette,Bread,morning,358,1.2435567010309279
2026-03-23,brioche,Brioche,Pastry,evening,2,6.0
2026-03-23,brioche,Brioche,Pastry,morning,4,6.0
2026-03-23,butter_croissant,Butter Croissant,Pastry,evening,2,1.2
2026-03-23,butter_croissant,Butter Croissant,Pastry,midday,13,1.2571428571428573
2026-03-23,butter_croissant,Butter Croissant,Pastry,morning,76,1.238709677419355
2026-03-23,chocolate_cookie,Chocolate Cookie,Dessert,midday,13,1.15
2026-03-23,chocolate_cookie,Chocolate Cookie,Dessert,morning,1,1.15
2026-03-23,coffee_bun_sweet_bun,Coffee Bun / Sweet Bun,Pastry,evening,5,4.533333333333334
2026-03-23,coffee_bun_sweet_bun,Coffee Bun / Sweet Bun,Pastry,midday,5,7.325
2026-03-23,coffee_bun_sweet_bun,Coffee Bun / Sweet Bun,Pastry,morning,2,5.65
2026-03-23,country_sourdough,Country Sourdough,Bread,evening,6,1.55
2026-03-23,country_sourdough,Country Sourdough,Bread,midday,14,1.8846153846153846
2026-03-23,country_sourdough,Country Sourdough,Bread,morning,37,1.7321428571428572
2026-03-23,fruit_tart,Fruit Tart,Dessert,evening,4,2.2
2026-03-23,fruit_tart,Fruit Tart,Dessert,midday,7,4.5600000000000005
2026-03-23,fruit_tart,Fruit Tart,Dessert,morning,10,2.85
2026-03-23,ham_cheese_sandwich,Ham & Cheese Sandwich,Savory,midday,15,5.666666666666667
2026-03-23,ham_cheese_sandwich,Ham & Cheese Sandwich,Savory,morning,6,5.4
2026-03-23,pain_au_chocolat,Pain au Chocolat,Pastry,evening,3,1.3
2026-03-23,pain_au_chocolat,Pain au Chocolat,Pastry,midday,5,1.3
2026-03-23,pain_au_chocolat,Pain au Chocolat,Pastry,morning,64,1.3000000000000003
2026-03-23,traditional_baguette,Traditional Baguette,Bread,evening,72,1.2739583333333335
2026-03-23,traditional_baguette,Traditional Baguette,Bread,midday,181,1.2692307692307692
2026-03-23,traditional_baguette,Traditional Baguette,Bread,morning,197,1.2266666666666668
2026-03-24,brioche,Brioche,Pastry,midday,1,6.0
2026-03-24,butter_croissant,Butter Croissant,Pastry,evening,3,1.4
2026-03-24,butter_croissant,Butter Croissant,Pastry,midday,2,1.6
2026-03-24,butter_croissant,Butter Croissant,Pastry,morning,49,1.2347826086956522
2026-03-24,chocolate_cookie,Chocolate Cookie,Dessert,evening,1,1.15
2026-03-24,chocolate_cookie,Chocolate Cookie,Dessert,midday,2,1.15
2026-03-24,chocolate_cookie,Chocolate Cookie,Dessert,morning,7,1.15
2026-03-24,coffee_bun_sweet_bun,Coffee Bun / Sweet Bun,Pastry,evening,6,5.65
2026-03-24,coffee_bun_sweet_bun,Coffee Bun / Sweet Bun,Pastry,midday,3,5.65
2026-03-24,coffee_bun_sweet_bun,Coffee Bun / Sweet Bun,Pastry,morning,10,3.9749999999999996
2026-03-24,country_sourdough,Country Sourdough,Bread,evening,10,1.95
2026-03-24,country_sourdough,Country Sourdough,Bread,midday,10,1.49
2026-03-24,country_sourdough,Country Sourdough,Bread,morning,24,1.9285714285714286
2026-03-24,fruit_tart,Fruit Tart,Dessert,evening,2,2.2
2026-03-24,fruit_tart,Fruit Tart,Dessert,midday,7,2.6333333333333333
2026-03-24,fruit_tart,Fruit Tart,Dessert,morning,4,2.6333333333333333
2026-03-24,ham_cheese_sandwich,Ham & Cheese Sandwich,Savory,midday,14,5.7272727272727275
2026-03-24,ham_cheese_sandwich,Ham & Cheese Sandwich,Savory,morning,13,6.666666666666667
2026-03-24,pain_au_chocolat,Pain au Chocolat,Pastry,evening,9,1.3
2026-03-24,pain_au_chocolat,Pain au Chocolat,Pastry,midday,5,1.3
2026-03-24,pain_au_chocolat,Pain au Chocolat,Pastry,morning,47,1.3
2026-03-24,traditional_baguette,Traditional Baguette,Bread,evening,70,1.267948717948718
2026-03-24,traditional_baguette,Traditional Baguette,Bread,midday,131,1.2481250000000002
2026-03-24,traditional_baguette,Traditional Baguette,Bread,morning,145,1.2285714285714286
2026-03-25,brioche,Brioche,Pastry,evening,3,6.0
2026-03-25,brioche,Brioche,Pastry,morning,2,6.0
2026-03-25,butter_croissant,Butter Croissant,Pastry,evening,3,1.2
2026-03-25,butter_croissant,Butter Croissant,Pastry,midday,4,1.4
2026-03-25,butter_croissant,Butter Croissant,Pastry,morning,55,1.232
2026-03-25,chocolate_cookie,Chocolate Cookie,Dessert,midday,4,1.15
2026-03-25,chocolate_cookie,Chocolate Cookie,Dessert,morning,5,1.15
2026-03-25,coffee_bun_sweet_bun,Coffee Bun / Sweet Bun,Pastry,evening,7,4.9799999999999995
2026-03-25,coffee_bun_sweet_bun,Coffee Bun / Sweet Bun,Pastry,midday,3,2.3
2026-03-25,coffee_bun_sweet_bun,Coffee Bun / Sweet Bun,Pastry,morning,3,2.3
2026-03-25,country_sourdough,Country Sourdough,Bread,evening,9,1.625
2026-03-25,country_sourdough,Country Sourdough,Bread,midday,9,2.1555555555555554
2026-03-25,country_sourdough,Country Sourdough,Bread,morning,30,1.8
2026-03-25,fruit_tart,Fruit Tart,Dessert,evening,3,2.2
2026-03-25,fruit_tart,Fruit Tart,Dessert,midday,6,2.5250000000000004
2026-03-25,fruit_tart,Fruit Tart,Dessert,morning,3,2.6333333333333333
2026-03-25,ham_cheese_sandwich,Ham & Cheese Sandwich,Savory,evening,4,7.0
2026-03-25,ham_cheese_sandwich,Ham & Cheese Sandwich,Savory,midday,12,6.125
2026-03-25,ham_cheese_sandwich,Ham & Cheese Sandwich,Savory,morning,1,5.0
2026-03-25,pain_au_chocolat,Pain au Chocolat,Pastry,evening,6,1.3
2026-03-25,pain_au_chocolat,Pain au Chocolat,Pastry,midday,2,1.3
2026-03-25,pain_au_chocolat,Pain au Chocolat,Pastry,morning,52,1.3
2026-03-25,traditional_baguette,Traditional Baguette,Bread,evening,65,1.263953488372093
2026-03-25,traditional_baguette,Traditional Baguette,Bread,midday,130,1.267948717948718
2026-03-25,traditional_baguette,Traditional Baguette,Bread,morning,177,1.2572115384615385
2026-03-26,brioche,Brioche,Pastry,evening,1,6.0
2026-03-26,brioche,Brioche,Pastry,midday,2,6.0
2026-03-26,brioche,Brioche,Pastry,morning,1,6.0
2026-03-26,butter_croissant,Butter Croissant,Pastry,evening,2,1.2
2026-03-26,butter_croissant,Butter Croissant,Pastry,midday,7,1.3333333333333333
2026-03-26,butter_croissant,Butter Croissant,Pastry,morning,48,1.2545454545454544
2026-03-26,chocolate_cookie,Chocolate Cookie,Dessert,evening,1,1.15
2026-03-26,chocolate_cookie,Chocolate Cookie,Dessert,midday,6,1.15
2026-03-26,chocolate_cookie,Chocolate Cookie,Dessert,morning,9,1.15
2026-03-26,coffee_bun_sweet_bun,Coffee Bun / Sweet Bun,Pastry,midday,4,6.766666666666667
2026-03-26,coffee_bun_sweet_bun,Coffee Bun / Sweet Bun,Pastry,morning,5,7.325
2026-03-26,country_sourdough,Country Sourdough,Bread,evening,7,1.7857142857142858
2026-03-26,country_sourdough,Country Sourdough,Bread,midday,19,1.911764705882353
2026-03-26,country_sourdough,Country Sourdough,Bread,morning,25,1.7285714285714289
2026-03-26,fruit_tart,Fruit Tart,Dessert,evening,1,2.2
2026-03-26,fruit_tart,Fruit Tart,Dessert,midday,11,2.4166666666666665
2026-03-26,ham_cheese_sandwich,Ham & Cheese Sandwich,Savory,midday,14,6.230769230769231
2026-03-26,ham_cheese_sandwich,Ham & Cheese Sandwich,Savory,morning,8,6.0
2026-03-26,pain_au_chocolat,Pain au Chocolat,Pastry,evening,1,1.3
2026-03-26,pain_au_chocolat,Pain au Chocolat,Pastry,midday,3,1.3
2026-03-26,pain_au_chocolat,Pain au Chocolat,Pastry,morning,26,1.3
2026-03-26,traditional_baguette,Traditional Baguette,Bread,evening,52,1.291891891891892
2026-03-26,traditional_baguette,Traditional Baguette,Bread,midday,131,1.2583333333333333
2026-03-26,traditional_baguette,Traditional Baguette,Bread,morning,150,1.228191489361702
2026-03-27,brioche,Brioche,Pastry,midday,1,6.0
2026-03-27,brioche,Brioche,Pastry,morning,2,6.0
2026-03-27,butter_croissant,Butter Croissant,Pastry,midday,6,1.4
2026-03-27,butter_croissant,Butter Croissant,Pastry,morning,54,1.2695652173913043
2026-03-27,chocolate_cookie,Chocolate Cookie,Dessert,evening,3,1.15
2026-03-27,chocolate_cookie,Chocolate Cookie,Dessert,midday,2,1.15
2026-03-27,chocolate_cookie,Chocolate Cookie,Dessert,morning,6,1.15
2026-03-27,coffee_bun_sweet_bun,Coffee Bun / Sweet Bun,Pastry,evening,2,2.3
2026-03-27,coffee_bun_sweet_bun,Coffee Bun / Sweet Bun,Pastry,midday,2,2.3
2026-03-27,coffee_bun_sweet_bun,Coffee Bun / Sweet Bun,Pastry,morning,1,2.3
2026-03-27,country_sourdough,Country Sourdough,Bread,evening,7,1.8833333333333335
2026-03-27,country_sourdough,Country Sourdough,Bread,midday,19,1.61875
2026-03-27,country_sourdough,Country Sourdough,Bread,morning,20,1.7882352941176471
2026-03-27,fruit_tart,Fruit Tart,Dessert,midday,2,2.85
2026-03-27,fruit_tart,Fruit Tart,Dessert,morning,2,2.2
2026-03-27,ham_cheese_sandwich,Ham & Cheese Sandwich,Savory,midday,16,6.066666666666666
2026-03-27,ham_cheese_sandwich,Ham & Cheese Sandwich,Savory,morning,13,5.166666666666667
2026-03-27,pain_au_chocolat,Pain au Chocolat,Pastry,midday,4,1.3
2026-03-27,pain_au_chocolat,Pain au Chocolat,Pastry,morning,53,1.3
2026-03-27,traditional_baguette,Traditional Baguette,Bread,evening,53,1.303030303030303
2026-03-27,traditional_baguette,Traditional Baguette,Bread,midday,77,1.271875
2026-03-27,traditional_baguette,Traditional Baguette,Bread,morning,145,1.2578651685393258
2026-03-28,brioche,Brioche,Pastry,midday,3,6.0
2026-03-28,brioche,Brioche,Pastry,morning,1,6.0
2026-03-28,butter_croissant,Butter Croissant,Pastry,evening,2,1.6
2026-03-28,butter_croissant,Butter Croissant,Pastry,midday,2,1.2
2026-03-28,butter_croissant,Butter Croissant,Pastry,morning,52,1.2615384615384615
2026-03-28,chocolate_cookie,Chocolate Cookie,Dessert,evening,5,1.15
2026-03-28,chocolate_cookie,Chocolate Cookie,Dessert,morning,2,1.15
2026-03-28,coffee_bun_sweet_bun,Coffee Bun / Sweet Bun,Pastry,evening,1,2.3
2026-03-28,coffee_bun_sweet_bun,Coffee Bun / Sweet Bun,Pastry,midday,1,9.0
2026-03-28,coffee_bun_sweet_bun,Coffee Bun / Sweet Bun,Pastry,morning,7,6.32
2026-03-28,country_sourdough,Country Sourdough,Bread,evening,3,1.5
2026-03-28,country_sourdough,Country Sourdough,Bread,midday,10,2.25
2026-03-28,country_sourdough,Country Sourdough,Bread,morning,37,1.6928571428571428
2026-03-28,fruit_tart,Fruit Tart,Dessert,evening,1,21.0
2026-03-28,fruit_tart,Fruit Tart,Dessert,midday,4,8.1
2026-03-28,fruit_tart,Fruit Tart,Dessert,morning,10,2.46
2026-03-28,ham_cheese_sandwich,Ham & Cheese Sandwich,Savory,evening,1,5.0
2026-03-28,ham_cheese_sandwich,Ham & Cheese Sandwich,Savory,midday,3,6.0
2026-03-28,ham_cheese_sandwich,Ham & Cheese Sandwich,Savory,morning,12,4.4
2026-03-28,pain_au_chocolat,Pain au Chocolat,Pastry,evening,6,1.3
2026-03-28,pain_au_chocolat,Pain au Chocolat,Pastry,midday,1,1.3
2026-03-28,pain_au_chocolat,Pain au Chocolat,Pastry,morning,52,1.3
2026-03-28,traditional_baguette,Traditional Baguette,Bread,evening,37,1.286
2026-03-28,traditional_baguette,Traditional Baguette,Bread,midday,136,1.244078947368421
2026-03-28,traditional_baguette,Traditional Baguette,Bread,morning,181,1.2238532110091744
2026-03-29,brioche,Brioche,Pastry,midday,3,6.0
2026-03-29,brioche,Brioche,Pastry,morning,4,6.0
2026-03-29,butter_croissant,Butter Croissant,Pastry,midday,1,1.6
2026-03-29,butter_croissant,Butter Croissant,Pastry,morning,133,1.2177777777777776
2026-03-29,chocolate_cookie,Chocolate Cookie,Dessert,midday,6,1.15
2026-03-29,chocolate_cookie,Chocolate Cookie,Dessert,morning,6,1.15
2026-03-29,coffee_bun_sweet_bun,Coffee Bun / Sweet Bun,Pastry,midday,10,3.4166666666666665
2026-03-29,coffee_bun_sweet_bun,Coffee Bun / Sweet Bun,Pastry,morning,8,6.766666666666667
2026-03-29,country_sourdough,Country Sourdough,Bread,midday,22,1.6473684210526316
2026-03-29,country_sourdough,Country Sourdough,Bread,morning,37,1.7333333333333334
2026-03-29,fruit_tart,Fruit Tart,Dessert,midday,11,7.199999999999999
2026-03-29,fruit_tart,Fruit Tart,Dessert,morning,10,3.9333333333333336
2026-03-29,ham_cheese_sandwich,Ham & Cheese Sandwich,Savory,midday,3,6.0
2026-03-29,ham_cheese_sandwich,Ham & Cheese Sandwich,Savory,morning,24,5.0
2026-03-29,pain_au_chocolat,Pain au Chocolat,Pastry,midday,12,1.3
2026-03-29,pain_au_chocolat,Pain au Chocolat,Pastry,morning,64,1.3000000000000003
2026-03-29,traditional_baguette,Traditional Baguette,Bread,midday,185,1.2895833333333333
2026-03-29,traditional_baguette,Traditional Baguette,Bread,morning,260,1.222611464968153
2026-03-30,brioche,Brioche,Pastry,morning,1,6.0
2026-03-30,butter_croissant,Butter Croissant,Pastry,morning,54,1.2695652173913043
2026-03-30,chocolate_cookie,Chocolate Cookie,Dessert,evening,3,1.15
2026-03-30,chocolate_cookie,Chocolate Cookie,Dessert,morning,2,1.15
2026-03-30,coffee_bun_sweet_bun,Coffee Bun / Sweet Bun,Pastry,evening,1,2.3
2026-03-30,coffee_bun_sweet_bun,Coffee Bun / Sweet Bun,Pastry,morning,8,2.3
2026-03-30,country_sourdough,Country Sourdough,Bread,evening,14,1.9461538461538461
2026-03-30,country_sourdough,Country Sourdough,Bread,midday,10,1.69
2026-03-30,country_sourdough,Country Sourdough,Bread,morning,24,1.9
2026-03-30,fruit_tart,Fruit Tart,Dessert,midday,1,2.2
2026-03-30,fruit_tart,Fruit Tart,Dessert,morning,2,2.2
2026-03-30,ham_cheese_sandwich,Ham & Cheese Sandwich,Savory,midday,12,6.416666666666667
2026-03-30,ham_cheese_sandwich,Ham & Cheese Sandwich,Savory,morning,8,4.5
2026-03-30,pain_au_chocolat,Pain au Chocolat,Pastry,evening,4,1.3
2026-03-30,pain_au_chocolat,Pain au Chocolat,Pastry,midday,1,1.3
2026-03-30,pain_au_chocolat,Pain au Chocolat,Pastry,morning,33,1.3
2026-03-30,traditional_baguette,Traditional Baguette,Bread,evening,22,1.1176470588235294
2026-03-30,traditional_baguette,Traditional Baguette,Bread,midday,93,1.2385714285714287
2026-03-30,traditional_baguette,Traditional Baguette,Bread,morning,134,1.24
2026-03-31,butter_croissant,Butter Croissant,Pastry,evening,5,1.3333333333333333
2026-03-31,butter_croissant,Butter Croissant,Pastry,midday,10,1.4
2026-03-31,butter_croissant,Butter Croissant,Pastry,morning,32,1.3
2026-03-31,chocolate_cookie,Chocolate Cookie,Dessert,evening,2,1.15
2026-03-31,chocolate_cookie,Chocolate Cookie,Dessert,midday,6,1.15
2026-03-31,coffee_bun_sweet_bun,Coffee Bun / Sweet Bun,Pastry,evening,2,2.3
2026-03-31,coffee_bun_sweet_bun,Coffee Bun / Sweet Bun,Pastry,midday,7,4.533333333333334
2026-03-31,coffee_bun_sweet_bun,Coffee Bun / Sweet Bun,Pastry,morning,1,2.3
2026-03-31,country_sourdough,Country Sourdough,Bread,evening,8,1.3666666666666665
2026-03-31,country_sourdough,Country Sourdough,Bread,midday,13,1.8545454545454545
2026-03-31,country_sourdough,Country Sourdough,Bread,morning,22,1.90625
2026-03-31,fruit_tart,Fruit Tart,Dessert,midday,6,2.2
2026-03-31,fruit_tart,Fruit Tart,Dessert,morning,3,2.2
2026-03-31,ham_cheese_sandwich,Ham & Cheese Sandwich,Savory,midday,26,6.277777777777778
2026-03-31,ham_cheese_sandwich,Ham & Cheese Sandwich,Savory,morning,10,4.777777777777778
2026-03-31,pain_au_chocolat,Pain au Chocolat,Pastry,evening,3,1.3
2026-03-31,pain_au_chocolat,Pain au Chocolat,Pastry,midday,4,1.3
2026-03-31,pain_au_chocolat,Pain au Chocolat,Pastry,morning,30,1.3
2026-03-31,traditional_baguette,Traditional Baguette,Bread,evening,45,1.3
2026-03-31,traditional_baguette,Traditional Baguette,Bread,midday,84,1.228301886792453
2026-03-31,traditional_baguette,Traditional Baguette,Bread,morning,107,1.1977272727272728
2026-04-01,brioche,Brioche,Pastry,morning,1,6.0
2026-04-01,butter_croissant,Butter Croissant,Pastry,midday,1,1.6
2026-04-01,butter_croissant,Butter Croissant,Pastry,morning,35,1.2266666666666666
2026-04-01,chocolate_cookie,Chocolate Cookie,Dessert,midday,10,1.15
2026-04-01,coffee_bun_sweet_bun,Coffee Bun / Sweet Bun,Pastry,midday,3,5.65
2026-04-01,coffee_bun_sweet_bun,Coffee Bun / Sweet Bun,Pastry,morning,4,2.3
2026-04-01,country_sourdough,Country Sourdough,Bread,midday,7,1.9571428571428573
2026-04-01,country_sourdough,Country Sourdough,Bread,morning,13,1.4000000000000001
2026-04-01,fruit_tart,Fruit Tart,Dessert,morning,2,2.85
2026-04-01,ham_cheese_sandwich,Ham & Cheese Sandwich,Savory,midday,10,5.888888888888889
2026-04-01,ham_cheese_sandwich,Ham & Cheese Sandwich,Savory,morning,8,5.857142857142857
2026-04-01,pain_au_chocolat,Pain au Chocolat,Pastry,midday,13,1.3
2026-04-01,pain_au_chocolat,Pain au Chocolat,Pastry,morning,30,1.3000000000000003
2026-04-01,traditional_baguette,Traditional Baguette,Bread,midday,99,1.2336363636363639
2026-04-01,traditional_baguette,Traditional Baguette,Bread,morning,77,1.232
2026-04-03,brioche,Brioche,Pastry,morning,1,6.0
2026-04-03,butter_croissant,Butter Croissant,Pastry,evening,5,1.3333333333333333
2026-04-03,butter_croissant,Butter Croissant,Pastry,morning,31,1.2571428571428573
2026-04-03,chocolate_cookie,Chocolate Cookie,Dessert,evening,7,1.15
2026-04-03,chocolate_cookie,Chocolate Cookie,Dessert,midday,4,1.15
2026-04-03,chocolate_cookie,Chocolate Cookie,Dessert,morning,2,1.15
2026-04-03,coffee_bun_sweet_bun,Coffee Bun / Sweet Bun,Pastry,evening,2,2.3
2026-04-03,coffee_bun_sweet_bun,Coffee Bun / Sweet Bun,Pastry,midday,1,9.0
2026-04-03,country_sourdough,Country Sourdough,Bread,evening,21,1.685
2026-04-03,country_sourdough,Country Sourdough,Bread,midday,5,1.6
2026-04-03,country_sourdough,Country Sourdough,Bread,morning,12,1.7583333333333335
2026-04-03,fruit_tart,Fruit Tart,Dessert,evening,4,2.2
2026-04-03,fruit_tart,Fruit Tart,Dessert,midday,1,2.2
2026-04-03,fruit_tart,Fruit Tart,Dessert,morning,2,2.2
2026-04-03,ham_cheese_sandwich,Ham & Cheese Sandwich,Savory,midday,11,6.714285714285714
2026-04-03,ham_cheese_sandwich,Ham & Cheese Sandwich,Savory,morning,8,5.4
2026-04-03,pain_au_chocolat,Pain au Chocolat,Pastry,evening,8,1.3
2026-04-03,pain_au_chocolat,Pain au Chocolat,Pastry,morning,18,1.3
2026-04-03,traditional_baguette,Traditional Baguette,Bread,evening,22,1.1966666666666665
2026-04-03,traditional_baguette,Traditional Baguette,Bread,midday,61,1.2813953488372094
2026-04-03,traditional_baguette,Traditional Baguette,Bread,morning,92,1.2182692307692309
2026-04-04,brioche,Brioche,Pastry,midday,1,6.0
2026-04-04,brioche,Brioche,Pastry,morning,2,6.0
2026-04-04,butter_croissant,Butter Croissant,Pastry,evening,4,1.3333333333333333
2026-04-04,butter_croissant,Butter Croissant,Pastry,midday,6,1.4000000000000001
2026-04-04,butter_croissant,Butter Croissant,Pastry,morning,43,1.223529411764706
2026-04-04,chocolate_cookie,Chocolate Cookie,Dessert,evening,2,1.15
2026-04-04,chocolate_cookie,Chocolate Cookie,Dessert,midday,2,1.15
2026-04-04,coffee_bun_sweet_bun,Coffee Bun / Sweet Bun,Pastry,evening,1,9.0
2026-04-04,coffee_bun_sweet_bun,Coffee Bun / Sweet Bun,Pastry,morning,3,2.3
2026-04-04,country_sourdough,Country Sourdough,Bread,evening,1,1.7
2026-04-04,country_sourdough,Country Sourdough,Bread,midday,16,2.2
2026-04-04,country_sourdough,Country Sourdough,Bread,morning,19,1.64375
2026-04-04,fruit_tart,Fruit Tart,Dessert,evening,1,2.2
2026-04-04,fruit_tart,Fruit Tart,Dessert,midday,2,2.2
2026-04-04,fruit_tart,Fruit Tart,Dessert,morning,6,5.32
2026-04-04,ham_cheese_sandwich,Ham & Cheese Sandwich,Savory,midday,11,5.0
2026-04-04,ham_cheese_sandwich,Ham & Cheese Sandwich,Savory,morning,2,7.0
2026-04-04,pain_au_chocolat,Pain au Chocolat,Pastry,evening,5,1.3
2026-04-04,pain_au_chocolat,Pain au Chocolat,Pastry,midday,2,1.3
2026-04-04,pain_au_chocolat,Pain au Chocolat,Pastry,morning,23,1.3
2026-04-04,traditional_baguette,Traditional Baguette,Bread,evening,33,1.2738095238095237
2026-04-04,traditional_baguette,Traditional Baguette,Bread,midday,140,1.252027027027027
2026-04-04,traditional_baguette,Traditional Baguette,Bread,morning,89,1.195967741935484
2026-04-05,brioche,Brioche,Pastry,midday,1,6.0
2026-04-05,brioche,Brioche,Pastry,morning,2,6.0
2026-04-05,butter_croissant,Butter Croissant,Pastry,midday,5,1.6
2026-04-05,butter_croissant,Butter Croissant,Pastry,morning,77,1.2148148148148148
2026-04-05,chocolate_cookie,Chocolate Cookie,Dessert,midday,3,1.15
2026-04-05,chocolate_cookie,Chocolate Cookie,Dessert,morning,7,1.15
2026-04-05,coffee_bun_sweet_bun,Coffee Bun / Sweet Bun,Pastry,midday,10,3.9749999999999996
2026-04-05,coffee_bun_sweet_bun,Coffee Bun / Sweet Bun,Pastry,morning,2,2.3
2026-04-05,country_sourdough,Country Sourdough,Bread,midday,7,1.6285714285714286
2026-04-05,country_sourdough,Country Sourdough,Bread,morning,35,1.8344827586206898
2026-04-05,fruit_tart,Fruit Tart,Dessert,midday,7,5.55
2026-04-05,fruit_tart,Fruit Tart,Dessert,morning,8,5.371428571428572
2026-04-05,ham_cheese_sandwich,Ham & Cheese Sandwich,Savory,midday,4,4.5
2026-04-05,ham_cheese_sandwich,Ham & Cheese Sandwich,Savory,morning,7,5.0
2026-04-05,pain_au_chocolat,Pain au Chocolat,Pastry,morning,39,1.3
2026-04-05,traditional_baguette,Traditional Baguette,Bread,midday,131,1.2596385542168675
2026-04-05,traditional_baguette,Traditional Baguette,Bread,morning,188,1.2370967741935484
2026-04-06,brioche,Brioche,Pastry,morning,2,6.0
2026-04-06,butter_croissant,Butter Croissant,Pastry,evening,8,1.3599999999999999
2026-04-06,butter_croissant,Butter Croissant,Pastry,midday,4,1.5
2026-04-06,butter_croissant,Butter Croissant,Pastry,morning,44,1.2444444444444445
2026-04-06,chocolate_cookie,Chocolate Cookie,Dessert,evening,3,1.15
2026-04-06,chocolate_cookie,Chocolate Cookie,Dessert,morning,1,1.15
2026-04-06,coffee_bun_sweet_bun,Coffee Bun / Sweet Bun,Pastry,evening,2,2.3
2026-04-06,country_sourdough,Country Sourdough,Bread,evening,4,1.575
2026-04-06,country_sourdough,Country Sourdough,Bread,midday,10,1.7
2026-04-06,country_sourdough,Country Sourdough,Bread,morning,19,2.0764705882352943
2026-04-06,fruit_tart,Fruit Tart,Dessert,evening,3,2.2
2026-04-06,fruit_tart,Fruit Tart,Dessert,midday,3,2.6
2026-04-06,fruit_tart,Fruit Tart,Dessert,morning,3,8.1
2026-04-06,ham_cheese_sandwich,Ham & Cheese Sandwich,Savory,midday,20,5.8
2026-04-06,ham_cheese_sandwich,Ham & Cheese Sandwich,Savory,morning,6,4.75
2026-04-06,pain_au_chocolat,Pain au Chocolat,Pastry,evening,10,1.3
2026-04-06,pain_au_chocolat,Pain au Chocolat,Pastry,midday,2,1.3
2026-04-06,pain_au_chocolat,Pain au Chocolat,Pastry,morning,33,1.3
2026-04-06,traditional_baguette,Traditional Baguette,Bread,evening,31,1.292857142857143
2026-04-06,traditional_baguette,Traditional Baguette,Bread,midday,56,1.248
2026-04-06,traditional_baguette,Traditional Baguette,Bread,morning,102,1.2402985074626867
2026-04-07,brioche,Brioche,Pastry,morning,1,6.0
2026-04-07,butter_croissant,Butter Croissant,Pastry,evening,1,1.2
2026-04-07,butter_croissant,Butter Croissant,Pastry,midday,1,1.2
2026-04-07,butter_croissant,Butter Croissant,Pastry,morning,18,1.3333333333333333
2026-04-07,chocolate_cookie,Chocolate Cookie,Dessert,evening,1,1.15
2026-04-07,chocolate_cookie,Chocolate Cookie,Dessert,midday,2,1.15
2026-04-07,chocolate_cookie,Chocolate Cookie,Dessert,morning,3,1.15
2026-04-07,coffee_bun_sweet_bun,Coffee Bun / Sweet Bun,Pastry,evening,1,9.0
2026-04-07,coffee_bun_sweet_bun,Coffee Bun / Sweet Bun,Pastry,midday,1,9.0
2026-04-07,coffee_bun_sweet_bun,Coffee Bun / Sweet Bun,Pastry,morning,1,2.3
2026-04-07,country_sourdough,Country Sourdough,Bread,evening,6,1.6666666666666667
2026-04-07,country_sourdough,Country Sourdough,Bread,midday,5,1.64
2026-04-07,country_sourdough,Country Sourdough,Bread,morning,17,1.8411764705882354
2026-04-07,fruit_tart,Fruit Tart,Dessert,evening,2,2.2
2026-04-07,fruit_tart,Fruit Tart,Dessert,midday,8,2.2
2026-04-07,ham_cheese_sandwich,Ham & Cheese Sandwich,Savory,midday,13,5.818181818181818
2026-04-07,pain_au_chocolat,Pain au Chocolat,Pastry,evening,1,1.3
2026-04-07,pain_au_chocolat,Pain au Chocolat,Pastry,midday,1,1.3
2026-04-07,pain_au_chocolat,Pain au Chocolat,Pastry,morning,14,1.3
2026-04-07,traditional_baguette,Traditional Baguette,Bread,evening,22,1.2941176470588236
2026-04-07,traditional_baguette,Traditional Baguette,Bread,midday,51,1.2486842105263158
2026-04-07,traditional_baguette,Traditional Baguette,Bread,morning,64,1.1944444444444444
2026-04-08,brioche,Brioche,Pastry,evening,2,6.0
2026-04-08,brioche,Brioche,Pastry,midday,1,6.0
2026-04-08,butter_croissant,Butter Croissant,Pastry,evening,3,1.2
2026-04-08,butter_croissant,Butter Croissant,Pastry,midday,5,1.2
2026-04-08,butter_croissant,Butter Croissant,Pastry,morning,13,1.2666666666666666
2026-04-08,chocolate_cookie,Chocolate Cookie,Dessert,evening,3,1.15
2026-04-08,chocolate_cookie,Chocolate Cookie,Dessert,morning,1,1.15
2026-04-08,country_sourdough,Country Sourdough,Bread,evening,4,2.0
2026-04-08,country_sourdough,Country Sourdough,Bread,midday,8,2.1
2026-04-08,country_sourdough,Country Sourdough,Bread,morning,17,1.6357142857142857
2026-04-08,fruit_tart,Fruit Tart,Dessert,evening,1,2.2
2026-04-08,fruit_tart,Fruit Tart,Dessert,midday,6,2.2
2026-04-08,ham_cheese_sandwich,Ham & Cheese Sandwich,Savory,midday,12,6.5
2026-04-08,pain_au_chocolat,Pain au Chocolat,Pastry,evening,4,1.3
2026-04-08,pain_au_chocolat,Pain au Chocolat,Pastry,midday,7,1.3
2026-04-08,pain_au_chocolat,Pain au Chocolat,Pastry,morning,20,1.3
2026-04-08,traditional_baguette,Traditional Baguette,Bread,evening,26,1.291304347826087
2026-04-08,traditional_baguette,Traditional Baguette,Bread,midday,60,1.2630434782608695
2026-04-08,traditional_baguette,Traditional Baguette,Bread,morning,63,1.2178571428571427
2026-04-09,butter_croissant,Butter Croissant,Pastry,evening,6,1.4
2026-04-09,butter_croissant,Butter Croissant,Pastry,midday,5,1.2
2026-04-09,butter_croissant,Butter Croissant,Pastry,morning,18,1.24
2026-04-09,chocolate_cookie,Chocolate Cookie,Dessert,evening,4,1.15
2026-04-09,chocolate_cookie,Chocolate Cookie,Dessert,midday,1,1.15
2026-04-09,chocolate_cookie,Chocolate Cookie,Dessert,morning,4,1.15
2026-04-09,coffee_bun_sweet_bun,Coffee Bun / Sweet Bun,Pastry,midday,8,2.3
2026-04-09,country_sourdough,Country Sourdough,Bread,evening,4,1.325
2026-04-09,country_sourdough,Country Sourdough,Bread,midday,8,2.3875
2026-04-09,country_sourdough,Country Sourdough,Bread,morning,15,1.6555555555555557
2026-04-09,fruit_tart,Fruit Tart,Dessert,midday,2,2.2
2026-04-09,fruit_tart,Fruit Tart,Dessert,morning,2,2.2
2026-04-09,ham_cheese_sandwich,Ham & Cheese Sandwich,Savory,midday,11,6.444444444444445
2026-04-09,ham_cheese_sandwich,Ham & Cheese Sandwich,Savory,morning,2,5.5
2026-04-09,pain_au_chocolat,Pain au Chocolat,Pastry,evening,6,1.3
2026-04-09,pain_au_chocolat,Pain au Chocolat,Pastry,midday,4,1.3
2026-04-09,pain_au_chocolat,Pain au Chocolat,Pastry,morning,17,1.3
2026-04-09,traditional_baguette,Traditional Baguette,Bread,evening,30,1.2369565217391305
2026-04-09,traditional_baguette,Traditional Baguette,Bread,midday,37,1.22
2026-04-09,traditional_baguette,Traditional Baguette,Bread,morning,75,1.2211538461538463
2026-04-10,brioche,Brioche,Pastry,evening,1,6.0
2026-04-10,brioche,Brioche,Pastry,midday,1,6.0
2026-04-10,brioche,Brioche,Pastry,morning,1,6.0
2026-04-10,butter_croissant,Butter Croissant,Pastry,evening,2,1.2
2026-04-10,butter_croissant,Butter Croissant,Pastry,midday,3,1.4
2026-04-10,butter_croissant,Butter Croissant,Pastry,morning,38,1.2941176470588236
2026-04-10,chocolate_cookie,Chocolate Cookie,Dessert,evening,1,1.15
2026-04-10,coffee_bun_sweet_bun,Coffee Bun / Sweet Bun,Pastry,midday,3,2.3
2026-04-10,coffee_bun_sweet_bun,Coffee Bun / Sweet Bun,Pastry,morning,1,2.3
2026-04-10,country_sourdough,Country Sourdough,Bread,evening,8,2.242857142857143
2026-04-10,country_sourdough,Country Sourdough,Bread,midday,7,1.7333333333333334
2026-04-10,country_sourdough,Country Sourdough,Bread,morning,19,1.7
2026-04-10,fruit_tart,Fruit Tart,Dessert,midday,9,2.6333333333333333
2026-04-10,fruit_tart,Fruit Tart,Dessert,morning,2,2.2
2026-04-10,ham_cheese_sandwich,Ham & Cheese Sandwich,Savory,evening,1,5.0
2026-04-10,ham_cheese_sandwich,Ham & Cheese Sandwich,Savory,midday,7,5.666666666666667
2026-04-10,ham_cheese_sandwich,Ham & Cheese Sandwich,Savory,morning,1,5.0
2026-04-10,pain_au_chocolat,Pain au Chocolat,Pastry,evening,3,1.3
2026-04-10,pain_au_chocolat,Pain au Chocolat,Pastry,midday,1,1.3
2026-04-10,pain_au_chocolat,Pain au Chocolat,Pastry,morning,36,1.3
2026-04-10,traditional_baguette,Traditional Baguette,Bread,evening,41,1.2833333333333334
2026-04-10,traditional_baguette,Traditional Baguette,Bread,midday,56,1.241025641025641
2026-04-10,traditional_baguette,Traditional Baguette,Bread,morning,71,1.2190476190476192
2026-04-11,brioche,Brioche,Pastry,midday,1,6.0
2026-04-11,brioche,Brioche,Pastry,morning,1,6.0
2026-04-11,butter_croissant,Butter Croissant,Pastry,midday,1,1.2
2026-04-11,butter_croissant,Butter Croissant,Pastry,morning,52,1.2
2026-04-11,chocolate_cookie,Chocolate Cookie,Dessert,midday,6,1.15
2026-04-11,chocolate_cookie,Chocolate Cookie,Dessert,morning,1,1.15
2026-04-11,coffee_bun_sweet_bun,Coffee Bun / Sweet Bun,Pastry,midday,6,2.3
2026-04-11,coffee_bun_sweet_bun,Coffee Bun / Sweet Bun,Pastry,morning,4,2.3
2026-04-11,country_sourdough,Country Sourdough,Bread,evening,5,1.325
2026-04-11,country_sourdough,Country Sourdough,Bread,midday,11,2.0
2026-04-11,country_sourdough,Country Sourdough,Bread,morning,32,1.9666666666666668
2026-04-11,fruit_tart,Fruit Tart,Dessert,evening,1,2.2
2026-04-11,fruit_tart,Fruit Tart,Dessert,midday,4,2.6333333333333333
2026-04-11,fruit_tart,Fruit Tart,Dessert,morning,2,3.5
2026-04-11,ham_cheese_sandwich,Ham & Cheese Sandwich,Savory,midday,6,6.0
2026-04-11,ham_cheese_sandwich,Ham & Cheese Sandwich,Savory,morning,2,5.5
2026-04-11,pain_au_chocolat,Pain au Chocolat,Pastry,evening,2,1.3
2026-04-11,pain_au_chocolat,Pain au Chocolat,Pastry,midday,2,1.3
2026-04-11,pain_au_chocolat,Pain au Chocolat,Pastry,morning,36,1.3000000000000003
2026-04-11,traditional_baguette,Traditional Baguette,Bread,evening,4,1.0
2026-04-11,traditional_baguette,Traditional Baguette,Bread,midday,86,1.2509803921568627
2026-04-11,traditional_baguette,Traditional Baguette,Bread,morning,135,1.2285714285714286
2026-04-12,brioche,Brioche,Pastry,midday,1,6.0
2026-04-12,brioche,Brioche,Pastry,morning,4,6.0
2026-04-12,butter_croissant,Butter Croissant,Pastry,midday,1,1.6
2026-04-12,butter_croissant,Butter Croissant,Pastry,morning,117,1.2352941176470589
2026-04-12,chocolate_cookie,Chocolate Cookie,Dessert,midday,2,1.15
2026-04-12,coffee_bun_sweet_bun,Coffee Bun / Sweet Bun,Pastry,midday,11,3.6399999999999997
2026-04-12,coffee_bun_sweet_bun,Coffee Bun / Sweet Bun,Pastry,morning,6,5.65
2026-04-12,country_sourdough,Country Sourdough,Bread,midday,16,2.0625
2026-04-12,country_sourdough,Country Sourdough,Bread,morning,39,1.6258064516129032
2026-04-12,fruit_tart,Fruit Tart,Dessert,midday,9,3.685714285714286
2026-04-12,fruit_tart,Fruit Tart,Dessert,morning,11,4.257142857142857
2026-04-12,ham_cheese_sandwich,Ham & Cheese Sandwich,Savory,midday,4,5.0
2026-04-12,ham_cheese_sandwich,Ham & Cheese Sandwich,Savory,morning,7,4.75
2026-04-12,pain_au_chocolat,Pain au Chocolat,Pastry,morning,92,1.3000000000000003
2026-04-12,traditional_baguette,Traditional Baguette,Bread,midday,122,1.2743243243243243
2026-04-12,traditional_baguette,Traditional Baguette,Bread,morning,229,1.2338235294117648
2026-04-13,brioche,Brioche,Pastry,evening,1,6.0
2026-04-13,butter_croissant,Butter Croissant,Pastry,evening,6,1.44
2026-04-13,butter_croissant,Butter Croissant,Pastry,midday,6,1.4666666666666668
2026-04-13,butter_croissant,Butter Croissant,Pastry,morning,24,1.2285714285714284
2026-04-13,chocolate_cookie,Chocolate Cookie,Dessert,evening,2,1.15
2026-04-13,coffee_bun_sweet_bun,Coffee Bun / Sweet Bun,Pastry,evening,3,6.766666666666667
2026-04-13,coffee_bun_sweet_bun,Coffee Bun / Sweet Bun,Pastry,morning,2,2.3
2026-04-13,country_sourdough,Country Sourdough,Bread,evening,8,1.9285714285714286
2026-04-13,country_sourdough,Country Sourdough,Bread,midday,15,1.98
2026-04-13,country_sourdough,Country Sourdough,Bread,morning,21,1.6764705882352942
2026-04-13,fruit_tart,Fruit Tart,Dessert,evening,5,2.2
2026-04-13,fruit_tart,Fruit Tart,Dessert,midday,2,2.2
2026-04-13,fruit_tart,Fruit Tart,Dessert,morning,2,6.1
2026-04-13,ham_cheese_sandwich,Ham & Cheese Sandwich,Savory,evening,2,4.5
2026-04-13,ham_cheese_sandwich,Ham & Cheese Sandwich,Savory,midday,10,6.111111111111111
2026-04-13,ham_cheese_sandwich,Ham & Cheese Sandwich,Savory,morning,4,7.0
2026-04-13,pain_au_chocolat,Pain au Chocolat,Pastry,evening,2,1.3
2026-04-13,pain_au_chocolat,Pain au Chocolat,Pastry,morning,16,1.3
2026-04-13,traditional_baguette,Traditional Baguette,Bread,evening,54,1.2716216216216218
2026-04-13,traditional_baguette,Traditional Baguette,Bread,midday,45,1.24
2026-04-13,traditional_baguette,Traditional Baguette,Bread,morning,99,1.1935714285714285
2026-04-14,brioche,Brioche,Pastry,morning,1,6.0
2026-04-14,butter_croissant,Butter Croissant,Pastry,evening,1,1.6
2026-04-14,butter_croissant,Butter Croissant,Pastry,midday,3,1.2
2026-04-14,butter_croissant,Butter Croissant,Pastry,morning,17,1.2444444444444445
2026-04-14,chocolate_cookie,Chocolate Cookie,Dessert,evening,2,1.15
2026-04-14,country_sourdough,Country Sourdough,Bread,evening,4,1.825
2026-04-14,country_sourdough,Country Sourdough,Bread,midday,6,1.7399999999999998
2026-04-14,country_sourdough,Country Sourdough,Bread,morning,15,1.5642857142857143
2026-04-14,fruit_tart,Fruit Tart,Dessert,midday,1,2.2
2026-04-14,ham_cheese_sandwich,Ham & Cheese Sandwich,Savory,evening,1,4.0
2026-04-14,ham_cheese_sandwich,Ham & Cheese Sandwich,Savory,midday,16,5.923076923076923
2026-04-14,ham_cheese_sandwich,Ham & Cheese Sandwich,Savory,morning,2,4.0
2026-04-14,pain_au_chocolat,Pain au Chocolat,Pastry,evening,4,1.3
2026-04-14,pain_au_chocolat,Pain au Chocolat,Pastry,midday,7,1.3
2026-04-14,pain_au_chocolat,Pain au Chocolat,Pastry,morning,15,1.3
2026-04-14,traditional_baguette,Traditional Baguette,Bread,evening,25,1.2583333333333335
2026-04-14,traditional_baguette,Traditional Baguette,Bread,midday,35,1.2384615384615385
2026-04-14,traditional_baguette,Traditional Baguette,Bread,morning,85,1.2436170212765958
2026-04-15,brioche,Brioche,Pastry,midday,1,6.0
2026-04-15,brioche,Brioche,Pastry,morning,1,6.0
2026-04-15,butter_croissant,Butter Croissant,Pastry,midday,2,1.2
2026-04-15,butter_croissant,Butter Croissant,Pastry,morning,19,1.2
2026-04-15,chocolate_cookie,Chocolate Cookie,Dessert,midday,1,1.15
2026-04-15,coffee_bun_sweet_bun,Coffee Bun / Sweet Bun,Pastry,morning,4,2.3
2026-04-15,country_sourdough,Country Sourdough,Bread,evening,6,1.6500000000000001
2026-04-15,country_sourdough,Country Sourdough,Bread,midday,7,2.0142857142857142
2026-04-15,country_sourdough,Country Sourdough,Bread,morning,21,1.675
2026-04-15,fruit_tart,Fruit Tart,Dessert,morning,4,2.2
2026-04-15,ham_cheese_sandwich,Ham & Cheese Sandwich,Savory,midday,14,6.615384615384615
2026-04-15,ham_cheese_sandwich,Ham & Cheese Sandwich,Savory,morning,3,5.0
2026-04-15,pain_au_chocolat,Pain au Chocolat,Pastry,evening,1,1.3
2026-04-15,pain_au_chocolat,Pain au Chocolat,Pastry,morning,19,1.3
2026-04-15,traditional_baguette,Traditional Baguette,Bread,evening,32,1.2681818181818183
2026-04-15,traditional_baguette,Traditional Baguette,Bread,midday,45,1.2457142857142858
2026-04-15,traditional_baguette,Traditional Baguette,Bread,morning,74,1.1935185185185186
2026-04-16,butter_croissant,Butter Croissant,Pastry,evening,8,1.3
2026-04-16,butter_croissant,Butter Croissant,Pastry,midday,3,1.4666666666666668
2026-04-16,butter_croissant,Butter Croissant,Pastry,morning,17,1.2888888888888888
2026-04-16,chocolate_cookie,Chocolate Cookie,Dessert,evening,3,1.15
2026-04-16,chocolate_cookie,Chocolate Cookie,Dessert,midday,1,1.15
2026-04-16,chocolate_cookie,Chocolate Cookie,Dessert,morning,2,1.15
2026-04-16,coffee_bun_sweet_bun,Coffee Bun / Sweet Bun,Pastry,evening,1,2.3
2026-04-16,coffee_bun_sweet_bun,Coffee Bun / Sweet Bun,Pastry,morning,1,2.3
2026-04-16,country_sourdough,Country Sourdough,Bread,evening,7,2.2
2026-04-16,country_sourdough,Country Sourdough,Bread,midday,8,1.5714285714285714
2026-04-16,country_sourdough,Country Sourdough,Bread,morning,15,1.5916666666666668
2026-04-16,fruit_tart,Fruit Tart,Dessert,midday,2,2.2
2026-04-16,ham_cheese_sandwich,Ham & Cheese Sandwich,Savory,midday,7,5.857142857142857
2026-04-16,ham_cheese_sandwich,Ham & Cheese Sandwich,Savory,morning,10,5.285714285714286
2026-04-16,pain_au_chocolat,Pain au Chocolat,Pastry,midday,2,1.3
2026-04-16,pain_au_chocolat,Pain au Chocolat,Pastry,morning,23,1.3
2026-04-16,traditional_baguette,Traditional Baguette,Bread,evening,48,1.282258064516129
2026-04-16,traditional_baguette,Traditional Baguette,Bread,midday,45,1.1812500000000001
2026-04-16,traditional_baguette,Traditional Baguette,Bread,morning,62,1.2133333333333334
2026-04-17,butter_croissant,Butter Croissant,Pastry,evening,4,1.4
2026-04-17,butter_croissant,Butter Croissant,Pastry,midday,2,1.2
2026-04-17,butter_croissant,Butter Croissant,Pastry,morning,26,1.2615384615384615
2026-04-17,chocolate_cookie,Chocolate Cookie,Dessert,morning,2,1.15
2026-04-17,coffee_bun_sweet_bun,Coffee Bun / Sweet Bun,Pastry,evening,4,3.9749999999999996
2026-04-17,coffee_bun_sweet_bun,Coffee Bun / Sweet Bun,Pastry,midday,1,9.0
2026-04-17,coffee_bun_sweet_bun,Coffee Bun / Sweet Bun,Pastry,morning,1,2.3
2026-04-17,country_sourdough,Country Sourdough,Bread,evening,4,2.1666666666666665
2026-04-17,country_sourdough,Country Sourdough,Bread,midday,7,1.957142857142857
2026-04-17,country_sourdough,Country Sourdough,Bread,morning,14,1.6846153846153844
2026-04-17,fruit_tart,Fruit Tart,Dessert,evening,1,2.2
2026-04-17,fruit_tart,Fruit Tart,Dessert,midday,3,2.2
2026-04-17,ham_cheese_sandwich,Ham & Cheese Sandwich,Savory,midday,17,5.923076923076923
2026-04-17,ham_cheese_sandwich,Ham & Cheese Sandwich,Savory,morning,1,5.0
2026-04-17,pain_au_chocolat,Pain au Chocolat,Pastry,midday,4,1.3
2026-04-17,pain_au_chocolat,Pain au Chocolat,Pastry,morning,23,1.3
2026-04-17,traditional_baguette,Traditional Baguette,Bread,evening,51,1.247142857142857
2026-04-17,traditional_baguette,Traditional Baguette,Bread,midday,45,1.2424242424242424
2026-04-17,traditional_baguette,Traditional Baguette,Bread,morning,67,1.2357142857142858
2026-04-18,brioche,Brioche,Pastry,evening,2,6.0
2026-04-18,brioche,Brioche,Pastry,midday,1,6.0
2026-04-18,brioche,Brioche,Pastry,morning,1,6.0
2026-04-18,butter_croissant,Butter Croissant,Pastry,evening,10,1.3
2026-04-18,butter_croissant,Butter Croissant,Pastry,midday,11,1.2
2026-04-18,butter_croissant,Butter Croissant,Pastry,morning,42,1.2666666666666666
2026-04-18,chocolate_cookie,Chocolate Cookie,Dessert,evening,1,1.15
2026-04-18,chocolate_cookie,Chocolate Cookie,Dessert,morning,1,1.15
2026-04-18,coffee_bun_sweet_bun,Coffee Bun / Sweet Bun,Pastry,evening,1,9.0
2026-04-18,coffee_bun_sweet_bun,Coffee Bun / Sweet Bun,Pastry,midday,2,2.3
2026-04-18,coffee_bun_sweet_bun,Coffee Bun / Sweet Bun,Pastry,morning,3,9.0
2026-04-18,country_sourdough,Country Sourdough,Bread,evening,5,2.125
2026-04-18,country_sourdough,Country Sourdough,Bread,midday,13,1.9583333333333333
2026-04-18,country_sourdough,Country Sourdough,Bread,morning,25,2.0
2026-04-18,fruit_tart,Fruit Tart,Dessert,evening,2,10.0
2026-04-18,fruit_tart,Fruit Tart,Dessert,midday,17,7.685714285714286
2026-04-18,fruit_tart,Fruit Tart,Dessert,morning,3,6.133333333333333
2026-04-18,ham_cheese_sandwich,Ham & Cheese Sandwich,Savory,midday,13,5.7
2026-04-18,ham_cheese_sandwich,Ham & Cheese Sandwich,Savory,morning,1,5.0
2026-04-18,pain_au_chocolat,Pain au Chocolat,Pastry,evening,2,1.3
2026-04-18,pain_au_chocolat,Pain au Chocolat,Pastry,midday,3,1.3
2026-04-18,pain_au_chocolat,Pain au Chocolat,Pastry,morning,31,1.3
2026-04-18,traditional_baguette,Traditional Baguette,Bread,evening,38,1.2645833333333334
2026-04-18,traditional_baguette,Traditional Baguette,Bread,midday,93,1.2473214285714287
2026-04-18,traditional_baguette,Traditional Baguette,Bread,morning,100,1.237037037037037
2026-04-19,brioche,Brioche,Pastry,morning,5,6.0
2026-04-19,butter_croissant,Butter Croissant,Pastry,midday,12,1.4
2026-04-19,butter_croissant,Butter Croissant,Pastry,morning,75,1.2129032258064516
2026-04-19,chocolate_cookie,Chocolate Cookie,Dessert,morning,3,1.15
2026-04-19,coffee_bun_sweet_bun,Coffee Bun / Sweet Bun,Pastry,midday,9,3.6399999999999997
2026-04-19,coffee_bun_sweet_bun,Coffee Bun / Sweet Bun,Pastry,morning,7,7.325
2026-04-19,country_sourdough,Country Sourdough,Bread,midday,18,1.54
2026-04-19,country_sourdough,Country Sourdough,Bread,morning,44,1.9657894736842105
2026-04-19,fruit_tart,Fruit Tart,Dessert,midday,10,4.65
2026-04-19,fruit_tart,Fruit Tart,Dessert,morning,10,3.5
2026-04-19,pain_au_chocolat,Pain au Chocolat,Pastry,midday,4,1.3
2026-04-19,pain_au_chocolat,Pain au Chocolat,Pastry,morning,59,1.3
2026-04-19,traditional_baguette,Traditional Baguette,Bread,midday,125,1.2943037974683544
2026-04-19,traditional_baguette,Traditional Baguette,Bread,morning,185,1.230188679245283
2026-04-21,brioche,Brioche,Pastry,evening,1,6.0
2026-04-21,butter_croissant,Butter Croissant,Pastry,evening,4,1.4666666666666668
2026-04-21,butter_croissant,Butter Croissant,Pastry,midday,2,1.6
2026-04-21,butter_croissant,Butter Croissant,Pastry,morning,12,1.2
2026-04-21,chocolate_cookie,Chocolate Cookie,Dessert,evening,4,1.15
2026-04-21,chocolate_cookie,Chocolate Cookie,Dessert,midday,1,1.15
2026-04-21,chocolate_cookie,Chocolate Cookie,Dessert,morning,2,1.15
2026-04-21,coffee_bun_sweet_bun,Coffee Bun / Sweet Bun,Pastry,midday,4,2.3
2026-04-21,country_sourdough,Country Sourdough,Bread,evening,7,1.7571428571428573
2026-04-21,country_sourdough,Country Sourdough,Bread,midday,9,2.377777777777778
2026-04-21,country_sourdough,Country Sourdough,Bread,morning,18,1.61875
2026-04-21,ham_cheese_sandwich,Ham & Cheese Sandwich,Savory,midday,11,5.5
2026-04-21,ham_cheese_sandwich,Ham & Cheese Sandwich,Savory,morning,8,4.714285714285714
2026-04-21,pain_au_chocolat,Pain au Chocolat,Pastry,evening,6,1.3
2026-04-21,pain_au_chocolat,Pain au Chocolat,Pastry,morning,8,1.3
2026-04-21,traditional_baguette,Traditional Baguette,Bread,evening,34,1.2724137931034483
2026-04-21,traditional_baguette,Traditional Baguette,Bread,midday,53,1.2428571428571429
2026-04-21,traditional_baguette,Traditional Baguette,Bread,morning,74,1.222
2026-04-22,butter_croissant,Butter Croissant,Pastry,evening,1,1.2
2026-04-22,butter_croissant,Butter Croissant,Pastry,midday,6,1.28
2026-04-22,butter_croissant,Butter Croissant,Pastry,morning,17,1.28
2026-04-22,chocolate_cookie,Chocolate Cookie,Dessert,midday,2,1.15
2026-04-22,chocolate_cookie,Chocolate Cookie,Dessert,morning,1,1.15
2026-04-22,coffee_bun_sweet_bun,Coffee Bun / Sweet Bun,Pastry,evening,1,2.3
2026-04-22,coffee_bun_sweet_bun,Coffee Bun / Sweet Bun,Pastry,midday,1,2.3
2026-04-22,country_sourdough,Country Sourdough,Bread,evening,7,1.6142857142857143
2026-04-22,country_sourdough,Country Sourdough,Bread,midday,7,1.8714285714285714
2026-04-22,country_sourdough,Country Sourdough,Bread,morning,16,1.9833333333333334
2026-04-22,ham_cheese_sandwich,Ham & Cheese Sandwich,Savory,midday,15,6.333333333333333
2026-04-22,ham_cheese_sandwich,Ham & Cheese Sandwich,Savory,morning,5,5.25
2026-04-22,pain_au_chocolat,Pain au Chocolat,Pastry,evening,6,1.3
2026-04-22,pain_au_chocolat,Pain au Chocolat,Pastry,midday,6,1.3
2026-04-22,pain_au_chocolat,Pain au Chocolat,Pastry,morning,11,1.3
2026-04-22,traditional_baguette,Traditional Baguette,Bread,evening,36,1.2437500000000001
2026-04-22,traditional_baguette,Traditional Baguette,Bread,midday,36,1.27
2026-04-22,traditional_baguette,Traditional Baguette,Bread,morning,52,1.261290322580645
2026-04-23,brioche,Brioche,Pastry,midday,1,6.0
2026-04-23,butter_croissant,Butter Croissant,Pastry,evening,2,1.4
2026-04-23,butter_croissant,Butter Croissant,Pastry,midday,4,1.4666666666666668
2026-04-23,butter_croissant,Butter Croissant,Pastry,morning,28,1.2363636363636363
2026-04-23,chocolate_cookie,Chocolate Cookie,Dessert,morning,1,1.15
2026-04-23,coffee_bun_sweet_bun,Coffee Bun / Sweet Bun,Pastry,evening,3,2.3
2026-04-23,coffee_bun_sweet_bun,Coffee Bun / Sweet Bun,Pastry,morning,2,2.3
2026-04-23,country_sourdough,Country Sourdough,Bread,evening,5,1.7600000000000002
2026-04-23,country_sourdough,Country Sourdough,Bread,midday,5,1.86
2026-04-23,country_sourdough,Country Sourdough,Bread,morning,17,1.7461538461538462
2026-04-23,fruit_tart,Fruit Tart,Dessert,evening,2,2.2
2026-04-23,fruit_tart,Fruit Tart,Dessert,midday,5,2.2
2026-04-23,ham_cheese_sandwich,Ham & Cheese Sandwich,Savory,midday,8,5.75
2026-04-23,ham_cheese_sandwich,Ham & Cheese Sandwich,Savory,morning,10,5.0
2026-04-23,pain_au_chocolat,Pain au Chocolat,Pastry,midday,3,1.3
2026-04-23,pain_au_chocolat,Pain au Chocolat,Pastry,morning,20,1.3
2026-04-23,traditional_baguette,Traditional Baguette,Bread,evening,37,1.2142857142857142
2026-04-23,traditional_baguette,Traditional Baguette,Bread,midday,44,1.2275862068965517
2026-04-23,traditional_baguette,Traditional Baguette,Bread,morning,62,1.2092105263157895
2026-04-24,brioche,Brioche,Pastry,evening,1,6.0
2026-04-24,brioche,Brioche,Pastry,morning,1,6.0
2026-04-24,butter_croissant,Butter Croissant,Pastry,evening,4,1.4
2026-04-24,butter_croissant,Butter Croissant,Pastry,midday,1,1.2
2026-04-24,butter_croissant,Butter Croissant,Pastry,morning,30,1.2727272727272727
2026-04-24,chocolate_cookie,Chocolate Cookie,Dessert,evening,1,1.15
2026-04-24,coffee_bun_sweet_bun,Coffee Bun / Sweet Bun,Pastry,evening,2,5.65
2026-04-24,coffee_bun_sweet_bun,Coffee Bun / Sweet Bun,Pastry,midday,1,9.0
2026-04-24,coffee_bun_sweet_bun,Coffee Bun / Sweet Bun,Pastry,morning,1,9.0
2026-04-24,country_sourdough,Country Sourdough,Bread,evening,9,1.8777777777777775
2026-04-24,country_sourdough,Country Sourdough,Bread,midday,15,1.9
2026-04-24,country_sourdough,Country Sourdough,Bread,morning,13,1.8166666666666667
2026-04-24,fruit_tart,Fruit Tart,Dessert,evening,2,2.2
2026-04-24,fruit_tart,Fruit Tart,Dessert,midday,1,2.2
2026-04-24,ham_cheese_sandwich,Ham & Cheese Sandwich,Savory,midday,11,5.818181818181818
2026-04-24,ham_cheese_sandwich,Ham & Cheese Sandwich,Savory,morning,3,4.0
2026-04-24,pain_au_chocolat,Pain au Chocolat,Pastry,evening,4,1.3
2026-04-24,pain_au_chocolat,Pain au Chocolat,Pastry,midday,2,1.3
2026-04-24,pain_au_chocolat,Pain au Chocolat,Pastry,morning,32,1.3
2026-04-24,traditional_baguette,Traditional Baguette,Bread,evening,26,1.273529411764706
2026-04-24,traditional_baguette,Traditional Baguette,Bread,midday,55,1.2191176470588236
2026-04-24,traditional_baguette,Traditional Baguette,Bread,morning,62,1.2407894736842104
2026-04-25,brioche,Brioche,Pastry,morning,2,6.0
2026-04-25,butter_croissant,Butter Croissant,Pastry,evening,2,1.2
2026-04-25,butter_croissant,Butter Croissant,Pastry,midday,8,1.28
2026-04-25,butter_croissant,Butter Croissant,Pastry,morning,40,1.2761904761904763
2026-04-25,chocolate_cookie,Chocolate Cookie,Dessert,evening,4,1.15
2026-04-25,coffee_bun_sweet_bun,Coffee Bun / Sweet Bun,Pastry,midday,12,6.32
2026-04-25,coffee_bun_sweet_bun,Coffee Bun / Sweet Bun,Pastry,morning,2,2.3
2026-04-25,country_sourdough,Country Sourdough,Bread,evening,2,1.4
2026-04-25,country_sourdough,Country Sourdough,Bread,midday,16,1.7714285714285716
2026-04-25,country_sourdough,Country Sourdough,Bread,morning,17,1.7375
2026-04-25,fruit_tart,Fruit Tart,Dessert,evening,3,6.1
2026-04-25,fruit_tart,Fruit Tart,Dessert,morning,2,10.0
2026-04-25,ham_cheese_sandwich,Ham & Cheese Sandwich,Savory,midday,3,7.0
2026-04-25,ham_cheese_sandwich,Ham & Cheese Sandwich,Savory,morning,2,7.0
2026-04-25,pain_au_chocolat,Pain au Chocolat,Pastry,evening,1,1.3
2026-04-25,pain_au_chocolat,Pain au Chocolat,Pastry,midday,6,1.3
2026-04-25,pain_au_chocolat,Pain au Chocolat,Pastry,morning,31,1.3000000000000003
2026-04-25,traditional_baguette,Traditional Baguette,Bread,evening,47,1.2793103448275862
2026-04-25,traditional_baguette,Traditional Baguette,Bread,midday,95,1.23828125
2026-04-25,traditional_baguette,Traditional Baguette,Bread,morning,94,1.230357142857143
2026-04-26,brioche,Brioche,Pastry,morning,4,6.0
2026-04-26,butter_croissant,Butter Croissant,Pastry,midday,14,1.2
2026-04-26,butter_croissant,Butter Croissant,Pastry,morning,80,1.2275862068965517
2026-04-26,chocolate_cookie,Chocolate Cookie,Dessert,morning,8,1.15
2026-04-26,coffee_bun_sweet_bun,Coffee Bun / Sweet Bun,Pastry,midday,2,9.0
2026-04-26,coffee_bun_sweet_bun,Coffee Bun / Sweet Bun,Pastry,morning,7,2.3
2026-04-26,country_sourdough,Country Sourdough,Bread,midday,24,1.9375
2026-04-26,country_sourdough,Country Sourdough,Bread,morning,35,1.7375
2026-04-26,fruit_tart,Fruit Tart,Dessert,midday,6,2.2
2026-04-26,fruit_tart,Fruit Tart,Dessert,morning,13,6.133333333333334
2026-04-26,pain_au_chocolat,Pain au Chocolat,Pastry,midday,9,1.3
2026-04-26,pain_au_chocolat,Pain au Chocolat,Pastry,morning,53,1.3
2026-04-26,traditional_baguette,Traditional Baguette,Bread,midday,162,1.2611111111111113
2026-04-26,traditional_baguette,Traditional Baguette,Bread,morning,161,1.2335106382978724
2026-04-27,brioche,Brioche,Pastry,evening,1,6.0
2026-04-27,brioche,Brioche,Pastry,midday,1,6.0
2026-04-27,brioche,Brioche,Pastry,morning,1,6.0
2026-04-27,butter_croissant,Butter Croissant,Pastry,evening,4,1.2
2026-04-27,butter_croissant,Butter Croissant,Pastry,midday,3,1.6
2026-04-27,butter_croissant,Butter Croissant,Pastry,morning,22,1.2
2026-04-27,country_sourdough,Country Sourdough,Bread,evening,4,2.05
2026-04-27,country_sourdough,Country Sourdough,Bread,midday,9,1.9333333333333336
2026-04-27,country_sourdough,Country Sourdough,Bread,morning,12,1.5666666666666667
2026-04-27,fruit_tart,Fruit Tart,Dessert,evening,2,2.2
2026-04-27,fruit_tart,Fruit Tart,Dessert,midday,1,2.2
2026-04-27,ham_cheese_sandwich,Ham & Cheese Sandwich,Savory,midday,11,6.0
2026-04-27,ham_cheese_sandwich,Ham & Cheese Sandwich,Savory,morning,4,4.666666666666667
2026-04-27,pain_au_chocolat,Pain au Chocolat,Pastry,evening,2,1.3
2026-04-27,pain_au_chocolat,Pain au Chocolat,Pastry,midday,3,1.3
2026-04-27,pain_au_chocolat,Pain au Chocolat,Pastry,morning,17,1.3000000000000003
2026-04-27,traditional_baguette,Traditional Baguette,Bread,evening,43,1.282142857142857
2026-04-27,traditional_baguette,Traditional Baguette,Bread,midday,62,1.2270833333333333
2026-04-27,traditional_baguette,Traditional Baguette,Bread,morning,87,1.2047169811320755
2026-04-28,brioche,Brioche,Pastry,evening,2,6.0
2026-04-28,brioche,Brioche,Pastry,morning,1,6.0
2026-04-28,butter_croissant,Butter Croissant,Pastry,evening,9,1.3599999999999999
2026-04-28,butter_croissant,Butter Croissant,Pastry,morning,20,1.24
2026-04-28,chocolate_cookie,Chocolate Cookie,Dessert,evening,3,1.15
2026-04-28,chocolate_cookie,Chocolate Cookie,Dessert,morning,1,1.15
2026-04-28,coffee_bun_sweet_bun,Coffee Bun / Sweet Bun,Pastry,morning,1,2.3
2026-04-28,country_sourdough,Country Sourdough,Bread,evening,9,1.6142857142857143
2026-04-28,country_sourdough,Country Sourdough,Bread,midday,9,2.2555555555555555
2026-04-28,country_sourdough,Country Sourdough,Bread,morning,22,1.763157894736842
2026-04-28,fruit_tart,Fruit Tart,Dessert,evening,1,2.2
2026-04-28,fruit_tart,Fruit Tart,Dessert,midday,2,2.2
2026-04-28,fruit_tart,Fruit Tart,Dessert,morning,1,2.2
2026-04-28,ham_cheese_sandwich,Ham & Cheese Sandwich,Savory,midday,21,6.0
2026-04-28,ham_cheese_sandwich,Ham & Cheese Sandwich,Savory,morning,6,5.2
2026-04-28,pain_au_chocolat,Pain au Chocolat,Pastry,evening,3,1.3
2026-04-28,pain_au_chocolat,Pain au Chocolat,Pastry,morning,19,1.3
2026-04-28,traditional_baguette,Traditional Baguette,Bread,evening,48,1.2602941176470588
2026-04-28,traditional_baguette,Traditional Baguette,Bread,midday,62,1.2466666666666666
2026-04-28,traditional_baguette,Traditional Baguette,Bread,morning,76,1.2054347826086957
2026-04-29,brioche,Brioche,Pastry,morning,2,6.0
2026-04-29,butter_croissant,Butter Croissant,Pastry,midday,9,1.3333333333333333
2026-04-29,butter_croissant,Butter Croissant,Pastry,morning,13,1.2
2026-04-29,chocolate_cookie,Chocolate Cookie,Dessert,midday,1,1.15
2026-04-29,chocolate_cookie,Chocolate Cookie,Dessert,morning,3,1.15
2026-04-29,coffee_bun_sweet_bun,Coffee Bun / Sweet Bun,Pastry,evening,1,2.3
2026-04-29,country_sourdough,Country Sourdough,Bread,evening,6,1.9000000000000001
2026-04-29,country_sourdough,Country Sourdough,Bread,midday,8,1.6285714285714286
2026-04-29,country_sourdough,Country Sourdough,Bread,morning,20,1.85
2026-04-29,fruit_tart,Fruit Tart,Dessert,evening,6,2.2
2026-04-29,fruit_tart,Fruit Tart,Dessert,midday,3,2.2
2026-04-29,fruit_tart,Fruit Tart,Dessert,morning,1,2.2
2026-04-29,ham_cheese_sandwich,Ham & Cheese Sandwich,Savory,midday,15,6.153846153846154
2026-04-29,ham_cheese_sandwich,Ham & Cheese Sandwich,Savory,morning,3,4.5
2026-04-29,pain_au_chocolat,Pain au Chocolat,Pastry,evening,3,1.3
2026-04-29,pain_au_chocolat,Pain au Chocolat,Pastry,midday,3,1.3
2026-04-29,pain_au_chocolat,Pain au Chocolat,Pastry,morning,11,1.3
2026-04-29,traditional_baguette,Traditional Baguette,Bread,evening,20,1.2411764705882353
2026-04-29,traditional_baguette,Traditional Baguette,Bread,midday,60,1.2097826086956522
2026-04-29,traditional_baguette,Traditional Baguette,Bread,morning,65,1.2021739130434783
2026-04-30,brioche,Brioche,Pastry,morning,2,6.0
2026-04-30,butter_croissant,Butter Croissant,Pastry,evening,3,1.2
2026-04-30,butter_croissant,Butter Croissant,Pastry,midday,5,1.2
2026-04-30,butter_croissant,Butter Croissant,Pastry,morning,20,1.2363636363636363
2026-04-30,chocolate_cookie,Chocolate Cookie,Dessert,evening,5,1.15
2026-04-30,chocolate_cookie,Chocolate Cookie,Dessert,morning,2,1.15
2026-04-30,country_sourdough,Country Sourdough,Bread,evening,11,2.27
2026-04-30,country_sourdough,Country Sourdough,Bread,midday,8,1.7625000000000002
2026-04-30,country_sourdough,Country Sourdough,Bread,morning,16,1.6666666666666667
2026-04-30,fruit_tart,Fruit Tart,Dessert,evening,3,2.2
2026-04-30,ham_cheese_sandwich,Ham & Cheese Sandwich,Savory,midday,6,5.5
2026-04-30,ham_cheese_sandwich,Ham & Cheese Sandwich,Savory,morning,7,4.666666666666667
2026-04-30,pain_au_chocolat,Pain au Chocolat,Pastry,evening,10,1.3
2026-04-30,pain_au_chocolat,Pain au Chocolat,Pastry,midday,5,1.3
2026-04-30,pain_au_chocolat,Pain au Chocolat,Pastry,morning,21,1.3
2026-04-30,traditional_baguette,Traditional Baguette,Bread,evening,40,1.288888888888889
2026-04-30,traditional_baguette,Traditional Baguette,Bread,midday,63,1.2361702127659575
2026-04-30,traditional_baguette,Traditional Baguette,Bread,morning,75,1.2341463414634146
